[13:56:40] [main/INFO]: Loading Minecraft 1.20.1 with Fabric Loader 0.16.0
[13:56:41] [ForkJoinPool-1-worker-8/WARN]: Mod creategoggles uses the version 0.5.5.g which isn't compatible with Loader's extended semantic version format (Could not parse version number component 'g'!), SemVer is recommended for reliably evaluating dependencies and prioritizing newer version
[13:56:41] [ForkJoinPool-1-worker-8/WARN]: Mod mr_dungeons_andtaverns uses the version 3.0.3.f which isn't compatible with Loader's extended semantic version format (Could not parse version number component 'f'!), SemVer is recommended for reliably evaluating dependencies and prioritizing newer version
[13:56:42] [main/WARN]: Warnings were found!
 - Mod 'Concurrent Chunk Management Engine' (c2me) 0.2.0+alpha.11.18 conflicts with any version of mod 'Better chunk loading mod' (betterchunkloading), which is present with the following versions: 1.20.1-4.3!
	 - While this won't prevent you from starting the game, the developer(s) of mod 'Concurrent Chunk Management Engine' (c2me) have found that this combination may cause issues. You should remove one of the mods or check for updates that resolve the issue.
 - Mod 'Create Enchantment Industry' (create_enchantment_industry) 1.2.16 recommends version 0.5.1-f-build.1335+mc1.20.1 of mod 'Create' (create), but only the wrong version is present: 0.5.1-f-build.1417+mc1.20.1!
	 - You should install version 0.5.1-f-build.1335+mc1.20.1 of mod 'Create' (create) for the optimal experience.
 - Mod 'Debugify' (debugify) 1.20.1+2.0 recommends any 3.x version of yet-another-config-lib, which is missing!
	 - You should install any 3.x version of yet-another-config-lib for the optimal experience.
[13:56:42] [main/INFO]: Loading 261 mods:
	- ad_astra 1.15.20
	   \-- javazoom_jlayer 1.0.1
	- alternate-current 1.7.0
	- appleskin 2.5.1+mc1.20
	- aquamirae 6
	- architectury 9.2.14
	- badpackets 0.4.3
	- bclib 3.0.14
	   \-- wunderlib 1.1.5
	- betteradvancements 0.4.2.10
	- betterchunkloading 1.20.1-4.3
	- botarium 2.3.4
	   \-- team_reborn_energy 3.0.0
	- brutalbosses 1.20.1-8.5
	- c2me 0.2.0+alpha.11.18
	   |-- c2me-base 0.2.0+alpha.11.18
	   |-- c2me-client-uncapvd 0.2.0+alpha.11.18
	   |-- c2me-fixes-chunkio-threading-issues 0.2.0+alpha.11.18
	   |-- c2me-fixes-general-threading-issues 0.2.0+alpha.11.18
	   |-- c2me-fixes-worldgen-threading-issues 0.2.0+alpha.11.18
	   |-- c2me-fixes-worldgen-vanilla-bugs 0.2.0+alpha.11.18
	   |-- c2me-notickvd 0.2.0+alpha.11.18
	   |-- c2me-opts-allocs 0.2.0+alpha.11.18
	   |-- c2me-opts-chunk-access 0.2.0+alpha.11.18
	   |-- c2me-opts-chunkio 0.2.0+alpha.11.18
	   |-- c2me-opts-math 0.2.0+alpha.11.18
	   |-- c2me-opts-scheduling 0.2.0+alpha.11.18
	   |-- c2me-opts-worldgen-general 0.2.0+alpha.11.18
	   |-- c2me-opts-worldgen-vanilla 0.2.0+alpha.11.18
	   |-- c2me-rewrites-chunk-serializer 0.2.0+alpha.11.18
	   |-- c2me-rewrites-chunkio 0.2.0+alpha.11.18
	   |-- c2me-server-utils 0.2.0+alpha.11.18
	   |-- c2me-threading-chunkio 0.2.0+alpha.11.18
	   |-- c2me-threading-lighting 0.2.0+alpha.11.18
	   |-- c2me-threading-worldgen 0.2.0+alpha.11.18
	   |-- com_ibm_async_asyncutil 0.1.0
	   |-- net_objecthunter_exp4j 0.4.8
	   \-- org_threadly_threadly 7.0
	- cardinal-components 5.2.2
	   |-- cardinal-components-base 5.2.2
	   |-- cardinal-components-block 5.2.2
	   |-- cardinal-components-chunk 5.2.2
	   |-- cardinal-components-entity 5.2.2
	   |-- cardinal-components-item 5.2.2
	   |-- cardinal-components-level 5.2.2
	   |-- cardinal-components-scoreboard 5.2.2
	   \-- cardinal-components-world 5.2.2
	- carryon 2.1.2.7
	- chisel 2.0.0+mc1.20.1
	- chunksending 1.20.1-2.8
	- cloth-config 11.1.118
	   \-- cloth-basic-math 0.6.1
	- clumps 12.0.0.4
	- connectivity 1.20.1-5.6
	- continuity 3.0.0+1.20.1
	- controlling 12.0.2
	- create 0.5.1-f-build.1417+mc1.20.1
	   |-- com_electronwill_night-config_core 3.6.6
	   |-- com_electronwill_night-config_toml 3.6.6
	   |-- com_google_code_findbugs_jsr305 3.0.2
	   |-- flywheel 0.6.10-2
	   |-- milk 1.2.60
	   |    \-- dripstone_fluid_lib 3.0.2
	   |-- porting_lib_brewing 2.3.2+1.20.1
	   |-- porting_lib_models 2.3.2+1.20.1
	   |    \-- porting_lib_model_loader 2.3.2+1.20.1
	   |-- porting_lib_obj_loader 2.3.2+1.20.1
	   |    \-- porting_lib_model_loader 2.3.2+1.20.1
	   |-- porting_lib_tags 3.0
	   |-- reach-entity-attributes 2.4.0
	   \-- registrate-fabric 1.3.62-MC1.20.1
	        |-- porting_lib_data 2.1.1090+1.20
	        |    \-- porting_lib_gametest 2.1.1090+1.20
	        \-- porting_lib_model_generators 2.1.1090+1.20
	             |-- porting_lib_gametest 2.1.1090+1.20
	             \-- porting_lib_model_materials 2.1.1090+1.20
	- create_enchantment_industry 1.2.16
	   \-- create_dragon_lib 1.4.2
	- create_new_age 1.1.2
	- createaddition 1.2.4
	- creategoggles 0.5.5.g
	- cryonicconfig 1.0.0+mc1.20.1
	- cullleaves 3.2.0
	   \-- midnightlib 1.4.1
	- cupboard 1.20.1-2.7
	- debugify 1.20.1+2.0
	- decorative_blocks 4.1.3
	- deepslatecutting 1.7.0
	- diggusmaximus 1.5.9-1.20
	   \-- kyrptconfig 1.5.6-1.20
	- dynamic_fps 3.6.0
	   \-- net_lostluma_battery 1.0.1
	- easyanvils 8.0.2
	- easymagic 8.0.1
	- entityculling 1.6.6
	- expandeddelight 0.3.1
	   \-- omega-config 1.4.0+1.20.1
	- extendedgears 2.1.1-1.20.1-0.5.1.f-fabric
	- fabric-api 0.92.2+1.20.1
	   |-- fabric-api-base 0.4.31+1802ada577
	   |-- fabric-api-lookup-api-v1 1.6.36+1802ada577
	   |-- fabric-biome-api-v1 13.0.13+1802ada577
	   |-- fabric-block-api-v1 1.0.11+1802ada577
	   |-- fabric-block-view-api-v2 1.0.1+1802ada577
	   |-- fabric-blockrenderlayer-v1 1.1.41+1802ada577
	   |-- fabric-client-tags-api-v1 1.1.2+1802ada577
	   |-- fabric-command-api-v1 1.2.34+f71b366f77
	   |-- fabric-command-api-v2 2.2.13+1802ada577
	   |-- fabric-commands-v0 0.2.51+df3654b377
	   |-- fabric-containers-v0 0.1.64+df3654b377
	   |-- fabric-content-registries-v0 4.0.11+1802ada577
	   |-- fabric-convention-tags-v1 1.5.5+1802ada577
	   |-- fabric-crash-report-info-v1 0.2.19+1802ada577
	   |-- fabric-data-attachment-api-v1 1.0.0+de0fd6d177
	   |-- fabric-data-generation-api-v1 12.3.4+1802ada577
	   |-- fabric-dimensions-v1 2.1.54+1802ada577
	   |-- fabric-entity-events-v1 1.6.0+1c78457f77
	   |-- fabric-events-interaction-v0 0.6.2+1802ada577
	   |-- fabric-events-lifecycle-v0 0.2.63+df3654b377
	   |-- fabric-game-rule-api-v1 1.0.40+1802ada577
	   |-- fabric-item-api-v1 2.1.28+1802ada577
	   |-- fabric-item-group-api-v1 4.0.12+1802ada577
	   |-- fabric-key-binding-api-v1 1.0.37+1802ada577
	   |-- fabric-keybindings-v0 0.2.35+df3654b377
	   |-- fabric-lifecycle-events-v1 2.2.22+1802ada577
	   |-- fabric-loot-api-v2 1.2.1+1802ada577
	   |-- fabric-loot-tables-v1 1.1.45+9e7660c677
	   |-- fabric-message-api-v1 5.1.9+1802ada577
	   |-- fabric-mining-level-api-v1 2.1.50+1802ada577
	   |-- fabric-model-loading-api-v1 1.0.3+1802ada577
	   |-- fabric-models-v0 0.4.2+9386d8a777
	   |-- fabric-networking-api-v1 1.3.11+1802ada577
	   |-- fabric-networking-v0 0.3.51+df3654b377
	   |-- fabric-object-builder-api-v1 11.1.3+1802ada577
	   |-- fabric-particles-v1 1.1.2+1802ada577
	   |-- fabric-recipe-api-v1 1.0.21+1802ada577
	   |-- fabric-registry-sync-v0 2.3.3+1802ada577
	   |-- fabric-renderer-api-v1 3.2.1+1802ada577
	   |-- fabric-renderer-indigo 1.5.2+85287f9f77
	   |-- fabric-renderer-registries-v1 3.2.46+df3654b377
	   |-- fabric-rendering-data-attachment-v1 0.3.37+92a0d36777
	   |-- fabric-rendering-fluids-v1 3.0.28+1802ada577
	   |-- fabric-rendering-v0 1.1.49+df3654b377
	   |-- fabric-rendering-v1 3.0.8+1802ada577
	   |-- fabric-resource-conditions-api-v1 2.3.8+1802ada577
	   |-- fabric-resource-loader-v0 0.11.10+1802ada577
	   |-- fabric-screen-api-v1 2.0.8+1802ada577
	   |-- fabric-screen-handler-api-v1 1.3.30+1802ada577
	   |-- fabric-sound-api-v1 1.0.13+1802ada577
	   |-- fabric-transfer-api-v1 3.3.5+8dd72ea377
	   \-- fabric-transitive-access-wideners-v1 4.3.1+1802ada577
	- fabric-language-kotlin 1.11.0+kotlin.2.0.0
	   |-- org_jetbrains_kotlin_kotlin-reflect 2.0.0
	   |-- org_jetbrains_kotlin_kotlin-stdlib 2.0.0
	   |-- org_jetbrains_kotlin_kotlin-stdlib-jdk7 2.0.0
	   |-- org_jetbrains_kotlin_kotlin-stdlib-jdk8 2.0.0
	   |-- org_jetbrains_kotlinx_atomicfu-jvm 0.24.0
	   |-- org_jetbrains_kotlinx_kotlinx-coroutines-core-jvm 1.8.1
	   |-- org_jetbrains_kotlinx_kotlinx-coroutines-jdk8 1.8.1
	   |-- org_jetbrains_kotlinx_kotlinx-datetime-jvm 0.6.0
	   |-- org_jetbrains_kotlinx_kotlinx-serialization-cbor-jvm 1.6.3
	   |-- org_jetbrains_kotlinx_kotlinx-serialization-core-jvm 1.6.3
	   \-- org_jetbrains_kotlinx_kotlinx-serialization-json-jvm 1.6.3
	- fabricloader 0.16.0
	   \-- mixinextras 0.4.0
	- fallingleaves 1.15.6
	- farmersdelight 1.20.1-2.1.1+refabricated
	   |-- mm 2.3
	   |-- porting_lib_accessors 2.3.4+1.20.1
	   |    \-- porting_lib_core 2.3.4+1.20.1
	   |-- porting_lib_base 2.3.4+1.20.1
	   |    |-- com_electronwill_night-config_core 3.6.6
	   |    |-- com_electronwill_night-config_toml 3.6.6
	   |    |-- porting_lib_attributes 2.3.4+1.20.1
	   |    |-- porting_lib_common 2.3.4+1.20.1
	   |    |-- porting_lib_core 2.3.4+1.20.1
	   |    |-- porting_lib_entity 2.3.4+1.20.1
	   |    |-- porting_lib_fluids 2.3.4+1.20.1
	   |    |-- porting_lib_mixin_extensions 2.3.4+1.20.1
	   |    |-- porting_lib_transfer 2.3.4+1.20.1
	   |    |-- porting_lib_utility 2.3.4+1.20.1
	   |    \-- reach-entity-attributes 2.4.0
	   |-- porting_lib_client_events 2.3.4+1.20.1
	   |    \-- porting_lib_core 2.3.4+1.20.1
	   |-- porting_lib_config 2.3.4+1.20.1
	   |    |-- com_electronwill_night-config_core 3.6.6
	   |    |-- com_electronwill_night-config_toml 3.6.6
	   |    \-- porting_lib_core 2.3.4+1.20.1
	   |-- porting_lib_extensions 2.3.4+1.20.1
	   |    |-- porting_lib_attributes 2.3.4+1.20.1
	   |    |-- porting_lib_common 2.3.4+1.20.1
	   |    |-- porting_lib_core 2.3.4+1.20.1
	   |    \-- reach-entity-attributes 2.4.0
	   |-- porting_lib_lazy_registration 2.3.4+1.20.1
	   |    \-- porting_lib_core 2.3.4+1.20.1
	   |-- porting_lib_loot 2.3.4+1.20.1
	   |    \-- porting_lib_core 2.3.4+1.20.1
	   |-- porting_lib_networking 2.3.4+1.20.1
	   |    \-- porting_lib_core 2.3.4+1.20.1
	   |-- porting_lib_recipe_book_categories 2.3.4+1.20.1
	   |    \-- porting_lib_core 2.3.4+1.20.1
	   |-- porting_lib_registries 2.3.4+1.20.1
	   |    \-- porting_lib_core 2.3.4+1.20.1
	   \-- porting_lib_tool_actions 2.3.4+1.20.1
	        \-- porting_lib_core 2.3.4+1.20.1
	- ferritecore 6.0.1
	- fish_n_ships 1.0.0
	- forgeconfigapiport 8.0.0
	- geckolib 4.8.4
	   \-- com_eliotlash_mclib_mclib 20
	- gpumemleakfix 1.20.1-1.8
	- handcrafted 3.0.6
	- immediatelyfast 1.5.5+1.20.4
	   \-- net_lenni0451_reflect 1.6.2
	- indium 1.0.34+mc1.20.1
	- inventorysorter 1.9.0-1.20
	   \-- kyrptconfig 1.5.6-1.20
	- iris 1.7.2+mc1.20.1
	   |-- fabric-api-base 0.4.31+1802ada577
	   |-- fabric-key-binding-api-v1 1.0.37+1802ada577
	   |-- io_github_douira_glsl-transformer 2.0.1
	   |-- org_anarres_jcpp 1.4.14
	   \-- org_antlr_antlr4-runtime 4.13.1
	- java 17
	- krypton 0.2.3
	   \-- com_velocitypowered_velocity-native 3.2.0-SNAPSHOT
	- lazydfu 0.1.3
	- lithium 0.11.2
	- lmft 1.1.1+1.21.9
	- minecraft 1.20.1
	- miningspeedtooltips 1.0.0
	- modmenu 7.2.2
	- mousetweaks 2.26
	- mr_dungeons_andtaverns 3.0.3.f
	- obscure_api 16
	- opaccreatesupport 1.6.0
	- openpartiesandclaims 0.23.1
	- patchouli 1.20.1-84-FABRIC
	   \-- fiber 0.23.0-2
	- puzzleslib 8.1.33
	   \-- puzzlesaccessapi 20.1.1
	- railways 1.6.4+fabric-mc1.20.1
	   \-- mm 2.3
	- rare-ice 0.6.0
	- reeses-sodium-options 1.7.2+mc1.20.1-build.101
	- resourcefulconfig 2.1.3
	- resourcefullib 2.1.29
	   |-- com_teamresourceful_bytecodecs 1.0.2
	   \-- com_teamresourceful_yabn 1.0.3
	- roughlyenoughitems 12.1.725
	   \-- error_notifier 1.0.9
	- searchables 1.0.3
	- sliceanddice 3.2.3
	- smoke_suppression 1.0.16
	   \-- crowdin-translate 1.4+1.19.3
	- smoothchunk 1.20.1-3.6
	- sodium 0.5.11+mc1.20.1
	   |-- fabric-api-base 0.4.31+1802ada577
	   |-- fabric-block-view-api-v2 1.0.1+1802ada577
	   |-- fabric-rendering-data-attachment-v1 0.3.37+92a0d36777
	   |-- fabric-rendering-fluids-v1 3.0.28+1802ada577
	   \-- fabric-resource-loader-v0 0.11.10+1802ada577
	- sodium-extra 0.5.4+mc1.20.1-build.115
	   |-- caffeineconfig 1.3.0+1.17
	   \-- crowdin-translate 1.4+1.19.3
	- spark 1.10.53
	- starlight 1.1.2+fabric.dbc156f
	- structureessentials 1.20.1-5.0
	- thiccpackets 1.17-1.19+
	- txnilib 1.0.24
	- usefulbackpacks 2.0.1.122
	- uteamcore 5.1.4.312
	- wthit 8.13.2
	- yet_another_config_lib_v3 3.5.0+1.20.1-fabric
	   |-- com_twelvemonkeys_common_common-image 3.10.0
	   |-- com_twelvemonkeys_common_common-io 3.10.0
	   |-- com_twelvemonkeys_common_common-lang 3.10.0
	   |-- com_twelvemonkeys_imageio_imageio-core 3.10.0
	   |-- com_twelvemonkeys_imageio_imageio-metadata 3.10.0
	   |-- com_twelvemonkeys_imageio_imageio-webp 3.10.0
	   |-- org_quiltmc_parsers_gson 0.2.1
	   \-- org_quiltmc_parsers_json 0.2.1
	- yigd 2.0.0-beta.13
	   |-- fabric-permissions-api-v0 0.2-SNAPSHOT
	   \-- libgui 8.1.1+1.20.1
	        |-- jankson 6.0.0+j1.2.3
	        |    \-- blue_endless_jankson 1.2.3
	        \-- libninepatch 1.2.0
	- yjas 1.0.5+mc1.20
	- zoomify 2.14.0+1.20.1
	   \-- com_akuleshov7_ktoml-core-jvm 0.5.1
[13:56:45] [main/INFO]: SpongePowered MIXIN Subsystem Version=0.8.7 Source=file:/D:/CURSEFORGE/Install/libraries/net/fabricmc/sponge-mixin/0.15.0+mixin.0.8.7/sponge-mixin-0.15.0+mixin.0.8.7.jar Service=Knot/Fabric Env=CLIENT
[13:56:46] [main/INFO]: Compatibility level set to JAVA_17
[13:56:47] [main/INFO]: Initializing com.ishland.c2me.base.mixin
[13:56:47] [main/INFO]: Updating config from 0 to 1
[13:56:47] [main/INFO]: Updating config from 1 to 2
[13:56:47] [main/INFO]: Updating config from 2 to 3
[13:56:47] [main/INFO]: Initializing com.ishland.c2me.client.uncapvd.mixin
[13:56:47] [main/INFO]: Initializing com.ishland.c2me.fixes.chunkio.threading_issues.mixin
[13:56:47] [main/INFO]: Initializing com.ishland.c2me.fixes.general.threading_issues.mixin
[13:56:47] [main/INFO]: Initializing com.ishland.c2me.fixes.worldgen.threading_issues.mixin
[13:56:47] [main/INFO]: Initializing com.ishland.c2me.fixes.worldgen.vanilla_bugs.mixin
[13:56:47] [main/INFO]: Initializing com.ishland.c2me.notickvd.mixin
[13:56:47] [main/INFO]: Initializing com.ishland.c2me.opts.allocs.mixin
[13:56:47] [main/INFO]: Initializing com.ishland.c2me.opts.chunk_access.mixin
[13:56:47] [main/INFO]: Initializing com.ishland.c2me.opts.chunkio.mixin
[13:56:47] [main/INFO]: Initializing com.ishland.c2me.opts.math.mixin
[13:56:47] [main/INFO]: Initializing com.ishland.c2me.opts.scheduling.mixin
[13:56:47] [main/INFO]: Initializing com.ishland.c2me.opts.worldgen.general.mixin
[13:56:47] [main/INFO]: Initializing com.ishland.c2me.opts.worldgen.vanilla.mixin
[13:56:47] [main/INFO]: Initializing com.ishland.c2me.rewrites.chunk_serializer.mixin
[13:56:47] [main/INFO]: Disabling config ioSystem.gcFreeChunkSerializer: Incompatible with architectury@9.2.14 (*) (defined in c2me)
[13:56:47] [main/INFO]: Disabling com.ishland.c2me.rewrites.chunk_serializer.mixin
[13:56:47] [main/INFO]: Initializing com.ishland.c2me.rewrites.chunkio.mixin
[13:56:47] [main/INFO]: Disabling com.ishland.c2me.rewrites.chunkio.mixin
[13:56:47] [main/INFO]: Initializing com.ishland.c2me.server.utils.mixin
[13:56:47] [main/INFO]: Initializing com.ishland.c2me.threading.chunkio.mixin
[13:56:47] [main/INFO]: Initializing com.ishland.c2me.threading.lighting.mixin
[13:56:47] [main/INFO]: Initializing com.ishland.c2me.threading.worldgen.mixin
[13:56:47] [main/INFO]: Disabling com.ishland.c2me.threading.worldgen.mixin
[13:56:48] [main/INFO]: Preloading Debugify
[13:56:48] [main/INFO]: Loaded configuration file for Lithium: 115 options available, 2 override(s) found
[13:56:48] [main/WARN]: Reference map 'puzzlesaccessapi.common.refmap.json' for puzzlesaccessapi.common.mixins.json could not be read. If this is a development environment you can ignore this message
[13:56:48] [main/WARN]: Reference map 'puzzlesaccessapi.fabric.refmap.json' for puzzlesaccessapi.fabric.mixins.json could not be read. If this is a development environment you can ignore this message
[13:56:48] [main/INFO]: Loaded configuration file for Sodium: 42 options available, 3 override(s) found
[13:56:48] [main/INFO]: Loaded configuration file for Sodium Extra: 34 options available, 0 override(s) found
[13:56:50] [main/WARN]: Error loading class: io/vram/frex/base/renderer/context/render/EntityBlockRenderContext (java.lang.ClassNotFoundException: io/vram/frex/base/renderer/context/render/EntityBlockRenderContext)
[13:56:50] [main/WARN]: @Mixin target io.vram.frex.base.renderer.context.render.EntityBlockRenderContext was not found porting_lib_base.mixins.json:client.frex.EntityBlockRenderContextMixin from mod porting_lib_base
[13:56:51] [main/WARN]: Error loading class: net/caffeinemc/sodium/config/user/UserConfigCategories (java.lang.ClassNotFoundException: net/caffeinemc/sodium/config/user/UserConfigCategories)
[13:56:52] [main/WARN]: Force disabled MC-121772 because it only applies to OS: MAC
[13:56:52] [main/WARN]: Force disabled MC-122477 because it only applies to OS: LINUX
[13:56:52] [main/WARN]: Force disabled MC-176559 because it's conflicting with: fabric-api
[13:56:52] [main/WARN]: Force disabled MC-22882 because it only applies to OS: MAC
[13:56:53] [main/WARN]: Force-disabling mixin 'alloc.blockstate.StateMixin' as rule 'mixin.alloc.blockstate' (added by mods [ferritecore]) disables it and children
[13:56:53] [main/WARN]: Force-disabling mixin 'world.player_chunk_tick.ThreadedAnvilChunkStorageMixin' as rule 'mixin.world.player_chunk_tick' (added by mods [c2me, krypton]) disables it and children
[13:56:54] [main/WARN]: Error loading class: net/minecraft/class_3494$class_3495 (java.lang.ClassNotFoundException: net/minecraft/class_3494$class_3495)
[13:56:54] [main/WARN]: Error loading class: dev/latvian/mods/kubejs/recipe/RecipesEventJS (java.lang.ClassNotFoundException: dev/latvian/mods/kubejs/recipe/RecipesEventJS)
[13:56:54] [main/WARN]: @Mixin target dev.latvian.mods.kubejs.recipe.RecipesEventJS was not found sliceanddice.mixins.json:RecipeEventJSMixin from mod sliceanddice
[13:56:54] [main/WARN]: Force-disabling mixin 'features.render.entity.CuboidMixin' as rule 'mixin.features.render.entity' (added by mods [iris]) disables it and children
[13:56:54] [main/WARN]: Force-disabling mixin 'features.render.entity.ModelPartMixin' as rule 'mixin.features.render.entity' (added by mods [iris]) disables it and children
[13:56:54] [main/WARN]: Force-disabling mixin 'features.render.entity.cull.EntityRendererMixin' as rule 'mixin.features.render.entity' (added by mods [iris]) disables it and children
[13:56:54] [main/WARN]: Force-disabling mixin 'features.render.entity.shadows.EntityRenderDispatcherMixin' as rule 'mixin.features.render.entity' (added by mods [iris]) disables it and children
[13:56:54] [main/WARN]: Force-disabling mixin 'features.render.gui.font.GlyphRendererMixin' as rule 'mixin.features.render.gui.font' (added by mods [iris]) disables it and children
[13:56:54] [main/WARN]: Force-disabling mixin 'features.render.world.sky.BackgroundRendererMixin' as rule 'mixin.features.render.world.sky' (added by mods [iris]) disables it and children
[13:56:54] [main/WARN]: Force-disabling mixin 'features.render.world.sky.ClientWorldMixin' as rule 'mixin.features.render.world.sky' (added by mods [iris]) disables it and children
[13:56:54] [main/WARN]: Force-disabling mixin 'features.render.world.sky.WorldRendererMixin' as rule 'mixin.features.render.world.sky' (added by mods [iris]) disables it and children
[13:56:55] [main/INFO]: Loaded config for: structureessentials.json
[13:56:55] [main/WARN]: Error loading class: com/beansgalaxy/backpacks/compat/TrinketsRegistry$1 (java.lang.ClassNotFoundException: com/beansgalaxy/backpacks/compat/TrinketsRegistry$1)
[13:56:55] [main/WARN]: Error loading class: com/tiviacz/travelersbackpack/compat/trinkets/TravelersBackpackTrinket (java.lang.ClassNotFoundException: com/tiviacz/travelersbackpack/compat/trinkets/TravelersBackpackTrinket)
[13:56:55] [main/WARN]: Error loading class: net/caffeinemc/sodium/config/user/UserConfigCategories (java.lang.ClassNotFoundException: net/caffeinemc/sodium/config/user/UserConfigCategories)
[13:56:55] [main/WARN]: Error loading class: net/caffeinemc/sodium/config/user/UserConfigCategories (java.lang.ClassNotFoundException: net/caffeinemc/sodium/config/user/UserConfigCategories)
[13:56:57] [main/WARN]: Error loading class: org/jetbrains/annotations/ApiStatus$Internal (java.lang.ClassNotFoundException: org/jetbrains/annotations/ApiStatus$Internal)
[13:56:58] [main/INFO]: Searching for graphics cards...
[13:56:59] [main/INFO]: Found graphics adapter: AdapterInfo{vendor=NVIDIA, description='GeForce GT 640', adapterType=0x00000303, openglIcdFilePath='C:\WINDOWS\System32\DriverStore\FileRepository\nv_dispi.inf_amd64_1c83a5d7cffd7bff\nvoglv64.dll', openglIcdVersion=27.21.14.5671}
[13:56:59] [main/INFO]: Found graphics adapter: AdapterInfo{vendor=INTEL, description='Intel(R) HD Graphics 4000', adapterType=0x0000000B, openglIcdFilePath='ig7icd64.dll', openglIcdVersion=10.18.10.5161}
[13:56:59] [main/WARN]: Sodium has applied one or more workarounds to prevent crashes or other issues on your system: [NVIDIA_THREADED_OPTIMIZATIONS]
[13:56:59] [main/WARN]: This is not necessarily an issue, but it may result in certain features or optimizations being disabled. You can sometimes fix these issues by upgrading your graphics driver.
[13:56:59] [main/INFO]: Initializing MixinExtras via com.llamalad7.mixinextras.service.MixinExtrasServiceImpl(version=0.4.0).
[13:57:05] [main/WARN]: @Inject(@At("INVOKE")) Shift.BY=2 on porting_lib_entity.mixins.json:common.LivingEntityMixin from mod porting_lib_entity::handler$enp000$porting_lib_entity$port_lib$onFinishUsing exceeds the maximum allowed value: 0. Increase the value of maxShiftBy to suppress this warning.
[13:57:06] [main/WARN]: Method overwrite conflict for getEntityManager in spark.mixins.json:ClientWorldAccessor from mod spark, previously written by me.jellysquid.mods.lithium.mixin.chunk.entity_class_groups.ClientWorldMixin. Skipping method.
[13:57:24] [Render thread/INFO]: Environment: authHost='https://authserver.mojang.com', accountsHost='https://api.mojang.com', sessionHost='https://sessionserver.mojang.com', servicesHost='https://api.minecraftservices.com', name='PROD'
[13:57:26] [Render thread/INFO]: Setting user: JONSZIN
[13:57:29] [Render thread/ERROR]: No data fixer registered for tier_1_rover
[13:57:29] [Render thread/ERROR]: No data fixer registered for tier_1_rocket
[13:57:29] [Render thread/ERROR]: No data fixer registered for tier_2_rocket
[13:57:29] [Render thread/ERROR]: No data fixer registered for tier_3_rocket
[13:57:29] [Render thread/ERROR]: No data fixer registered for tier_4_rocket
[13:57:29] [Render thread/ERROR]: No data fixer registered for lander
[13:57:29] [Render thread/ERROR]: No data fixer registered for lunarian
[13:57:29] [Render thread/ERROR]: No data fixer registered for corrupted_lunarian
[13:57:29] [Render thread/ERROR]: No data fixer registered for star_crawler
[13:57:29] [Render thread/ERROR]: No data fixer registered for martian_raptor
[13:57:29] [Render thread/ERROR]: No data fixer registered for pygro
[13:57:29] [Render thread/ERROR]: No data fixer registered for zombified_pygro
[13:57:29] [Render thread/ERROR]: No data fixer registered for pygro_brute
[13:57:29] [Render thread/ERROR]: No data fixer registered for mogler
[13:57:29] [Render thread/ERROR]: No data fixer registered for zombified_mogler
[13:57:29] [Render thread/ERROR]: No data fixer registered for lunarian_wandering_trader
[13:57:29] [Render thread/ERROR]: No data fixer registered for sulfur_creeper
[13:57:29] [Render thread/ERROR]: No data fixer registered for glacian_ram
[13:57:29] [Render thread/ERROR]: No data fixer registered for ice_spit
[13:57:30] [Render thread/INFO]: [bclib] Added Config bclib.generator to auto sync (file hash)
[13:57:30] [Render thread/INFO]: [bclib] Added Config bclib.main to auto sync (content diff)
[13:57:30] [Render thread/INFO]: [bclib] Added Config bclib.biomes to auto sync (file hash)
[13:57:30] [Render thread/INFO]: betterchunkloading mod initialized
[13:57:31] [Render thread/INFO]: Brutal bosses initialized
[13:57:31] [Render thread/INFO]: Loaded config for: chunksending.json
[13:57:31] [Render thread/INFO]: chunksending mod initialized
[13:57:31] [Render thread/INFO]: Connectivity initialized
[13:57:37] [Render thread/INFO]: Create: Dragon Lib Create Dragon Lib has initialized, ready to support your Create add-ons!
[13:57:37] [Render thread/INFO]: CEI: hyper_experience_orb got converted to hyper_experience_orb
[13:57:37] [Render thread/INFO]: CEI: hyper_experience_bottle got converted to hyper_experience_bottle
[13:57:38] [Render thread/INFO]: Hello 1.20.1 Create!
[13:57:38] [Render thread/WARN]: Configuration file D:\CURSEFORGE\Instances\Create Optimized [FABRIC]\config\create_new_age-client.toml is not correct. Correcting
[13:57:38] [Render thread/WARN]: Incorrect key wireSectionsPerMeter was corrected from null to its default, 10. 
[13:57:38] [Render thread/WARN]: Incorrect key wireThickness was corrected from null to its default, 0.03. 
[13:57:38] [Render thread/WARN]: Configuration file D:\CURSEFORGE\Instances\Create Optimized [FABRIC]\config\create_new_age-common.toml is not correct. Correcting
[13:57:38] [Render thread/WARN]: Incorrect key suToEnergy was corrected from null to its default, 0.029296875. 
[13:57:38] [Render thread/WARN]: Incorrect key maxCoils was corrected from null to its default, 8. 
[13:57:38] [Render thread/WARN]: Incorrect key maxRodsInDirection was corrected from null to its default, 32. 
[13:57:38] [Render thread/WARN]: Incorrect key conductivityMultiplier was corrected from null to its default, 1.0. 
[13:57:38] [Render thread/WARN]: Incorrect key maxPathfindingDepth was corrected from null to its default, 32. 
[13:57:38] [Render thread/WARN]: Incorrect key energiserSpeedMultiplier was corrected from null to its default, 1.0. 
[13:57:38] [Render thread/WARN]: Incorrect key overheatingMultiplier was corrected from null to its default, 1.0. 
[13:57:38] [Render thread/WARN]: Incorrect key passiveHeatSourceMultiplier was corrected from null to its default, 1.0. 
[13:57:38] [Render thread/WARN]: Incorrect key passivePipeHeatLoss was corrected from null to its default, 1.0. 
[13:57:38] [Render thread/WARN]: Incorrect key boilerRequiredHeatMultiplier was corrected from null to its default, 1.0. 
[13:57:38] [Render thread/WARN]: Incorrect key ReactorRodHeat was corrected from null to its default, 30.0. 
[13:57:38] [Render thread/WARN]: Incorrect key ReactorRodHeatLoss was corrected from null to its default, 25.0. 
[13:57:38] [Render thread/WARN]: Incorrect key solarPanelHeatMultiplier was corrected from null to its default, 1.0. 
[13:57:38] [Render thread/WARN]: Incorrect key maxWireLength was corrected from null to its default, 16. 
[13:57:38] [Render thread/WARN]: Incorrect key Motors was corrected from null to its default, SimpleCommentedConfig:{}. 
[13:57:38] [Render thread/WARN]: Incorrect key Motors.motorSuMultiplier was corrected from null to its default, 1.0. 
[13:57:38] [Render thread/WARN]: Incorrect key Motors.basicMotorCapacity was corrected from null to its default, 16000. 
[13:57:38] [Render thread/WARN]: Incorrect key Motors.advancedMotorCapacity was corrected from null to its default, 64000. 
[13:57:38] [Render thread/WARN]: Incorrect key Motors.reinforcedMotorCapacity was corrected from null to its default, 128000. 
[13:57:38] [Render thread/WARN]: Incorrect key Motors.basicMotorSpeed was corrected from null to its default, 128.0. 
[13:57:38] [Render thread/WARN]: Incorrect key Motors.advancedMotorSpeed was corrected from null to its default, 256.0. 
[13:57:38] [Render thread/WARN]: Incorrect key Motors.reinforcedMotorSpeed was corrected from null to its default, 256.0. 
[13:57:38] [Render thread/WARN]: Incorrect key Motors.basicMotorStress was corrected from null to its default, 512.0. 
[13:57:38] [Render thread/WARN]: Incorrect key Motors.advancedMotorStress was corrected from null to its default, 2048.0. 
[13:57:38] [Render thread/WARN]: Incorrect key Motors.reinforcedMotorStress was corrected from null to its default, 8192.0. 
[13:57:38] [Render thread/WARN]: Incorrect key Motor Extensions was corrected from null to its default, SimpleCommentedConfig:{}. 
[13:57:38] [Render thread/WARN]: Incorrect key Motor Extensions.basicMotorExtensionMultiplier was corrected from null to its default, 2.0. 
[13:57:38] [Render thread/WARN]: Incorrect key Motor Extensions.advancedMotorExtensionMultiplier was corrected from null to its default, 8.0. 
[13:57:38] [Render thread/WARN]: Incorrect key Motor Extensions.basicMotorExtensionExtraCapacity was corrected from null to its default, 64000. 
[13:57:38] [Render thread/WARN]: Incorrect key Motor Extensions.advancedMotorExtensionExtraCapacity was corrected from null to its default, 256000. 
[13:57:38] [Render thread/WARN]: Incorrect key Motor Extensions.basicMotorExtensionScrollStep was corrected from null to its default, 1. 
[13:57:38] [Render thread/WARN]: Incorrect key Motor Extensions.advancedMotorExtensionScrollStep was corrected from null to its default, 8. 
[13:57:38] [Render thread/WARN]: Tried to register an overly high cookTime: 57600 > 32767! (air)
[13:57:38] [Render thread/INFO]: [STDOUT]: Create Crafts & Additions Initialized!
[13:57:38] [Render thread/INFO]: CreateGoggles init
[13:57:38] [Render thread/INFO]: cgblocks
[13:57:38] [Render thread/INFO]: cgitems
[13:57:38] [Render thread/INFO]: cgblockentities
[13:57:38] [Render thread/INFO]: ResourceKey[minecraft:trim_pattern / creategoggles:goggle]
[13:57:38] [Render thread/INFO]: ResourceKey[minecraft:trim_material / creategoggles:goggle_material]
[13:57:38] [Render thread/INFO]: ResourceKey[minecraft:root / minecraft:trim_pattern]
[13:57:38] [Render thread/INFO]: CGItemModifiers register false
[13:57:38] [Render thread/INFO]: Registering S2C receiver with id creategoggles:sync_goggles
[13:57:38] [Render thread/INFO]: CreateGogglesFabric init
[13:57:38] [Render thread/INFO]: Loaded config for: cupboard.json
[13:57:38] [Render thread/INFO]: Enabled 66 bug fixes: [MC-577, MC-2025, MC-4490, MC-7569, MC-8187, MC-12829, MC-14923, MC-22882, MC-30391, MC-31819, MC-46766, MC-55347, MC-69216, MC-72151, MC-79545, MC-80859, MC-88371, MC-89146, MC-90084, MC-90683, MC-93018, MC-93384, MC-100991, MC-108948, MC-111516, MC-112730, MC-116379, MC-119417, MC-119754, MC-121706, MC-121772, MC-121903, MC-122477, MC-122627, MC-123739, MC-124117, MC-127970, MC-129909, MC-132878, MC-135971, MC-140646, MC-143474, MC-155509, MC-159163, MC-160095, MC-165381, MC-176559, MC-179072, MC-183776, MC-183990, MC-193343, MC-197260, MC-199467, MC-200418, MC-206922, MC-215530, MC-215531, MC-217716, MC-223153, MC-224729, MC-227169, MC-231097, MC-231743, MC-232869, MC-237493, MC-263865]
[13:57:38] [Render thread/INFO]: Successfully Debugify'd your game!
[13:57:38] [Render thread/ERROR]: No data fixer registered for decorative_blocks:dummy
[13:57:39] [Render thread/INFO]: Constructing common components for easyanvils:main
[13:57:39] [Render thread/INFO]: Loading client config for easyanvils
[13:57:39] [Render thread/INFO]: Constructing common components for easymagic:main
[13:57:39] [Render thread/INFO]: Loading client config for easymagic
[13:57:39] [Render thread/ERROR]: No data fixer registered for rotten_tomato
[13:57:41] [Render thread/INFO]: Initializing Fish N' Ships
[13:57:41] [Render thread/ERROR]: No data fixer registered for ship
[13:57:41] [Render thread/ERROR]: No data fixer registered for boat_with_chest
[13:57:41] [Render thread/ERROR]: No data fixer registered for sailboat
[13:57:41] [Render thread/ERROR]: No data fixer registered for sailboat_with_chest
[13:57:41] [Render thread/ERROR]: No data fixer registered for canoe
[13:57:41] [Render thread/ERROR]: No data fixer registered for canoe_with_chest
[13:57:41] [Render thread/ERROR]: No data fixer registered for canoe_with_double_chest
[13:57:41] [Render thread/ERROR]: No data fixer registered for raft
[13:57:41] [Render thread/ERROR]: No data fixer registered for supply_raft
[13:57:41] [Render thread/ERROR]: No data fixer registered for handcrafted
[13:57:42] [Render thread/INFO]: Compression will use Java, encryption will use Java
[13:57:42] [Render thread/INFO]: Definitely not up to no good
[13:57:42] [Render thread/INFO]: Open Parties and Claims: Create mod support!
[13:57:42] [Render thread/INFO]: Constructing common components for puzzleslib:main
[13:57:43] [Render thread/INFO]: Registered bogey styles from railways
[13:57:43] [Render thread/INFO]: Registering data fixers
[13:57:43] [Render thread/INFO]: 0 Datafixer optimizations took 0 milliseconds
[13:57:43] [Render thread/INFO]: Registering tracks for Hex Casting
[13:57:43] [Render thread/INFO]: Registering tracks for Oh The Biomes You'll Go
[13:57:43] [Render thread/INFO]: Registering tracks for Blue Skies
[13:57:43] [Render thread/INFO]: Registering tracks for Twilight Forest
[13:57:43] [Render thread/INFO]: Registering tracks for Biomes O' Plenty
[13:57:43] [Render thread/INFO]: Registering tracks for Nature's Spirit
[13:57:43] [Render thread/INFO]: Registering tracks for Dreams and Desires
[13:57:43] [Render thread/INFO]: Registering tracks for Quark
[13:57:43] [Render thread/INFO]: Registering tracks for TerraFirmaCraft
[13:57:44] [Render thread/INFO]: [REI] Config loaded
[13:57:44] [Render thread/INFO]: Registering S2C receiver with id roughlyenoughitems:request_tags_s2c
[13:57:44] [Render thread/INFO]: Registering C2S receiver with id roughlyenoughitems:request_tags_c2s
[13:57:44] [Render thread/INFO]: [REI] Registered plugin provider DefaultPlugin [roughlyenoughitems] for REIPlugin
[13:57:44] [Render thread/INFO]: [REI] Registered plugin provider DefaultRuntimePlugin [roughlyenoughitems] for REIPlugin
[13:57:44] [Render thread/INFO]: [REI] Registered plugin provider AdAstraReiPlugin [ad_astra] for REIPlugin
[13:57:44] [Render thread/INFO]: [REI] Registered plugin provider REITooltipPlugin [appleskin] for REIPlugin
[13:57:44] [Render thread/INFO]: [REI] Registered plugin provider ChiselREI [chisel] for REIPlugin
[13:57:44] [Render thread/INFO]: [REI] Registered plugin provider create:rei_plugin [create] for REIPlugin
[13:57:44] [Render thread/INFO]: [REI] Registered plugin provider NewAgeReiPlugin [create_new_age] for REIPlugin
[13:57:44] [Render thread/INFO]: [REI] Registered plugin provider CreateAdditionREI [createaddition] for REIPlugin
[13:57:44] [Render thread/INFO]: [REI] Registered plugin provider ExpandedDelightREI [expandeddelight] for REIPlugin
[13:57:44] [Render thread/INFO]: [REI] Registered plugin provider ClientREIPlugin [farmersdelight] for REIPlugin
[13:57:44] [Render thread/INFO]: [REI] Registered plugin provider DefaultClientPlugin [roughlyenoughitems] for REIPlugin
[13:57:44] [Render thread/INFO]: [REI] Registered plugin provider DefaultClientRuntimePlugin [roughlyenoughitems] for REIPlugin
[13:57:44] [Render thread/INFO]: [REI] Registered plugin provider HideIngredientsFromTagsPlugin [roughlyenoughitems] for REIPlugin
[13:57:44] [Render thread/INFO]: [REI] Registered plugin provider REICompat [sliceanddice] for REIPlugin
[13:57:44] [Render thread/INFO]: [REI] Registered plugin provider ReiRecipeAction [wthit] for REIPlugin
[13:57:44] [Render thread/INFO]: [REI] Registered plugin provider DefaultPlugin [roughlyenoughitems] for REIServerPlugin
[13:57:44] [Render thread/INFO]: [REI] Registered plugin provider DefaultRuntimePlugin [roughlyenoughitems] for REIServerPlugin
[13:57:44] [Render thread/INFO]: [REI] Registered plugin provider FabricFluidAPISupportPlugin for REIServerPlugin
[13:57:44] [Render thread/INFO]: [REI] Registered plugin provider FabricFluidAPISupportPlugin for REIPlugin
[13:57:44] [Render thread/INFO]: Registering C2S receiver with id roughlyenoughitems:delete_item
[13:57:44] [Render thread/INFO]: Registering C2S receiver with id roughlyenoughitems:create_item
[13:57:44] [Render thread/INFO]: Registering C2S receiver with id roughlyenoughitems:create_item_grab
[13:57:44] [Render thread/INFO]: Registering C2S receiver with id roughlyenoughitems:create_item_hotbar
[13:57:44] [Render thread/INFO]: Registering C2S receiver with id roughlyenoughitems:move_items
[13:57:44] [Render thread/INFO]: Registering C2S receiver with id roughlyenoughitems:move_items_new
[13:57:44] [Render thread/INFO]: structureessentials mod initialized
[13:57:44] [Render thread/INFO]: [STDOUT]: TxniLib onInitialize!
[13:57:45] [Version Check/INFO]: [usefulbackpacks] Starting version check at https://api.u-team.info/update/usefulbackpacks_fabric.json
[13:57:45] [Render thread/INFO]: [WTHIT] Initializing plugin waila:core at mcp.mobius.waila.plugin.core.WailaPluginCore
[13:57:45] [Render thread/INFO]: [WTHIT] Initializing plugin waila:vanilla at mcp.mobius.waila.plugin.vanilla.WailaPluginVanilla
[13:57:45] [Render thread/INFO]: [WTHIT] Initializing plugin waila:harvest at mcp.mobius.waila.plugin.harvest.WailaPluginHarvest
[13:57:45] [Render thread/INFO]: [WTHIT] Initializing plugin waila:fabric at mcp.mobius.waila.plugin.fabric.WailaPluginFabric
[13:57:45] [Render thread/INFO]: [WTHIT] Initializing plugin waila:team_reborn_energy at mcp.mobius.waila.plugin.trenergy.WailaPluginTeamRebornEnergy
[13:57:45] [Render thread/INFO]: [WTHIT] Skipping disabled plugin waila:test
[13:57:45] [Render thread/INFO]: [WTHIT] Initializing plugin waila:extra at mcp.mobius.waila.plugin.extra.WailaPluginExtra
[13:57:45] [Version Check/INFO]: [usefulbackpacks] Found status: OUTDATED Current: 2.0.1.122 Target: 2.0.1.124
[13:57:45] [Version Check/INFO]: [uteamcore] Starting version check at https://api.u-team.info/update/uteamcore_fabric.json
[13:57:45] [Version Check/INFO]: [uteamcore] Found status: OUTDATED Current: 5.1.4.312 Target: 5.1.4.382
[13:57:45] [Render thread/INFO]: [WTHIT] Plugin config reloaded
[13:57:45] [Render thread/INFO]: We add silver to your game!
[13:57:46] [Render thread/INFO]: Registering S2C receiver with id architectury:spawn_entity_packet
[13:57:46] [Thread-3/INFO]: [bclib] Received Version Info for minecraft=1.20.1, loader=fabric
[13:57:46] [Thread-3/INFO]: [bclib]  - bclib:3.0.14
[13:57:46] [Render thread/INFO]: Loaded
[13:57:46] [Render thread/ERROR]: java.io.FileNotFoundException: D:\CURSEFORGE\Instances\Create Optimized [FABRIC]\config\betteradvancements.json (O sistema não pode encontrar o arquivo especificado)
[13:57:47] [Render thread/INFO]: CreateGogglesFabricClient init
[13:57:47] [Render thread/INFO]: Loading Description Cache
[13:57:47] [Render thread/WARN]: Dynamic FPS config corrupted! Starting with defaults ...
[13:57:47] [Render thread/INFO]: Dynamic FPS 3.6.0 active on Fabric!
[13:57:47] [Render thread/INFO]: Constructing client components for easyanvils:main
[13:57:47] [Render thread/INFO]: Constructing client components for easymagic:main
[13:57:48] [Render thread/INFO]: [Indigo] Different rendering plugin detected; not applying Indigo.
[13:57:48] [Render thread/INFO]: Iris detected.
[13:57:48] [Render thread/INFO]: Krypton is now accelerating your Minecraft client's networking stack ?
[13:57:48] [Render thread/INFO]: Note that Krypton is most effective on servers, not the client.
[13:57:48] [Worker-Main-1/INFO]: Checking mod updates...
[13:57:48] [Render thread/INFO]: [STDOUT]: [Mouse Tweaks] Main.initialize()
[13:57:48] [Render thread/INFO]: [STDOUT]: [Mouse Tweaks] Initialized.
[13:57:48] [Render thread/INFO]: Loading Open Parties and Claims!
[13:57:49] [Render thread/INFO]: Constructing client components for puzzleslib:main
[13:57:49] [Render thread/INFO]: [REI] Registered plugin provider AdAstraReiPlugin [ad_astra] for REIClientPlugin
[13:57:49] [Render thread/INFO]: [REI] Registered plugin provider REITooltipPlugin [appleskin] for REIClientPlugin
[13:57:49] [Render thread/INFO]: [REI] Registered plugin provider ChiselREI [chisel] for REIClientPlugin
[13:57:49] [Render thread/INFO]: [REI] Registered plugin provider create:rei_plugin [create] for REIClientPlugin
[13:57:49] [Render thread/INFO]: [REI] Registered plugin provider NewAgeReiPlugin [create_new_age] for REIClientPlugin
[13:57:49] [Render thread/INFO]: [REI] Registered plugin provider CreateAdditionREI [createaddition] for REIClientPlugin
[13:57:49] [Render thread/INFO]: [REI] Registered plugin provider ExpandedDelightREI [expandeddelight] for REIClientPlugin
[13:57:49] [Render thread/INFO]: [REI] Registered plugin provider ClientREIPlugin [farmersdelight] for REIClientPlugin
[13:57:49] [Render thread/INFO]: [REI] Registered plugin provider DefaultClientPlugin [roughlyenoughitems] for REIClientPlugin
[13:57:49] [Render thread/INFO]: [REI] Registered plugin provider DefaultClientRuntimePlugin [roughlyenoughitems] for REIClientPlugin
[13:57:49] [Render thread/INFO]: [REI] Registered plugin provider HideIngredientsFromTagsPlugin [roughlyenoughitems] for REIClientPlugin
[13:57:49] [Render thread/INFO]: [REI] Registered plugin provider REICompat [sliceanddice] for REIClientPlugin
[13:57:49] [Render thread/INFO]: [REI] Registered plugin provider ReiRecipeAction [wthit] for REIClientPlugin
[13:57:49] [Render thread/INFO]: Registering S2C receiver with id roughlyenoughitems:ci_msg
[13:57:49] [Render thread/INFO]: Registering S2C receiver with id roughlyenoughitems:og_not_enough
[13:57:50] [Render thread/INFO]: Deserializing YACLConfig from 'D:\CURSEFORGE\Instances\Create Optimized [FABRIC]\config\yacl.json5'
[13:57:50] [ForkJoinPool.commonPool-worker-1/WARN]: [Iris Update Check] Cached update file detected, using that!
[13:57:51] [Render thread/INFO]: Backend library: LWJGL version 3.3.1 SNAPSHOT
[13:57:51] [Render thread/WARN]: Applying workaround: Prevent the NVIDIA OpenGL driver from using broken optimizations (NVIDIA_THREADED_OPTIMIZATIONS)
[13:57:51] [Render thread/INFO]: Initializing ImmediatelyFast 1.5.5+1.20.4 on GeForce GT 640/PCIe/SSE2 (NVIDIA Corporation) with OpenGL 3.2.0 NVIDIA 456.71
[13:57:51] [Render thread/INFO]: Found Iris/Oculus 1.7.2+mc1.20.1. Enabling compatibility.
[13:57:52] [Worker-Main-1/INFO]: Update available for 'railways@1.6.4+fabric-mc1.20.1', (-> 1.7.2+fabric-mc1.20.1)
[13:57:52] [Worker-Main-1/INFO]: Update available for 'betteradvancements@0.4.2.10', (-> 0.6.0.73)
[13:57:52] [Worker-Main-1/INFO]: Update available for 'wthit@8.13.2', (-> fabric-8.21.1)
[13:57:52] [Worker-Main-1/INFO]: Update available for 'uteamcore@5.1.4.312', (-> 5.1.4.382)
[13:57:52] [Worker-Main-1/INFO]: Update available for 'sodium@0.5.11+mc1.20.1', (-> mc1.20.1-0.5.13-fabric)
[13:57:52] [Worker-Main-1/INFO]: Update available for 'zoomify@2.14.0+1.20.1', (-> 2.15.2+1.20.1)
[13:57:52] [Worker-Main-1/INFO]: Update available for 'iris@1.7.2+mc1.20.1', (-> 1.7.6+1.20.1)
[13:57:52] [Worker-Main-1/INFO]: Update available for 'fabric-language-kotlin@1.11.0+kotlin.2.0.0', (-> 1.13.13+kotlin.2.4.10)
[13:57:52] [Worker-Main-1/INFO]: Update available for 'roughlyenoughitems@12.1.725', (-> 12.1.785+fabric)
[13:57:52] [Worker-Main-1/INFO]: Update available for 'opaccreatesupport@1.6.0', (-> mc1.20-1.7.0)
[13:57:52] [Worker-Main-1/INFO]: Update available for 'cullleaves@3.2.0', (-> 4.1.1+1.20.1-fabric)
[13:57:52] [Worker-Main-1/INFO]: Update available for 'sodium-extra@0.5.4+mc1.20.1-build.115', (-> mc1.20.1-0.5.9)
[13:57:52] [Worker-Main-1/INFO]: Update available for 'expandeddelight@0.3.1', (-> 0.3.2-fabric)
[13:57:52] [Worker-Main-1/INFO]: Update available for 'appleskin@2.5.1+mc1.20', (-> 2.5.2+mc1.20.1)
[13:57:52] [Worker-Main-1/INFO]: Update available for 'patchouli@1.20.1-84-FABRIC', (-> 1.20.1-85-fabric)
[13:57:52] [Worker-Main-1/INFO]: Update available for 'lithium@0.11.2', (-> mc1.20.1-0.11.4-fabric)
[13:57:52] [Worker-Main-1/INFO]: Update available for 'alternate-current@1.7.0', (-> mc1.20-1.9.0)
[13:57:52] [Worker-Main-1/INFO]: Update available for 'indium@1.0.34+mc1.20.1', (-> 1.0.36+mc1.20.1)
[13:57:52] [Worker-Main-1/INFO]: Update available for 'openpartiesandclaims@0.23.1', (-> fabric-1.20.1-0.29.2)
[13:57:52] [Worker-Main-1/INFO]: Update available for 'fabric-api@0.92.2+1.20.1', (-> 0.92.11+1.20.1)
[13:57:52] [Worker-Main-1/INFO]: Update available for 'yet_another_config_lib_v3@3.5.0+1.20.1-fabric', (-> 3.6.6+1.20.1-fabric)
[13:57:52] [Worker-Main-1/INFO]: Update available for 'entityculling@1.6.6', (-> 1.10.5)
[13:57:52] [Worker-Main-1/INFO]: Update available for 'create@0.5.1-f-build.1417+mc1.20.1', (-> 6.0.8.1+build.1744-mc1.20.1)
[13:57:52] [Worker-Main-1/INFO]: Update available for 'cardinal-components@5.2.2', (-> 5.2.3)
[13:57:52] [Worker-Main-1/INFO]: Update available for 'creategoggles@0.5.5.g', (-> 6.1.1)
[13:57:52] [Worker-Main-1/INFO]: Update available for 'createaddition@1.2.4', (-> fabric-1.20.1-1.3.4)
[13:57:52] [Worker-Main-1/INFO]: Update available for 'dynamic_fps@3.6.0', (-> 3.11.4)
[13:57:52] [Worker-Main-1/INFO]: Update available for 'farmersdelight@1.20.1-2.1.1+refabricated', (-> 1.20.1-2.5.5)
[13:57:52] [Worker-Main-1/INFO]: Update available for 'aquamirae@6', (-> 7.1.11)
[13:57:52] [Worker-Main-1/INFO]: Update available for 'cloth-config@11.1.118', (-> 11.1.136+fabric)
[13:57:52] [Worker-Main-1/INFO]: Update available for 'yigd@2.0.0-beta.13', (-> 2.0.16)
[13:57:52] [Worker-Main-1/INFO]: Update available for 'sliceanddice@3.2.3', (-> 3.6.0)
[13:57:52] [Worker-Main-1/INFO]: Update available for 'create_new_age@1.1.2', (-> 1.2.0+mc1.20.1)
[13:57:52] [Worker-Main-1/INFO]: Update available for 'forgeconfigapiport@8.0.0', (-> v8.0.3-1.20.1-Fabric)
[13:57:52] [Render thread/INFO]: Debug functionality is disabled.
[13:57:52] [Render thread/INFO]: ARB_direct_state_access detected, enabling DSA.
[13:57:52] [Render thread/INFO]: Shaders are disabled because no valid shaderpack is selected
[13:57:53] [Render thread/INFO]: Hardware information:
[13:57:53] [Render thread/INFO]: CPU: 8x Intel(R) Core(TM) i7-3770 CPU @ 3.40GHz
[13:57:53] [Render thread/INFO]: GPU: GeForce GT 640/PCIe/SSE2 (Supports OpenGL 3.2.0 NVIDIA 456.71)
[13:57:53] [Render thread/INFO]: OS: Windows 10 (10.0)
[13:57:54] [Render thread/INFO]: Reloading ResourceManager: vanilla, fabric (ad_astra, alternate-current, appleskin, aquamirae, bclib, betteradvancements, brutalbosses, c2me, caffeineconfig, cardinal-components, cardinal-components-base, cardinal-components-block, cardinal-components-chunk, cardinal-components-entity, cardinal-components-item, cardinal-components-level, cardinal-components-scoreboard, cardinal-components-world, carryon, chisel, chunksending, cloth-config, clumps, connectivity, continuity, controlling, create, create_enchantment_industry, create_new_age, createaddition, creategoggles, cryonicconfig, cullleaves, debugify, decorative_blocks, deepslatecutting, diggusmaximus, dripstone_fluid_lib, dynamic_fps, easyanvils, easymagic, entityculling, expandeddelight, extendedgears, fabric-api, fabric-api-base, fabric-api-lookup-api-v1, fabric-biome-api-v1, fabric-block-api-v1, fabric-block-view-api-v2, fabric-blockrenderlayer-v1, fabric-client-tags-api-v1, fabric-command-api-v1, fabric-command-api-v2, fabric-commands-v0, fabric-containers-v0, fabric-content-registries-v0, fabric-convention-tags-v1, fabric-crash-report-info-v1, fabric-data-attachment-api-v1, fabric-data-generation-api-v1, fabric-dimensions-v1, fabric-entity-events-v1, fabric-events-interaction-v0, fabric-events-lifecycle-v0, fabric-game-rule-api-v1, fabric-item-api-v1, fabric-item-group-api-v1, fabric-key-binding-api-v1, fabric-keybindings-v0, fabric-language-kotlin, fabric-lifecycle-events-v1, fabric-loot-api-v2, fabric-loot-tables-v1, fabric-message-api-v1, fabric-mining-level-api-v1, fabric-model-loading-api-v1, fabric-models-v0, fabric-networking-api-v1, fabric-networking-v0, fabric-object-builder-api-v1, fabric-particles-v1, fabric-recipe-api-v1, fabric-registry-sync-v0, fabric-renderer-api-v1, fabric-renderer-indigo, fabric-renderer-registries-v1, fabric-rendering-data-attachment-v1, fabric-rendering-fluids-v1, fabric-rendering-v0, fabric-rendering-v1, fabric-resource-conditions-api-v1, fabric-resource-loader-v0, fabric-screen-api-v1, fabric-screen-handler-api-v1, fabric-sound-api-v1, fabric-transfer-api-v1, fabric-transitive-access-wideners-v1, fabricloader, fallingleaves, farmersdelight, fish_n_ships, flywheel, forgeconfigapiport, geckolib, handcrafted, immediatelyfast, indium, inventorysorter, iris, jankson, krypton, kyrptconfig, lazydfu, libgui, lithium, lmft, midnightlib, milk, miningspeedtooltips, mm, modmenu, mr_dungeons_andtaverns, obscure_api, omega-config, openpartiesandclaims, patchouli, porting_lib_accessors, porting_lib_attributes, porting_lib_base, porting_lib_brewing, porting_lib_client_events, porting_lib_common, porting_lib_config, porting_lib_core, porting_lib_data, porting_lib_entity, porting_lib_extensions, porting_lib_fluids, porting_lib_gametest, porting_lib_lazy_registration, porting_lib_loot, porting_lib_mixin_extensions, porting_lib_model_generators, porting_lib_model_loader, porting_lib_model_materials, porting_lib_models, porting_lib_networking, porting_lib_obj_loader, porting_lib_recipe_book_categories, porting_lib_registries, porting_lib_tags, porting_lib_tool_actions, porting_lib_transfer, porting_lib_utility, railways, rare-ice, reach-entity-attributes, reeses-sodium-options, registrate-fabric, roughlyenoughitems, searchables, sliceanddice, smoke_suppression, smoothchunk, sodium, sodium-extra, spark, starlight, structureessentials, team_reborn_energy, txnilib, usefulbackpacks, uteamcore, wthit, yet_another_config_lib_v3, yigd, yjas, zoomify)
[13:57:54] [Worker-Main-6/INFO]: Found unifont_all_no_pua-15.0.06.hex, loading
[13:57:55] [Worker-Main-1/WARN]: Unable to find texture creategoggles:textures/trims/models/armor/goggle.png
[13:57:55] [Worker-Main-1/WARN]: Unable to find texture creategoggles:textures/trims/models/armor/goggle_leggings.png
[13:57:56] [Render thread/INFO]: Creating pipeline for dimension minecraft:overworld
[13:57:57] [Render thread/INFO]: Loaded config for: brutalbosses.json
[13:57:57] [Render thread/INFO]: Loaded config for: connectivity.json
[13:57:57] [Render thread/INFO]: Loaded config for: betterchunkloading.json
[13:57:57] [Render thread/INFO]: Loaded config for: smoothchunk.json
[13:58:17] [Worker-Main-1/WARN]: Unable to load model: 'decorative_blocks:blockstate_copy_item#inventory' referenced from: decorative_blocks:blockstate_copy_item#inventory: java.io.FileNotFoundException: decorative_blocks:models/item/blockstate_copy_item.json
[13:58:25] [Worker-Main-1/WARN]: Missing textures in model createaddition:small_light_connector#facing=west,mode=push,powered=true,rotation=x_clockwise_180,variant=default:
    minecraft:textures/atlas/blocks.png:create:block/chute_block
[13:58:26] [Render thread/WARN]: Missing sound for event: minecraft:item.goat_horn.play
[13:58:26] [Render thread/WARN]: Missing sound for event: minecraft:entity.goat.screaming.horn_break
[13:58:26] [Render thread/INFO]: OpenAL initialized on device OpenAL Soft on Alto-falantes (High Definition Audio Device)
[13:58:26] [Render thread/INFO]: Sound engine started
[13:58:26] [Render thread/INFO]: Created: 4096x4096x4 minecraft:textures/atlas/blocks.png-atlas
[13:58:26] [Render thread/INFO]: Created: 512x256x4 minecraft:textures/atlas/signs.png-atlas
[13:58:26] [Render thread/INFO]: Created: 512x512x4 minecraft:textures/atlas/banner_patterns.png-atlas
[13:58:26] [Render thread/INFO]: Created: 512x512x4 minecraft:textures/atlas/shield_patterns.png-atlas
[13:58:26] [Render thread/INFO]: Created: 1024x1024x4 minecraft:textures/atlas/armor_trims.png-atlas
[13:58:26] [Render thread/INFO]: Created: 256x256x4 minecraft:textures/atlas/chest.png-atlas
[13:58:26] [Render thread/INFO]: Created: 128x64x4 minecraft:textures/atlas/decorated_pot.png-atlas
[13:58:26] [Render thread/INFO]: Created: 512x256x4 minecraft:textures/atlas/beds.png-atlas
[13:58:26] [Render thread/INFO]: Created: 512x256x4 minecraft:textures/atlas/shulker_boxes.png-atlas
[13:58:28] [Render thread/WARN]: Shader rendertype_entity_translucent_emissive could not find sampler named Sampler2 in the specified shader program.
[13:58:28] [Render thread/INFO]: Created: 2048x1024x0 minecraft:textures/atlas/particles.png-atlas
[13:58:28] [Render thread/INFO]: Created: 512x512x0 minecraft:textures/atlas/paintings.png-atlas
[13:58:28] [Render thread/INFO]: Created: 256x128x0 minecraft:textures/atlas/mob_effects.png-atlas
[13:58:28] [Render thread/INFO]: Reloading grave model (client)
[13:58:28] [Render thread/INFO]: Grave model and shape reload successful (client)
[13:58:28] [Render thread/INFO]: Loaded all shader sources.
[13:58:28] [Render thread/INFO]: BookContentResourceListenerLoader preloaded 171 jsons
[13:58:30] [Render thread/INFO]: Successfully loaded image 'zoomify:textures/demo/third-person-hud.webp'
[13:58:30] [Render thread/INFO]: Successfully loaded image 'zoomify:textures/demo/third-person-view.webp'
[13:58:30] [Render thread/INFO]: Successfully loaded image 'zoomify:textures/demo/zoom-hand.webp'
[13:58:30] [Render thread/INFO]: Successfully loaded image 'zoomify:textures/demo/zoom-world.webp'
[13:58:34] [Render thread/ERROR]: [worlds_together] Tried to read from global registry!
[13:58:34] [Render thread/ERROR]: [worlds_together] Tried to read from global registry!
[13:58:34] [Render thread/ERROR]: [worlds_together] No valid registry found!
[13:58:34] [Render thread/ERROR]: [worlds_together] Unable to parse Version in jar:file:///D:/CURSEFORGE/Instances/Create%20Optimized%20%5BFABRIC%5D/mods/creategoggles-1.20.1-0.5.5.g-%5BFABRIC%5D.jar
[13:58:34] [Render thread/ERROR]: [worlds_together] Unable to parse Version in jar:file:///D:/CURSEFORGE/Instances/Create%20Optimized%20%5BFABRIC%5D/mods/dungeons-and-taverns-3.0.3.f%5BFabric%5D.jar
[13:58:35] [Render thread/INFO]: [DataFixerAPI] Ignoring Patch{bclib:3.0.11:12582923}
[13:58:35] [Render thread/INFO]: [bclib] Running Pre Patchers on D:\CURSEFORGE\Instances\Create Optimized [FABRIC]\saves\CriolinhoSurvivor\.
[13:58:35] [Render thread/INFO]: [DataFixerAPI] Everything up to date
[13:58:36] [Render thread/INFO]: [bclib] Updating Pickers for BCLib - The End  BiomeSource (16100cd0)
[13:58:36] [Render thread/INFO]: [bclib] Unable to build Biome List yet
[13:58:36] [Render thread/INFO]: [bclib] No Void Biomes found. Disabling by using barrens
[13:58:36] [Render thread/INFO]: [bclib] No Barrens Biomes found. Disabling by using land Biomes
[13:58:36] [Render thread/WARN]: [bclib] No Center Island Biomes found. Forcing use of vanilla center.
[13:58:36] [Render thread/INFO]: [bclib] Updating Pickers for BCLib - Nether BiomeSource (79d4046b)
[13:58:36] [Render thread/INFO]: [bclib] Unable to build Biome List yet
[13:58:36] [Render thread/INFO]: [bclib] Updating Pickers for BCLib - The End  BiomeSource (22661af4)
[13:58:36] [Render thread/INFO]: [bclib] Unable to build Biome List yet
[13:58:36] [Render thread/INFO]: [bclib] No Void Biomes found. Disabling by using barrens
[13:58:36] [Render thread/INFO]: [bclib] No Barrens Biomes found. Disabling by using land Biomes
[13:58:36] [Render thread/WARN]: [bclib] No Center Island Biomes found. Forcing use of vanilla center.
[13:58:36] [Render thread/INFO]: [bclib] Updating Pickers for BCLib - Nether BiomeSource (2805c358)
[13:58:36] [Render thread/INFO]: [bclib] Unable to build Biome List yet
[13:58:36] [Render thread/INFO]: [bclib] Updating Pickers for BCLib - The End  BiomeSource (404fda32)
[13:58:36] [Render thread/INFO]: [bclib] Unable to build Biome List yet
[13:58:36] [Render thread/INFO]: [bclib] No Void Biomes found. Disabling by using barrens
[13:58:36] [Render thread/INFO]: [bclib] No Barrens Biomes found. Disabling by using land Biomes
[13:58:36] [Render thread/WARN]: [bclib] No Center Island Biomes found. Forcing use of vanilla center.
[13:58:36] [Render thread/INFO]: [bclib] Updating Pickers for BCLib - Nether BiomeSource (231c7eda)
[13:58:36] [Render thread/INFO]: [bclib] Unable to build Biome List yet
[13:58:36] [Render thread/INFO]: [bclib] Updating Pickers for BCLib - The End  BiomeSource (4a7347e)
[13:58:36] [Render thread/INFO]: [bclib] Unable to build Biome List yet
[13:58:36] [Render thread/INFO]: [bclib] No Void Biomes found. Disabling by using barrens
[13:58:36] [Render thread/INFO]: [bclib] No Barrens Biomes found. Disabling by using land Biomes
[13:58:36] [Render thread/WARN]: [bclib] No Center Island Biomes found. Forcing use of vanilla center.
[13:58:36] [Render thread/INFO]: [bclib] Updating Pickers for BCLib - Nether BiomeSource (dbe47bd)
[13:58:36] [Render thread/INFO]: [bclib] Unable to build Biome List yet
[13:58:37] [Render thread/WARN]: [bclib] No valid BCLBiome Registry available!
[13:58:37] [Render thread/WARN]: [bclib] No valid Biome Registry available!
[13:58:37] [Render thread/INFO]: [fabric-registry-sync] Loaded registry data [file 1/4]
[13:58:37] [Render thread/INFO]: [bclib] Updating Pickers for BCLib - The End  BiomeSource (62519c68)
[13:58:37] [Render thread/INFO]: [bclib] Unable to build Biome List yet
[13:58:37] [Render thread/INFO]: [bclib] No Void Biomes found. Disabling by using barrens
[13:58:37] [Render thread/INFO]: [bclib] No Barrens Biomes found. Disabling by using land Biomes
[13:58:37] [Render thread/WARN]: [bclib] No Center Island Biomes found. Forcing use of vanilla center.
[13:58:37] [Render thread/INFO]: [bclib] Updating Pickers for BCLib - Nether BiomeSource (5af00035)
[13:58:37] [Render thread/INFO]: [bclib] Unable to build Biome List yet
[13:58:38] [Worker-Main-6/INFO]: [Load My F***ing Tags]: Loaded Config File!
[13:58:39] [Worker-Main-7/WARN]: [Load My F***ing Tags]: Couldn't load certain entries within the tag creategoggles:modifier/goggle_incompatible: mekanism:mekasuit_helmet (from fabric)
[13:58:39] [Worker-Main-7/WARN]: [Load My F***ing Tags]: Couldn't load certain entries within the tag minecraft:trim_materialss: creategoggles:goggle_material (from fabric)
[13:58:39] [Worker-Main-5/WARN]: [Load My F***ing Tags]: Couldn't load certain entries within the tag c:mycelium: #c:nether_mycelium (from fabric)
[13:58:39] [Worker-Main-5/WARN]: [Load My F***ing Tags]: Couldn't load certain entries within the tag c:nether_terrain: #c:nether_mycelium (from fabric)
[13:58:39] [Worker-Main-5/WARN]: [Load My F***ing Tags]: Couldn't load certain entries within the tag c:workstation/fisherman: #c:barrel (from fabric)
[13:58:39] [Worker-Main-5/WARN]: [Load My F***ing Tags]: Couldn't load certain entries within the tag minecraft:mineable/axe: #c:wooden_composter (from fabric), #c:workbench (from fabric)
[13:58:40] [Render thread/INFO]: [bclib] Disabling Recipe: bclib:test_star
[13:58:40] [Render thread/WARN]: Your custom createaddition:charging/exposed_cut_copper recipe (createaddition:charging/exposed_cut_copper) specified a duration. Durations have no impact on this type of recipe.
[13:58:40] [Render thread/WARN]: Your custom createaddition:charging/cut_copper_block recipe (createaddition:charging/cut_copper_block) specified a duration. Durations have no impact on this type of recipe.
[13:58:40] [Render thread/WARN]: Your custom createaddition:rolling/electrum_ingot recipe (createaddition:rolling/electrum_ingot) specified a duration. Durations have no impact on this type of recipe.
[13:58:40] [Render thread/WARN]: Your custom createaddition:charging/exposed_cut_copper_slab recipe (createaddition:charging/exposed_cut_copper_slab) specified a duration. Durations have no impact on this type of recipe.
[13:58:40] [Render thread/WARN]: Your custom createaddition:charging/channeling recipe (createaddition:charging/channeling) specified a duration. Durations have no impact on this type of recipe.
[13:58:40] [Render thread/WARN]: Your custom createaddition:charging/weathered_copper_shingles recipe (createaddition:charging/weathered_copper_shingles) specified a duration. Durations have no impact on this type of recipe.
[13:58:40] [Render thread/WARN]: Your custom createaddition:charging/weathered_copper_shingle_stairs recipe (createaddition:charging/weathered_copper_shingle_stairs) specified a duration. Durations have no impact on this type of recipe.
[13:58:40] [Render thread/WARN]: Your custom createaddition:charging/cut_copper_slab recipe (createaddition:charging/cut_copper_slab) specified a duration. Durations have no impact on this type of recipe.
[13:58:40] [Render thread/WARN]: Your custom createaddition:charging/weathered_cut_copper_stairs recipe (createaddition:charging/weathered_cut_copper_stairs) specified a duration. Durations have no impact on this type of recipe.
[13:58:40] [Render thread/WARN]: Your custom createaddition:charging/exposed_copper recipe (createaddition:charging/exposed_copper) specified a duration. Durations have no impact on this type of recipe.
[13:58:40] [Render thread/ERROR]: Parsing error loading recipe createaddition:compat/immersiveengineering/item_application/leaded_concrete
com.google.gson.JsonSyntaxException: Unknown item 'immersiveengineering:concrete'
	at net.minecraft.class_1869.method_17878(class_1869.java:272) ~[client-intermediary.jar:?]
	at java.util.Optional.orElseThrow(Unknown Source) ~[?:?]
	at net.minecraft.class_1869.method_8155(class_1869.java:272) ~[client-intermediary.jar:?]
	at net.minecraft.class_1856.method_8107(class_1856.java:160) ~[client-intermediary.jar:?]
	at net.minecraft.class_1856.method_8102(class_1856.java:143) ~[client-intermediary.jar:?]
	at net.minecraft.class_1856.method_52177(class_1856.java:135) ~[client-intermediary.jar:?]
	at com.simibubi.create.content.processing.recipe.ProcessingRecipeSerializer.readFromJson(ProcessingRecipeSerializer.java:66) ~[create-fabric-0.5.1-f-build.1417+mc1.20.1.jar:?]
	at com.simibubi.create.content.processing.recipe.ProcessingRecipeSerializer.fromJson(ProcessingRecipeSerializer.java:154) ~[create-fabric-0.5.1-f-build.1417+mc1.20.1.jar:?]
	at com.simibubi.create.content.processing.recipe.ProcessingRecipeSerializer.method_8121(ProcessingRecipeSerializer.java:21) ~[create-fabric-0.5.1-f-build.1417+mc1.20.1.jar:?]
	at net.minecraft.class_1863.method_17720(class_1863.java:135) ~[client-intermediary.jar:?]
	at net.minecraft.class_1863.method_20705(class_1863.java:56) ~[client-intermediary.jar:?]
	at net.minecraft.class_1863.method_18788(class_1863.java:35) ~[client-intermediary.jar:?]
	at net.minecraft.class_4080.method_18790(class_4080.java:13) ~[client-intermediary.jar:?]
	at java.util.concurrent.CompletableFuture$UniAccept.tryFire(Unknown Source) ~[?:?]
	at java.util.concurrent.CompletableFuture$Completion.run(Unknown Source) ~[?:?]
	at net.minecraft.class_4014.method_18365(class_4014.java:69) ~[client-intermediary.jar:?]
	at net.minecraft.class_1255.method_18859(class_1255.java:156) ~[client-intermediary.jar:?]
	at net.minecraft.class_4093.method_18859(class_4093.java:23) ~[client-intermediary.jar:?]
	at net.minecraft.class_1255.method_16075(class_1255.java:130) ~[client-intermediary.jar:?]
	at net.minecraft.class_1255.method_18857(class_1255.java:139) ~[client-intermediary.jar:?]
	at net.minecraft.class_7196.method_45694(class_7196.java:188) ~[client-intermediary.jar:?]
	at net.minecraft.class_7196.method_41891(class_7196.java:123) ~[client-intermediary.jar:?]
	at net.minecraft.class_7196.method_41899(class_7196.java:202) ~[client-intermediary.jar:?]
	at net.minecraft.class_7196.method_41894(class_7196.java:64) ~[client-intermediary.jar:?]
	at net.minecraft.class_528$class_4272.method_20174(class_528.java:590) ~[client-intermediary.jar:?]
	at net.minecraft.class_528$class_4272.method_20164(class_528.java:480) ~[client-intermediary.jar:?]
	at net.minecraft.class_528$class_4272.method_25402(class_528.java:402) ~[client-intermediary.jar:?]
	at net.minecraft.class_350.method_25402(class_350.java:327) ~[client-intermediary.jar:?]
	at net.minecraft.class_4069.method_25402(class_4069.java:38) ~[client-intermediary.jar:?]
	at net.minecraft.class_312.method_1611(class_312.java:98) ~[client-intermediary.jar:?]
	at net.minecraft.class_437.method_25412(class_437.java:409) ~[client-intermediary.jar:?]
	at net.minecraft.class_312.method_1601(class_312.java:98) ~[client-intermediary.jar:?]
	at net.minecraft.class_312.method_22686(class_312.java:169) ~[client-intermediary.jar:?]
	at net.minecraft.class_1255.execute(class_1255.java:102) ~[client-intermediary.jar:?]
	at net.minecraft.class_312.method_22684(class_312.java:169) ~[client-intermediary.jar:?]
	at org.lwjgl.glfw.GLFWMouseButtonCallbackI.callback(GLFWMouseButtonCallbackI.java:43) ~[lwjgl-glfw-3.3.1.jar:?]
	at org.lwjgl.system.JNI.invokeV(Native Method) ~[lwjgl-3.3.1.jar:?]
	at org.lwjgl.glfw.GLFW.glfwWaitEventsTimeout(GLFW.java:3474) ~[lwjgl-glfw-3.3.1.jar:?]
	at com.mojang.blaze3d.systems.RenderSystem.limitDisplayFPS(RenderSystem.java:237) ~[client-intermediary.jar:?]
	at net.minecraft.class_310.method_1523(class_310.java:1244) ~[client-intermediary.jar:?]
	at net.minecraft.class_310.method_1514(class_310.java:802) ~[client-intermediary.jar:?]
	at net.minecraft.client.main.Main.main(Main.java:250) ~[fabric-loader-0.16.0-1.20.1.jar:?]
	at net.fabricmc.loader.impl.game.minecraft.MinecraftGameProvider.launch(MinecraftGameProvider.java:480) ~[fabric-loader-0.16.0.jar:?]
	at net.fabricmc.loader.impl.launch.knot.Knot.launch(Knot.java:74) ~[fabric-loader-0.16.0.jar:?]
	at net.fabricmc.loader.impl.launch.knot.KnotClient.main(KnotClient.java:23) ~[fabric-loader-0.16.0.jar:?]
[13:58:41] [Render thread/WARN]: Your custom createaddition:charging/exposed_cut_copper_stairs recipe (createaddition:charging/exposed_cut_copper_stairs) specified a duration. Durations have no impact on this type of recipe.
[13:58:41] [Render thread/ERROR]: Parsing error loading recipe createaddition:compat/immersiveengineering/item_application/reinforced_blast_brick
com.google.gson.JsonSyntaxException: Unknown item 'immersiveengineering:blastbrick'
	at net.minecraft.class_1869.method_17878(class_1869.java:272) ~[client-intermediary.jar:?]
	at java.util.Optional.orElseThrow(Unknown Source) ~[?:?]
	at net.minecraft.class_1869.method_8155(class_1869.java:272) ~[client-intermediary.jar:?]
	at net.minecraft.class_1856.method_8107(class_1856.java:160) ~[client-intermediary.jar:?]
	at net.minecraft.class_1856.method_8102(class_1856.java:143) ~[client-intermediary.jar:?]
	at net.minecraft.class_1856.method_52177(class_1856.java:135) ~[client-intermediary.jar:?]
	at com.simibubi.create.content.processing.recipe.ProcessingRecipeSerializer.readFromJson(ProcessingRecipeSerializer.java:66) ~[create-fabric-0.5.1-f-build.1417+mc1.20.1.jar:?]
	at com.simibubi.create.content.processing.recipe.ProcessingRecipeSerializer.fromJson(ProcessingRecipeSerializer.java:154) ~[create-fabric-0.5.1-f-build.1417+mc1.20.1.jar:?]
	at com.simibubi.create.content.processing.recipe.ProcessingRecipeSerializer.method_8121(ProcessingRecipeSerializer.java:21) ~[create-fabric-0.5.1-f-build.1417+mc1.20.1.jar:?]
	at net.minecraft.class_1863.method_17720(class_1863.java:135) ~[client-intermediary.jar:?]
	at net.minecraft.class_1863.method_20705(class_1863.java:56) ~[client-intermediary.jar:?]
	at net.minecraft.class_1863.method_18788(class_1863.java:35) ~[client-intermediary.jar:?]
	at net.minecraft.class_4080.method_18790(class_4080.java:13) ~[client-intermediary.jar:?]
	at java.util.concurrent.CompletableFuture$UniAccept.tryFire(Unknown Source) ~[?:?]
	at java.util.concurrent.CompletableFuture$Completion.run(Unknown Source) ~[?:?]
	at net.minecraft.class_4014.method_18365(class_4014.java:69) ~[client-intermediary.jar:?]
	at net.minecraft.class_1255.method_18859(class_1255.java:156) ~[client-intermediary.jar:?]
	at net.minecraft.class_4093.method_18859(class_4093.java:23) ~[client-intermediary.jar:?]
	at net.minecraft.class_1255.method_16075(class_1255.java:130) ~[client-intermediary.jar:?]
	at net.minecraft.class_1255.method_18857(class_1255.java:139) ~[client-intermediary.jar:?]
	at net.minecraft.class_7196.method_45694(class_7196.java:188) ~[client-intermediary.jar:?]
	at net.minecraft.class_7196.method_41891(class_7196.java:123) ~[client-intermediary.jar:?]
	at net.minecraft.class_7196.method_41899(class_7196.java:202) ~[client-intermediary.jar:?]
	at net.minecraft.class_7196.method_41894(class_7196.java:64) ~[client-intermediary.jar:?]
	at net.minecraft.class_528$class_4272.method_20174(class_528.java:590) ~[client-intermediary.jar:?]
	at net.minecraft.class_528$class_4272.method_20164(class_528.java:480) ~[client-intermediary.jar:?]
	at net.minecraft.class_528$class_4272.method_25402(class_528.java:402) ~[client-intermediary.jar:?]
	at net.minecraft.class_350.method_25402(class_350.java:327) ~[client-intermediary.jar:?]
	at net.minecraft.class_4069.method_25402(class_4069.java:38) ~[client-intermediary.jar:?]
	at net.minecraft.class_312.method_1611(class_312.java:98) ~[client-intermediary.jar:?]
	at net.minecraft.class_437.method_25412(class_437.java:409) ~[client-intermediary.jar:?]
	at net.minecraft.class_312.method_1601(class_312.java:98) ~[client-intermediary.jar:?]
	at net.minecraft.class_312.method_22686(class_312.java:169) ~[client-intermediary.jar:?]
	at net.minecraft.class_1255.execute(class_1255.java:102) ~[client-intermediary.jar:?]
	at net.minecraft.class_312.method_22684(class_312.java:169) ~[client-intermediary.jar:?]
	at org.lwjgl.glfw.GLFWMouseButtonCallbackI.callback(GLFWMouseButtonCallbackI.java:43) ~[lwjgl-glfw-3.3.1.jar:?]
	at org.lwjgl.system.JNI.invokeV(Native Method) ~[lwjgl-3.3.1.jar:?]
	at org.lwjgl.glfw.GLFW.glfwWaitEventsTimeout(GLFW.java:3474) ~[lwjgl-glfw-3.3.1.jar:?]
	at com.mojang.blaze3d.systems.RenderSystem.limitDisplayFPS(RenderSystem.java:237) ~[client-intermediary.jar:?]
	at net.minecraft.class_310.method_1523(class_310.java:1244) ~[client-intermediary.jar:?]
	at net.minecraft.class_310.method_1514(class_310.java:802) ~[client-intermediary.jar:?]
	at net.minecraft.client.main.Main.main(Main.java:250) ~[fabric-loader-0.16.0-1.20.1.jar:?]
	at net.fabricmc.loader.impl.game.minecraft.MinecraftGameProvider.launch(MinecraftGameProvider.java:480) ~[fabric-loader-0.16.0.jar:?]
	at net.fabricmc.loader.impl.launch.knot.Knot.launch(Knot.java:74) ~[fabric-loader-0.16.0.jar:?]
	at net.fabricmc.loader.impl.launch.knot.KnotClient.main(KnotClient.java:23) ~[fabric-loader-0.16.0.jar:?]
[13:58:41] [Render thread/WARN]: Your custom createaddition:rolling/brass_ingot recipe (createaddition:rolling/brass_ingot) specified a duration. Durations have no impact on this type of recipe.
[13:58:41] [Render thread/WARN]: Your custom createaddition:charging/copper_shingle_stairs recipe (createaddition:charging/copper_shingle_stairs) specified a duration. Durations have no impact on this type of recipe.
[13:58:41] [Render thread/WARN]: Your custom createaddition:rolling/electrum_plate recipe (createaddition:rolling/electrum_plate) specified a duration. Durations have no impact on this type of recipe.
[13:58:41] [Render thread/WARN]: Your custom createaddition:charging/exposed_copper_shingles recipe (createaddition:charging/exposed_copper_shingles) specified a duration. Durations have no impact on this type of recipe.
[13:58:41] [Render thread/WARN]: Your custom createaddition:charging/weathered_cut_copper recipe (createaddition:charging/weathered_cut_copper) specified a duration. Durations have no impact on this type of recipe.
[13:58:41] [Render thread/WARN]: Your custom createaddition:rolling/iron_ingot recipe (createaddition:rolling/iron_ingot) specified a duration. Durations have no impact on this type of recipe.
[13:58:41] [Render thread/WARN]: Your custom createaddition:charging/cut_copper_stairs recipe (createaddition:charging/cut_copper_stairs) specified a duration. Durations have no impact on this type of recipe.
[13:58:41] [Render thread/WARN]: Your custom createaddition:charging/copper_shingles recipe (createaddition:charging/copper_shingles) specified a duration. Durations have no impact on this type of recipe.
[13:58:41] [Render thread/WARN]: Your custom createaddition:charging/copper_block recipe (createaddition:charging/copper_block) specified a duration. Durations have no impact on this type of recipe.
[13:58:41] [Render thread/WARN]: Your custom createaddition:charging/copper_shingle_slab recipe (createaddition:charging/copper_shingle_slab) specified a duration. Durations have no impact on this type of recipe.
[13:58:41] [Render thread/WARN]: Your custom createaddition:rolling/copper_ingot recipe (createaddition:rolling/copper_ingot) specified a duration. Durations have no impact on this type of recipe.
[13:58:41] [Render thread/WARN]: Your custom createaddition:charging/weathered_cut_copper_slab recipe (createaddition:charging/weathered_cut_copper_slab) specified a duration. Durations have no impact on this type of recipe.
[13:58:41] [Render thread/WARN]: Your custom createaddition:rolling/copper_plate recipe (createaddition:rolling/copper_plate) specified a duration. Durations have no impact on this type of recipe.
[13:58:41] [Render thread/WARN]: Your custom createaddition:rolling/iron_plate recipe (createaddition:rolling/iron_plate) specified a duration. Durations have no impact on this type of recipe.
[13:58:41] [Render thread/WARN]: Your custom createaddition:charging/weathered_copper_shingle_slab recipe (createaddition:charging/weathered_copper_shingle_slab) specified a duration. Durations have no impact on this type of recipe.
[13:58:41] [Render thread/WARN]: Your custom createaddition:rolling/gold_ingot recipe (createaddition:rolling/gold_ingot) specified a duration. Durations have no impact on this type of recipe.
[13:58:41] [Render thread/WARN]: Your custom createaddition:charging/exposed_copper_shingle_slab recipe (createaddition:charging/exposed_copper_shingle_slab) specified a duration. Durations have no impact on this type of recipe.
[13:58:41] [Render thread/WARN]: Your custom createaddition:rolling/straw recipe (createaddition:rolling/straw) specified a duration. Durations have no impact on this type of recipe.
[13:58:41] [Render thread/WARN]: Your custom createaddition:rolling/gold_plate recipe (createaddition:rolling/gold_plate) specified a duration. Durations have no impact on this type of recipe.
[13:58:41] [Render thread/WARN]: Your custom createaddition:charging/weathered_copper recipe (createaddition:charging/weathered_copper) specified a duration. Durations have no impact on this type of recipe.
[13:58:41] [Render thread/WARN]: Your custom createaddition:charging/exposed_copper_shingle_stairs recipe (createaddition:charging/exposed_copper_shingle_stairs) specified a duration. Durations have no impact on this type of recipe.
[13:58:41] [Render thread/INFO]: Loaded 37 recipes
[13:58:41] [Render thread/INFO]: Injecting recipes
[13:58:41] [Render thread/INFO]: Loaded 4275 advancements
[13:58:41] [Render thread/ERROR]: Bad attribute id:minecraft:generic.jump_strength in:brutalbosses:rabbitboss
[13:58:41] [Render thread/INFO]: Loaded boss variant for: minecraft:drowned
[13:58:41] [Render thread/INFO]: Loaded boss variant for: minecraft:iron_golem
[13:58:41] [Render thread/INFO]: Loaded boss variant for: minecraft:snow_golem
[13:58:41] [Render thread/INFO]: Loaded boss variant for: minecraft:zombie
[13:58:41] [Render thread/INFO]: Loaded boss variant for: minecraft:skeleton
[13:58:41] [Render thread/INFO]: Loaded boss variant for: minecraft:pillager
[13:58:41] [Render thread/INFO]: Loaded boss variant for: minecraft:vex
[13:58:41] [Render thread/INFO]: Loaded boss variant for: minecraft:evoker
[13:58:41] [Render thread/INFO]: Loaded boss variant for: minecraft:zombie
[13:58:41] [Render thread/INFO]: Loaded boss variant for: minecraft:vindicator
[13:58:41] [Render thread/INFO]: Loaded boss variant for: minecraft:wither_skeleton
[13:58:41] [Render thread/INFO]: Loaded boss variant for: minecraft:wither_skeleton
[13:58:41] [Render thread/INFO]: Loaded boss variant for: minecraft:cave_spider
[13:58:41] [Render thread/INFO]: Loaded boss variant for: minecraft:zombie
[13:58:41] [Render thread/INFO]: Loaded boss variant for: minecraft:husk
[13:58:41] [Render thread/INFO]: Loaded boss variant for: minecraft:evoker
[13:58:41] [Render thread/INFO]: Loaded boss variant for: minecraft:wandering_trader
[13:58:41] [Render thread/INFO]: Loaded boss variant for: minecraft:guardian
[13:58:41] [Render thread/INFO]: Loaded boss variant for: minecraft:vindicator
[13:58:41] [Render thread/INFO]: Loaded boss variant for: minecraft:shulker
[13:58:41] [Render thread/INFO]: Loaded boss variant for: minecraft:zoglin
[13:58:41] [Render thread/INFO]: Loaded boss variant for: minecraft:chicken
[13:58:41] [Render thread/INFO]: Loaded boss variant for: minecraft:blaze
[13:58:41] [Render thread/INFO]: Loaded boss variant for: minecraft:witch
[13:58:41] [Render thread/INFO]: Loaded boss variant for: minecraft:phantom
[13:58:41] [Render thread/INFO]: Loaded boss variant for: minecraft:mooshroom
[13:58:41] [Render thread/INFO]: Loaded boss variant for: minecraft:rabbit
[13:58:41] [Render thread/INFO]: Loaded boss variant for: minecraft:piglin_brute
[13:58:41] [Render thread/INFO]: Loaded boss variant for: minecraft:ghast
[13:58:41] [Render thread/INFO]: Loaded boss variant for: minecraft:stray
[13:58:41] [Render thread/INFO]: Reloading grave shape (server)
[13:58:41] [Render thread/INFO]: Grave model and shape reload successful (server)
[13:58:41] [Render thread/INFO]: Reloading YIGD graveyard data (server)
[13:58:41] [Render thread/INFO]: Graveyard data successfully reloaded (server)
[13:58:41] [Render thread/INFO]: Reloading YIGD grave area overrides (server)
[13:58:41] [Render thread/INFO]: Grave area overrides successfully reloaded (server)
[13:58:46] [Render thread/INFO]: [bclib] Updating Pickers for BCLib - The End  BiomeSource (5dec4634)
[13:58:46] [Render thread/INFO]: [bclib] Updating Pickers for BCLib - Nether BiomeSource (6329e961)
[13:58:46] [Render thread/INFO]: [bclib] Enforcing Correct Generator for minecraft:the_end.
[13:58:46] [Render thread/INFO]: [bclib] Updating Pickers for BCLib - The End  BiomeSource (5dec4634)
[13:58:46] [Render thread/INFO]: [bclib] Enforcing Correct Generator for minecraft:the_nether.
[13:58:46] [Render thread/INFO]: [bclib] Updating Pickers for BCLib - Nether BiomeSource (6329e961)
[13:58:46] [Render thread/INFO]: [worlds_together] Loading originally configured Dimensions in World.
[13:58:54] [Render thread/INFO]: [bclib] Updating Pickers for BCLib - The End  BiomeSource (4f5480e5)
[13:58:54] [Render thread/INFO]: [bclib] Updating Pickers for BCLib - Nether BiomeSource (5fef2f75)
[13:58:54] [Render thread/INFO]: [bclib] Updating Pickers for BCLib - The End  BiomeSource (f6b9c00)
[13:58:54] [Render thread/INFO]: [bclib] Updating Pickers for BCLib - Nether BiomeSource (46192e6e)
[13:58:54] [Render thread/INFO]: [bclib] Updating Pickers for BCLib - The End  BiomeSource (4df0b5b)
[13:58:54] [Render thread/INFO]: [bclib] Updating Pickers for BCLib - Nether BiomeSource (53708a8)
[13:58:54] [Render thread/INFO]: [bclib] Updating Pickers for BCLib - The End  BiomeSource (17a6df0b)
[13:58:54] [Render thread/INFO]: [bclib] Updating Pickers for BCLib - Nether BiomeSource (30df8eb1)
[13:58:54] [Render thread/WARN]: [bclib] No valid BCLBiome Registry available!
[13:58:54] [Render thread/WARN]: [bclib] No valid Biome Registry available!
[13:58:54] [Render thread/INFO]: [fabric-registry-sync] Loaded registry data [file 1/4]
[13:58:54] [Render thread/INFO]: [bclib] Updating Pickers for BCLib - The End  BiomeSource (7b5924a5)
[13:58:54] [Render thread/INFO]: [bclib] Updating Pickers for BCLib - Nether BiomeSource (4346f2dd)
[13:58:54] [Worker-Main-2/WARN]: [Load My F***ing Tags]: Couldn't load certain entries within the tag c:mycelium: #c:nether_mycelium (from fabric)
[13:58:54] [Worker-Main-2/WARN]: [Load My F***ing Tags]: Couldn't load certain entries within the tag c:nether_terrain: #c:nether_mycelium (from fabric)
[13:58:54] [Worker-Main-4/WARN]: [Load My F***ing Tags]: Couldn't load certain entries within the tag creategoggles:modifier/goggle_incompatible: mekanism:mekasuit_helmet (from fabric)
[13:58:55] [Worker-Main-2/WARN]: [Load My F***ing Tags]: Couldn't load certain entries within the tag c:workstation/fisherman: #c:barrel (from fabric)
[13:58:55] [Worker-Main-4/WARN]: [Load My F***ing Tags]: Couldn't load certain entries within the tag minecraft:trim_materialss: creategoggles:goggle_material (from fabric)
[13:58:55] [Worker-Main-2/WARN]: [Load My F***ing Tags]: Couldn't load certain entries within the tag minecraft:mineable/axe: #c:wooden_composter (from fabric), #c:workbench (from fabric)
[13:58:55] [Render thread/INFO]: [bclib] Disabling Recipe: bclib:test_star
[13:58:55] [Render thread/WARN]: Your custom createaddition:charging/exposed_cut_copper recipe (createaddition:charging/exposed_cut_copper) specified a duration. Durations have no impact on this type of recipe.
[13:58:55] [Render thread/WARN]: Your custom createaddition:charging/cut_copper_block recipe (createaddition:charging/cut_copper_block) specified a duration. Durations have no impact on this type of recipe.
[13:58:55] [Render thread/WARN]: Your custom createaddition:rolling/electrum_ingot recipe (createaddition:rolling/electrum_ingot) specified a duration. Durations have no impact on this type of recipe.
[13:58:55] [Render thread/WARN]: Your custom createaddition:charging/exposed_cut_copper_slab recipe (createaddition:charging/exposed_cut_copper_slab) specified a duration. Durations have no impact on this type of recipe.
[13:58:55] [Render thread/WARN]: Your custom createaddition:charging/channeling recipe (createaddition:charging/channeling) specified a duration. Durations have no impact on this type of recipe.
[13:58:55] [Render thread/WARN]: Your custom createaddition:charging/weathered_copper_shingles recipe (createaddition:charging/weathered_copper_shingles) specified a duration. Durations have no impact on this type of recipe.
[13:58:55] [Render thread/WARN]: Your custom createaddition:charging/weathered_copper_shingle_stairs recipe (createaddition:charging/weathered_copper_shingle_stairs) specified a duration. Durations have no impact on this type of recipe.
[13:58:55] [Render thread/WARN]: Your custom createaddition:charging/cut_copper_slab recipe (createaddition:charging/cut_copper_slab) specified a duration. Durations have no impact on this type of recipe.
[13:58:55] [Render thread/WARN]: Your custom createaddition:charging/weathered_cut_copper_stairs recipe (createaddition:charging/weathered_cut_copper_stairs) specified a duration. Durations have no impact on this type of recipe.
[13:58:55] [Render thread/WARN]: Your custom createaddition:charging/exposed_copper recipe (createaddition:charging/exposed_copper) specified a duration. Durations have no impact on this type of recipe.
[13:58:55] [Render thread/ERROR]: Parsing error loading recipe createaddition:compat/immersiveengineering/item_application/leaded_concrete
com.google.gson.JsonSyntaxException: Unknown item 'immersiveengineering:concrete'
	at net.minecraft.class_1869.method_17878(class_1869.java:272) ~[client-intermediary.jar:?]
	at java.util.Optional.orElseThrow(Unknown Source) ~[?:?]
	at net.minecraft.class_1869.method_8155(class_1869.java:272) ~[client-intermediary.jar:?]
	at net.minecraft.class_1856.method_8107(class_1856.java:160) ~[client-intermediary.jar:?]
	at net.minecraft.class_1856.method_8102(class_1856.java:143) ~[client-intermediary.jar:?]
	at net.minecraft.class_1856.method_52177(class_1856.java:135) ~[client-intermediary.jar:?]
	at com.simibubi.create.content.processing.recipe.ProcessingRecipeSerializer.readFromJson(ProcessingRecipeSerializer.java:66) ~[create-fabric-0.5.1-f-build.1417+mc1.20.1.jar:?]
	at com.simibubi.create.content.processing.recipe.ProcessingRecipeSerializer.fromJson(ProcessingRecipeSerializer.java:154) ~[create-fabric-0.5.1-f-build.1417+mc1.20.1.jar:?]
	at com.simibubi.create.content.processing.recipe.ProcessingRecipeSerializer.method_8121(ProcessingRecipeSerializer.java:21) ~[create-fabric-0.5.1-f-build.1417+mc1.20.1.jar:?]
	at net.minecraft.class_1863.method_17720(class_1863.java:135) ~[client-intermediary.jar:?]
	at net.minecraft.class_1863.method_20705(class_1863.java:56) ~[client-intermediary.jar:?]
	at net.minecraft.class_1863.method_18788(class_1863.java:35) ~[client-intermediary.jar:?]
	at net.minecraft.class_4080.method_18790(class_4080.java:13) ~[client-intermediary.jar:?]
	at java.util.concurrent.CompletableFuture$UniAccept.tryFire(Unknown Source) ~[?:?]
	at java.util.concurrent.CompletableFuture$Completion.run(Unknown Source) ~[?:?]
	at net.minecraft.class_4014.method_18365(class_4014.java:69) ~[client-intermediary.jar:?]
	at net.minecraft.class_1255.method_18859(class_1255.java:156) ~[client-intermediary.jar:?]
	at net.minecraft.class_4093.method_18859(class_4093.java:23) ~[client-intermediary.jar:?]
	at net.minecraft.class_1255.method_16075(class_1255.java:130) ~[client-intermediary.jar:?]
	at net.minecraft.class_1255.method_18857(class_1255.java:139) ~[client-intermediary.jar:?]
	at net.minecraft.class_7196.method_45694(class_7196.java:188) ~[client-intermediary.jar:?]
	at net.minecraft.class_7196.method_41891(class_7196.java:123) ~[client-intermediary.jar:?]
	at net.minecraft.class_7196.method_41899(class_7196.java:202) ~[client-intermediary.jar:?]
	at net.minecraft.class_7196.method_41897(class_7196.java:220) ~[client-intermediary.jar:?]
	at net.minecraft.class_7196.method_41896(class_7196.java:286) ~[client-intermediary.jar:?]
	at net.minecraft.class_405.method_19792(class_405.java:36) ~[client-intermediary.jar:?]
	at net.minecraft.class_4185.method_25306(class_4185.java:94) ~[client-intermediary.jar:?]
	at net.minecraft.class_4264.method_25348(class_4264.java:56) ~[client-intermediary.jar:?]
	at net.minecraft.class_339.method_25402(class_339.java:189) ~[client-intermediary.jar:?]
	at net.minecraft.class_4069.method_25402(class_4069.java:38) ~[client-intermediary.jar:?]
	at net.minecraft.class_312.method_1611(class_312.java:98) ~[client-intermediary.jar:?]
	at net.minecraft.class_437.method_25412(class_437.java:409) ~[client-intermediary.jar:?]
	at net.minecraft.class_312.method_1601(class_312.java:98) ~[client-intermediary.jar:?]
	at net.minecraft.class_312.method_22686(class_312.java:169) ~[client-intermediary.jar:?]
	at net.minecraft.class_1255.execute(class_1255.java:102) ~[client-intermediary.jar:?]
	at net.minecraft.class_312.method_22684(class_312.java:169) ~[client-intermediary.jar:?]
	at org.lwjgl.glfw.GLFWMouseButtonCallbackI.callback(GLFWMouseButtonCallbackI.java:43) ~[lwjgl-glfw-3.3.1.jar:?]
	at org.lwjgl.system.JNI.invokeV(Native Method) ~[lwjgl-3.3.1.jar:?]
	at org.lwjgl.glfw.GLFW.glfwWaitEventsTimeout(GLFW.java:3474) ~[lwjgl-glfw-3.3.1.jar:?]
	at com.mojang.blaze3d.systems.RenderSystem.limitDisplayFPS(RenderSystem.java:237) ~[client-intermediary.jar:?]
	at net.minecraft.class_310.method_1523(class_310.java:1244) ~[client-intermediary.jar:?]
	at net.minecraft.class_310.method_1514(class_310.java:802) ~[client-intermediary.jar:?]
	at net.minecraft.client.main.Main.main(Main.java:250) ~[fabric-loader-0.16.0-1.20.1.jar:?]
	at net.fabricmc.loader.impl.game.minecraft.MinecraftGameProvider.launch(MinecraftGameProvider.java:480) ~[fabric-loader-0.16.0.jar:?]
	at net.fabricmc.loader.impl.launch.knot.Knot.launch(Knot.java:74) ~[fabric-loader-0.16.0.jar:?]
	at net.fabricmc.loader.impl.launch.knot.KnotClient.main(KnotClient.java:23) ~[fabric-loader-0.16.0.jar:?]
[13:58:55] [Render thread/WARN]: Your custom createaddition:charging/exposed_cut_copper_stairs recipe (createaddition:charging/exposed_cut_copper_stairs) specified a duration. Durations have no impact on this type of recipe.
[13:58:55] [Render thread/ERROR]: Parsing error loading recipe createaddition:compat/immersiveengineering/item_application/reinforced_blast_brick
com.google.gson.JsonSyntaxException: Unknown item 'immersiveengineering:blastbrick'
	at net.minecraft.class_1869.method_17878(class_1869.java:272) ~[client-intermediary.jar:?]
	at java.util.Optional.orElseThrow(Unknown Source) ~[?:?]
	at net.minecraft.class_1869.method_8155(class_1869.java:272) ~[client-intermediary.jar:?]
	at net.minecraft.class_1856.method_8107(class_1856.java:160) ~[client-intermediary.jar:?]
	at net.minecraft.class_1856.method_8102(class_1856.java:143) ~[client-intermediary.jar:?]
	at net.minecraft.class_1856.method_52177(class_1856.java:135) ~[client-intermediary.jar:?]
	at com.simibubi.create.content.processing.recipe.ProcessingRecipeSerializer.readFromJson(ProcessingRecipeSerializer.java:66) ~[create-fabric-0.5.1-f-build.1417+mc1.20.1.jar:?]
	at com.simibubi.create.content.processing.recipe.ProcessingRecipeSerializer.fromJson(ProcessingRecipeSerializer.java:154) ~[create-fabric-0.5.1-f-build.1417+mc1.20.1.jar:?]
	at com.simibubi.create.content.processing.recipe.ProcessingRecipeSerializer.method_8121(ProcessingRecipeSerializer.java:21) ~[create-fabric-0.5.1-f-build.1417+mc1.20.1.jar:?]
	at net.minecraft.class_1863.method_17720(class_1863.java:135) ~[client-intermediary.jar:?]
	at net.minecraft.class_1863.method_20705(class_1863.java:56) ~[client-intermediary.jar:?]
	at net.minecraft.class_1863.method_18788(class_1863.java:35) ~[client-intermediary.jar:?]
	at net.minecraft.class_4080.method_18790(class_4080.java:13) ~[client-intermediary.jar:?]
	at java.util.concurrent.CompletableFuture$UniAccept.tryFire(Unknown Source) ~[?:?]
	at java.util.concurrent.CompletableFuture$Completion.run(Unknown Source) ~[?:?]
	at net.minecraft.class_4014.method_18365(class_4014.java:69) ~[client-intermediary.jar:?]
	at net.minecraft.class_1255.method_18859(class_1255.java:156) ~[client-intermediary.jar:?]
	at net.minecraft.class_4093.method_18859(class_4093.java:23) ~[client-intermediary.jar:?]
	at net.minecraft.class_1255.method_16075(class_1255.java:130) ~[client-intermediary.jar:?]
	at net.minecraft.class_1255.method_18857(class_1255.java:139) ~[client-intermediary.jar:?]
	at net.minecraft.class_7196.method_45694(class_7196.java:188) ~[client-intermediary.jar:?]
	at net.minecraft.class_7196.method_41891(class_7196.java:123) ~[client-intermediary.jar:?]
	at net.minecraft.class_7196.method_41899(class_7196.java:202) ~[client-intermediary.jar:?]
	at net.minecraft.class_7196.method_41897(class_7196.java:220) ~[client-intermediary.jar:?]
	at net.minecraft.class_7196.method_41896(class_7196.java:286) ~[client-intermediary.jar:?]
	at net.minecraft.class_405.method_19792(class_405.java:36) ~[client-intermediary.jar:?]
	at net.minecraft.class_4185.method_25306(class_4185.java:94) ~[client-intermediary.jar:?]
	at net.minecraft.class_4264.method_25348(class_4264.java:56) ~[client-intermediary.jar:?]
	at net.minecraft.class_339.method_25402(class_339.java:189) ~[client-intermediary.jar:?]
	at net.minecraft.class_4069.method_25402(class_4069.java:38) ~[client-intermediary.jar:?]
	at net.minecraft.class_312.method_1611(class_312.java:98) ~[client-intermediary.jar:?]
	at net.minecraft.class_437.method_25412(class_437.java:409) ~[client-intermediary.jar:?]
	at net.minecraft.class_312.method_1601(class_312.java:98) ~[client-intermediary.jar:?]
	at net.minecraft.class_312.method_22686(class_312.java:169) ~[client-intermediary.jar:?]
	at net.minecraft.class_1255.execute(class_1255.java:102) ~[client-intermediary.jar:?]
	at net.minecraft.class_312.method_22684(class_312.java:169) ~[client-intermediary.jar:?]
	at org.lwjgl.glfw.GLFWMouseButtonCallbackI.callback(GLFWMouseButtonCallbackI.java:43) ~[lwjgl-glfw-3.3.1.jar:?]
	at org.lwjgl.system.JNI.invokeV(Native Method) ~[lwjgl-3.3.1.jar:?]
	at org.lwjgl.glfw.GLFW.glfwWaitEventsTimeout(GLFW.java:3474) ~[lwjgl-glfw-3.3.1.jar:?]
	at com.mojang.blaze3d.systems.RenderSystem.limitDisplayFPS(RenderSystem.java:237) ~[client-intermediary.jar:?]
	at net.minecraft.class_310.method_1523(class_310.java:1244) ~[client-intermediary.jar:?]
	at net.minecraft.class_310.method_1514(class_310.java:802) ~[client-intermediary.jar:?]
	at net.minecraft.client.main.Main.main(Main.java:250) ~[fabric-loader-0.16.0-1.20.1.jar:?]
	at net.fabricmc.loader.impl.game.minecraft.MinecraftGameProvider.launch(MinecraftGameProvider.java:480) ~[fabric-loader-0.16.0.jar:?]
	at net.fabricmc.loader.impl.launch.knot.Knot.launch(Knot.java:74) ~[fabric-loader-0.16.0.jar:?]
	at net.fabricmc.loader.impl.launch.knot.KnotClient.main(KnotClient.java:23) ~[fabric-loader-0.16.0.jar:?]
[13:58:55] [Render thread/WARN]: Your custom createaddition:rolling/brass_ingot recipe (createaddition:rolling/brass_ingot) specified a duration. Durations have no impact on this type of recipe.
[13:58:55] [Render thread/WARN]: Your custom createaddition:charging/copper_shingle_stairs recipe (createaddition:charging/copper_shingle_stairs) specified a duration. Durations have no impact on this type of recipe.
[13:58:55] [Render thread/WARN]: Your custom createaddition:rolling/electrum_plate recipe (createaddition:rolling/electrum_plate) specified a duration. Durations have no impact on this type of recipe.
[13:58:55] [Render thread/WARN]: Your custom createaddition:charging/exposed_copper_shingles recipe (createaddition:charging/exposed_copper_shingles) specified a duration. Durations have no impact on this type of recipe.
[13:58:55] [Render thread/WARN]: Your custom createaddition:charging/weathered_cut_copper recipe (createaddition:charging/weathered_cut_copper) specified a duration. Durations have no impact on this type of recipe.
[13:58:55] [Render thread/WARN]: Your custom createaddition:rolling/iron_ingot recipe (createaddition:rolling/iron_ingot) specified a duration. Durations have no impact on this type of recipe.
[13:58:55] [Render thread/WARN]: Your custom createaddition:charging/cut_copper_stairs recipe (createaddition:charging/cut_copper_stairs) specified a duration. Durations have no impact on this type of recipe.
[13:58:55] [Render thread/WARN]: Your custom createaddition:charging/copper_shingles recipe (createaddition:charging/copper_shingles) specified a duration. Durations have no impact on this type of recipe.
[13:58:55] [Render thread/WARN]: Your custom createaddition:charging/copper_block recipe (createaddition:charging/copper_block) specified a duration. Durations have no impact on this type of recipe.
[13:58:55] [Render thread/WARN]: Your custom createaddition:charging/copper_shingle_slab recipe (createaddition:charging/copper_shingle_slab) specified a duration. Durations have no impact on this type of recipe.
[13:58:55] [Render thread/WARN]: Your custom createaddition:rolling/copper_ingot recipe (createaddition:rolling/copper_ingot) specified a duration. Durations have no impact on this type of recipe.
[13:58:55] [Render thread/WARN]: Your custom createaddition:charging/weathered_cut_copper_slab recipe (createaddition:charging/weathered_cut_copper_slab) specified a duration. Durations have no impact on this type of recipe.
[13:58:55] [Render thread/WARN]: Your custom createaddition:rolling/copper_plate recipe (createaddition:rolling/copper_plate) specified a duration. Durations have no impact on this type of recipe.
[13:58:55] [Render thread/WARN]: Your custom createaddition:rolling/iron_plate recipe (createaddition:rolling/iron_plate) specified a duration. Durations have no impact on this type of recipe.
[13:58:55] [Render thread/WARN]: Your custom createaddition:charging/weathered_copper_shingle_slab recipe (createaddition:charging/weathered_copper_shingle_slab) specified a duration. Durations have no impact on this type of recipe.
[13:58:55] [Render thread/WARN]: Your custom createaddition:rolling/gold_ingot recipe (createaddition:rolling/gold_ingot) specified a duration. Durations have no impact on this type of recipe.
[13:58:55] [Render thread/WARN]: Your custom createaddition:charging/exposed_copper_shingle_slab recipe (createaddition:charging/exposed_copper_shingle_slab) specified a duration. Durations have no impact on this type of recipe.
[13:58:55] [Render thread/WARN]: Your custom createaddition:rolling/straw recipe (createaddition:rolling/straw) specified a duration. Durations have no impact on this type of recipe.
[13:58:55] [Render thread/WARN]: Your custom createaddition:rolling/gold_plate recipe (createaddition:rolling/gold_plate) specified a duration. Durations have no impact on this type of recipe.
[13:58:55] [Render thread/WARN]: Your custom createaddition:charging/weathered_copper recipe (createaddition:charging/weathered_copper) specified a duration. Durations have no impact on this type of recipe.
[13:58:55] [Render thread/WARN]: Your custom createaddition:charging/exposed_copper_shingle_stairs recipe (createaddition:charging/exposed_copper_shingle_stairs) specified a duration. Durations have no impact on this type of recipe.
[13:58:55] [Render thread/INFO]: Loaded 37 recipes
[13:58:55] [Render thread/INFO]: Injecting recipes
[13:58:55] [Render thread/INFO]: Loaded 4275 advancements
[13:58:55] [Render thread/ERROR]: Bad attribute id:minecraft:generic.jump_strength in:brutalbosses:rabbitboss
[13:58:55] [Render thread/INFO]: Loaded boss variant for: minecraft:drowned
[13:58:55] [Render thread/INFO]: Loaded boss variant for: minecraft:iron_golem
[13:58:55] [Render thread/INFO]: Loaded boss variant for: minecraft:snow_golem
[13:58:55] [Render thread/INFO]: Loaded boss variant for: minecraft:zombie
[13:58:55] [Render thread/INFO]: Loaded boss variant for: minecraft:skeleton
[13:58:55] [Render thread/INFO]: Loaded boss variant for: minecraft:pillager
[13:58:55] [Render thread/INFO]: Loaded boss variant for: minecraft:vex
[13:58:55] [Render thread/INFO]: Loaded boss variant for: minecraft:evoker
[13:58:55] [Render thread/INFO]: Loaded boss variant for: minecraft:zombie
[13:58:55] [Render thread/INFO]: Loaded boss variant for: minecraft:vindicator
[13:58:55] [Render thread/INFO]: Loaded boss variant for: minecraft:wither_skeleton
[13:58:55] [Render thread/INFO]: Loaded boss variant for: minecraft:wither_skeleton
[13:58:55] [Render thread/INFO]: Loaded boss variant for: minecraft:cave_spider
[13:58:55] [Render thread/INFO]: Loaded boss variant for: minecraft:zombie
[13:58:55] [Render thread/INFO]: Loaded boss variant for: minecraft:husk
[13:58:55] [Render thread/INFO]: Loaded boss variant for: minecraft:evoker
[13:58:55] [Render thread/INFO]: Loaded boss variant for: minecraft:wandering_trader
[13:58:55] [Render thread/INFO]: Loaded boss variant for: minecraft:guardian
[13:58:55] [Render thread/INFO]: Loaded boss variant for: minecraft:vindicator
[13:58:55] [Render thread/INFO]: Loaded boss variant for: minecraft:shulker
[13:58:55] [Render thread/INFO]: Loaded boss variant for: minecraft:zoglin
[13:58:55] [Render thread/INFO]: Loaded boss variant for: minecraft:chicken
[13:58:55] [Render thread/INFO]: Loaded boss variant for: minecraft:blaze
[13:58:55] [Render thread/INFO]: Loaded boss variant for: minecraft:witch
[13:58:55] [Render thread/INFO]: Loaded boss variant for: minecraft:phantom
[13:58:55] [Render thread/INFO]: Loaded boss variant for: minecraft:mooshroom
[13:58:55] [Render thread/INFO]: Loaded boss variant for: minecraft:rabbit
[13:58:55] [Render thread/INFO]: Loaded boss variant for: minecraft:piglin_brute
[13:58:55] [Render thread/INFO]: Loaded boss variant for: minecraft:ghast
[13:58:55] [Render thread/INFO]: Loaded boss variant for: minecraft:stray
[13:58:55] [Render thread/INFO]: Reloading grave shape (server)
[13:58:55] [Render thread/INFO]: Grave model and shape reload successful (server)
[13:58:55] [Render thread/INFO]: Reloading YIGD graveyard data (server)
[13:58:55] [Render thread/INFO]: Graveyard data successfully reloaded (server)
[13:58:55] [Render thread/INFO]: Reloading YIGD grave area overrides (server)
[13:58:55] [Render thread/INFO]: Grave area overrides successfully reloaded (server)
[13:58:59] [Render thread/INFO]: [bclib] Updating Pickers for BCLib - The End  BiomeSource (34ef273e)
[13:58:59] [Render thread/INFO]: [bclib] Updating Pickers for BCLib - Nether BiomeSource (6f51c6fd)
[13:58:59] [Render thread/INFO]: [bclib] Enforcing Correct Generator for minecraft:the_end.
[13:58:59] [Render thread/INFO]: [bclib] Updating Pickers for BCLib - The End  BiomeSource (34ef273e)
[13:58:59] [Render thread/INFO]: [bclib] Enforcing Correct Generator for minecraft:the_nether.
[13:58:59] [Render thread/INFO]: [bclib] Updating Pickers for BCLib - Nether BiomeSource (6f51c6fd)
[13:58:59] [Render thread/INFO]: [worlds_together] Loading originally configured Dimensions in World.
[13:58:59] [Render thread/INFO]: Applied 376 biome modifications to 61 of 74 new biomes in 37.38 ms
[13:58:59] [Server thread/INFO]: Loading server config for easyanvils
[13:58:59] [Server thread/INFO]: Loading server config for easymagic
[13:58:59] [Thread-2/INFO]: Reloading server config for easyanvils
[13:58:59] [Server thread/INFO]: Starting background profiler...
[13:58:59] [Server thread/INFO]: The async-profiler engine is not supported for your os/arch (windows10/amd64), so the built-in Java engine will be used instead.
[13:58:59] [Server thread/INFO]: [WTHIT] Plugin config reloaded
[13:58:59] [Server thread/INFO]: Starting integrated minecraft server version 1.20.1
[13:58:59] [Server thread/INFO]: Generating keypair
[13:58:59] [Server thread/INFO]: Initializing Open Parties and Claims for the server...
[13:59:00] [Server thread/INFO]: Loading server info!
[13:59:00] [Server thread/INFO]: Loading player configs...
[13:59:00] [Server thread/INFO]: Loaded player configs!
[13:59:00] [Server thread/INFO]: Loading parties...
[13:59:00] [Server thread/INFO]: Loaded parties!
[13:59:00] [Server thread/INFO]: Fixing party inconsistencies...
[13:59:00] [Server thread/INFO]: Registered party system for OPAC: default
[13:59:00] [Server thread/INFO]: Registered permission system for OPAC: permission_api
[13:59:00] [Server thread/INFO]: [bclib] 
Apply Modifications for ad_astra:mars
    class_4766 (27cd90b5)
        biomes     = 3
        namespaces = ad_astra(3)
[13:59:00] [Server thread/INFO]: [bclib] 
Apply Modifications for ad_astra:mercury_orbit
    class_1992 (54ab0d8b)
        biomes     = 1
        namespaces = ad_astra(1)
[13:59:00] [Server thread/INFO]: [bclib] 
Apply Modifications for minecraft:the_end
    BCLib - The End  BiomeSource (34ef273e)
        biomes     = 5
        namespaces = minecraft(5)
        seed       = 0
        height     = 128
        deciders   = 0
        config     = BCLEndBiomeSourceConfig{mapVersion=hex, generatorVersion=vanilla, withVoidBiomes=true, innerVoidRadiusSquared=1048576, voidBiomesSize=256, centerBiomesSize=256, landBiomesSize=256, barrensBiomesSize=256}
[13:59:00] [Server thread/INFO]: [bclib] 
Apply Modifications for ad_astra:mercury
    class_4766 (10f954cf)
        biomes     = 1
        namespaces = ad_astra(1)
[13:59:00] [Server thread/INFO]: [bclib] 
Apply Modifications for ad_astra:glacio
    class_4766 (1a8f0f61)
        biomes     = 2
        namespaces = ad_astra(2)
[13:59:00] [Server thread/INFO]: [bclib] 
Apply Modifications for ad_astra:earth_orbit
    class_1992 (54d8c73d)
        biomes     = 1
        namespaces = ad_astra(1)
[13:59:00] [Server thread/INFO]: [bclib] 
Apply Modifications for ad_astra:venus_orbit
    class_1992 (3c5613b2)
        biomes     = 1
        namespaces = ad_astra(1)
[13:59:00] [Server thread/INFO]: [bclib] 
Apply Modifications for ad_astra:moon
    class_1992 (4d33a9da)
        biomes     = 1
        namespaces = ad_astra(1)
[13:59:00] [Server thread/INFO]: [bclib] 
Apply Modifications for minecraft:the_nether
    BCLib - Nether BiomeSource (6f51c6fd)
        biomes     = 5
        namespaces = minecraft(5)
        seed       = 0
        height     = 128
        config     = BCLibNetherBiomeSourceConfig{mapVersion=hex, useVerticalBiomes=true, amplified=false, biomeSize=256, biomeSizeVertical=86}
[13:59:00] [Server thread/INFO]: [bclib] 
Apply Modifications for ad_astra:mars_orbit
    class_1992 (44c8279e)
        biomes     = 1
        namespaces = ad_astra(1)
[13:59:00] [Server thread/INFO]: [bclib] 
Apply Modifications for ad_astra:moon_orbit
    class_1992 (150d3ba8)
        biomes     = 1
        namespaces = ad_astra(1)
[13:59:00] [Server thread/INFO]: [bclib] 
Apply Modifications for minecraft:overworld
    class_4766 (27b02c95)
        biomes     = 53
        namespaces = minecraft(53)
[13:59:00] [Server thread/INFO]: [bclib] 
Apply Modifications for ad_astra:glacio_orbit
    class_1992 (66192349)
        biomes     = 1
        namespaces = ad_astra(1)
[13:59:00] [Server thread/INFO]: [bclib] 
Apply Modifications for ad_astra:venus
    class_4766 (6a5cc0a1)
        biomes     = 2
        namespaces = ad_astra(2)
[13:59:00] [Server thread/INFO]: [bclib] World Dimensions: 
 - ad_astra:mars: 
     net.minecraft.class_3754@3b6b59e3 
     class_4766 (27cd90b5)
         biomes     = 3
         namespaces = ad_astra(3)
 - ad_astra:mercury_orbit: 
     net.minecraft.class_3754@1fa3331a 
     class_1992 (54ab0d8b)
         biomes     = 1
         namespaces = ad_astra(1)
 - minecraft:the_end: 
     BCLib - Chunk Generator (71bcaf5a) 
     BCLib - The End  BiomeSource (34ef273e)
         biomes     = 5
         namespaces = minecraft(5)
         seed       = 0
         height     = 128
         deciders   = 0
         config     = BCLEndBiomeSourceConfig{mapVersion=hex, generatorVersion=vanilla, withVoidBiomes=true, innerVoidRadiusSquared=1048576, voidBiomesSize=256, centerBiomesSize=256, landBiomesSize=256, barrensBiomesSize=256}
 - ad_astra:mercury: 
     net.minecraft.class_3754@1cb2c40e 
     class_4766 (10f954cf)
         biomes     = 1
         namespaces = ad_astra(1)
 - ad_astra:glacio: 
     net.minecraft.class_3754@e5da515 
     class_4766 (1a8f0f61)
         biomes     = 2
         namespaces = ad_astra(2)
 - ad_astra:earth_orbit: 
     net.minecraft.class_3754@5e40eb1c 
     class_1992 (54d8c73d)
         biomes     = 1
         namespaces = ad_astra(1)
 - ad_astra:venus_orbit: 
     net.minecraft.class_3754@5f407c20 
     class_1992 (3c5613b2)
         biomes     = 1
         namespaces = ad_astra(1)
 - ad_astra:moon: 
     net.minecraft.class_3754@1472b36b 
     class_1992 (4d33a9da)
         biomes     = 1
         namespaces = ad_astra(1)
 - minecraft:the_nether: 
     BCLib - Chunk Generator (18b5f9d4) 
     BCLib - Nether BiomeSource (6f51c6fd)
         biomes     = 5
         namespaces = minecraft(5)
         seed       = 0
         height     = 128
         config     = BCLibNetherBiomeSourceConfig{mapVersion=hex, useVerticalBiomes=true, amplified=false, biomeSize=256, biomeSizeVertical=86}
 - ad_astra:mars_orbit: 
     net.minecraft.class_3754@14653ba4 
     class_1992 (44c8279e)
         biomes     = 1
         namespaces = ad_astra(1)
 - ad_astra:moon_orbit: 
     net.minecraft.class_3754@22c10b84 
     class_1992 (150d3ba8)
         biomes     = 1
         namespaces = ad_astra(1)
 - minecraft:overworld: 
     net.minecraft.class_3754@1a359bdc 
     class_4766 (27b02c95)
         biomes     = 53
         namespaces = minecraft(53)
 - ad_astra:glacio_orbit: 
     net.minecraft.class_3754@4cae9925 
     class_1992 (66192349)
         biomes     = 1
         namespaces = ad_astra(1)
 - ad_astra:venus: 
     net.minecraft.class_3754@5c815d4d 
     class_4766 (6a5cc0a1)
         biomes     = 2
         namespaces = ad_astra(2)
[13:59:00] [Server thread/INFO]: Enforcing safe world random access
[13:59:01] [Server thread/INFO]: Instancing error handler class dev.isxander.debugify.mixinplugin.DebugifyErrorHandler
[13:59:01] [Server thread/WARN]: Mixin apply for mod betterchunkloading failed betterchunkloading.mixins.json:ChunkMapViewDistanceFixed from mod betterchunkloading -> net.minecraft.class_3204: org.spongepowered.asm.mixin.injection.throwables.InvalidInjectionException @At("INVOKE") on net/minecraft/class_3204::onSetViewDistance with priority 200 cannot inject into net/minecraft/class_3204::method_14049(I)V merged by com.ishland.c2me.notickvd.mixin.MixinChunkTicketManager with priority 1100 [modify$bbm000$betterchunkloading$onSetViewDistance(I)I -> Prepare ->  -> { target: method_14049(I)V }]
org.spongepowered.asm.mixin.injection.throwables.InvalidInjectionException: @At("INVOKE") on net/minecraft/class_3204::onSetViewDistance with priority 200 cannot inject into net/minecraft/class_3204::method_14049(I)V merged by com.ishland.c2me.notickvd.mixin.MixinChunkTicketManager with priority 1100 [modify$bbm000$betterchunkloading$onSetViewDistance(I)I -> Prepare ->  -> { target: method_14049(I)V }]
	at org.spongepowered.asm.mixin.injection.code.Injector.findTargetNodes(Injector.java:312) ~[sponge-mixin-0.15.0+mixin.0.8.7.jar:0.15.0+mixin.0.8.7]
	at org.spongepowered.asm.mixin.injection.code.Injector.find(Injector.java:248) ~[sponge-mixin-0.15.0+mixin.0.8.7.jar:0.15.0+mixin.0.8.7]
	at org.spongepowered.asm.mixin.injection.struct.InjectionInfo.prepare(InjectionInfo.java:475) ~[sponge-mixin-0.15.0+mixin.0.8.7.jar:0.15.0+mixin.0.8.7]
	at org.spongepowered.asm.mixin.transformer.MixinTargetContext.prepareInjections(MixinTargetContext.java:1407) ~[sponge-mixin-0.15.0+mixin.0.8.7.jar:0.15.0+mixin.0.8.7]
	at org.spongepowered.asm.mixin.transformer.MixinApplicatorStandard.prepareInjections(MixinApplicatorStandard.java:731) ~[sponge-mixin-0.15.0+mixin.0.8.7.jar:0.15.0+mixin.0.8.7]
	at org.spongepowered.asm.mixin.transformer.MixinApplicatorStandard.applyMixin(MixinApplicatorStandard.java:315) ~[sponge-mixin-0.15.0+mixin.0.8.7.jar:0.15.0+mixin.0.8.7]
	at org.spongepowered.asm.mixin.transformer.MixinApplicatorStandard.apply(MixinApplicatorStandard.java:246) ~[sponge-mixin-0.15.0+mixin.0.8.7.jar:0.15.0+mixin.0.8.7]
	at org.spongepowered.asm.mixin.transformer.TargetClassContext.apply(TargetClassContext.java:437) ~[sponge-mixin-0.15.0+mixin.0.8.7.jar:0.15.0+mixin.0.8.7]
	at org.spongepowered.asm.mixin.transformer.TargetClassContext.applyMixins(TargetClassContext.java:418) ~[sponge-mixin-0.15.0+mixin.0.8.7.jar:0.15.0+mixin.0.8.7]
	at org.spongepowered.asm.mixin.transformer.MixinProcessor.applyMixins(MixinProcessor.java:363) ~[sponge-mixin-0.15.0+mixin.0.8.7.jar:0.15.0+mixin.0.8.7]
	at org.spongepowered.asm.mixin.transformer.MixinTransformer.transformClass(MixinTransformer.java:234) ~[sponge-mixin-0.15.0+mixin.0.8.7.jar:0.15.0+mixin.0.8.7]
	at org.spongepowered.asm.mixin.transformer.MixinTransformer.transformClassBytes(MixinTransformer.java:202) ~[sponge-mixin-0.15.0+mixin.0.8.7.jar:0.15.0+mixin.0.8.7]
	at net.fabricmc.loader.impl.launch.knot.KnotClassDelegate.getPostMixinClassByteArray(KnotClassDelegate.java:422) ~[fabric-loader-0.16.0.jar:?]
	at net.fabricmc.loader.impl.launch.knot.KnotClassDelegate.tryLoadClass(KnotClassDelegate.java:323) ~[fabric-loader-0.16.0.jar:?]
	at net.fabricmc.loader.impl.launch.knot.KnotClassDelegate.loadClass(KnotClassDelegate.java:218) ~[fabric-loader-0.16.0.jar:?]
	at net.fabricmc.loader.impl.launch.knot.KnotClassLoader.loadClass(KnotClassLoader.java:119) ~[fabric-loader-0.16.0.jar:?]
	at java.lang.ClassLoader.loadClass(Unknown Source) ~[?:?]
	at net.minecraft.class_3215.<init>(class_3215.java:87) ~[client-intermediary.jar:?]
	at net.minecraft.class_3218.<init>(class_3218.java:231) ~[client-intermediary.jar:?]
	at net.minecraft.server.MinecraftServer.method_3786(MinecraftServer.java:359) ~[client-intermediary.jar:?]
	at net.minecraft.server.MinecraftServer.method_3735(MinecraftServer.java:324) ~[client-intermediary.jar:?]
	at net.minecraft.class_1132.method_3823(class_1132.java:69) ~[client-intermediary.jar:?]
	at net.minecraft.server.MinecraftServer.method_29741(MinecraftServer.java:646) ~[client-intermediary.jar:?]
	at net.minecraft.server.MinecraftServer.method_29739(MinecraftServer.java:265) ~[client-intermediary.jar:?]
	at java.lang.Thread.run(Unknown Source) ~[?:?]
[13:59:03] [Server thread/WARN]: Non-unique structure_set salt:0 potentially creating overlapping structures detected. Structure sets: [minecraft:mineshafts, minecraft:strongholds, minecraft:buried_treasures]
[13:59:03] [Server thread/WARN]: Non-unique structure_set salt:783 potentially creating overlapping structures detected. Structure sets: [nova_structures:taverns, nova_structures:badlands_miner_outpost]
[13:59:03] [Server thread/WARN]: Non-unique structure_set salt:10387312 potentially creating overlapping structures detected. Structure sets: [minecraft:villages, nova_structures:villages_jungle, nova_structures:villages_swamp]
[13:59:03] [Server thread/WARN]: Non-unique structure_set salt:10387313 potentially creating overlapping structures detected. Structure sets: [minecraft:ocean_monuments, minecraft:end_cities]
[13:59:03] [Server thread/WARN]: Non-unique structure_set salt:4533232 potentially creating overlapping structures detected. Structure sets: [nova_structures:illager_camp, nova_structures:nether_camps]
[13:59:03] [Server thread/WARN]: Non-unique structure_set salt:239021 potentially creating overlapping structures detected. Structure sets: [nova_structures:desert_ruins, nova_structures:jungle_ruins]
[13:59:03] [Server thread/INFO]: Preparing start region for dimension minecraft:overworld
[13:59:04] [Render thread/INFO]: Preparando área de nascimento: 0%
[13:59:04] [Render thread/INFO]: Preparando área de nascimento: 0%
[13:59:04] [Render thread/INFO]: Preparando área de nascimento: 0%
[13:59:05] [Render thread/INFO]: Preparando área de nascimento: 0%
[13:59:05] [Render thread/INFO]: Preparando área de nascimento: 0%
[13:59:06] [Render thread/INFO]: Preparando área de nascimento: 0%
[13:59:06] [Render thread/INFO]: Preparando área de nascimento: 0%
[13:59:07] [Render thread/INFO]: Preparando área de nascimento: 0%
[13:59:08] [Render thread/INFO]: Preparando área de nascimento: 0%
[13:59:08] [Render thread/INFO]: Preparando área de nascimento: 0%
[13:59:08] [Render thread/INFO]: Preparando área de nascimento: 0%
[13:59:09] [Render thread/INFO]: Preparando área de nascimento: 0%
[13:59:09] [Render thread/INFO]: Preparando área de nascimento: 0%
[13:59:10] [Render thread/INFO]: Preparando área de nascimento: 2%
[13:59:10] [Render thread/INFO]: Preparando área de nascimento: 4%
[13:59:11] [Render thread/INFO]: Preparando área de nascimento: 4%
[13:59:11] [Render thread/INFO]: Preparando área de nascimento: 4%
[13:59:12] [Render thread/INFO]: Preparando área de nascimento: 4%
[13:59:12] [Render thread/INFO]: Preparando área de nascimento: 7%
[13:59:13] [Render thread/INFO]: Preparando área de nascimento: 7%
[13:59:13] [Render thread/INFO]: Preparando área de nascimento: 7%
[13:59:14] [Render thread/INFO]: Preparando área de nascimento: 7%
[13:59:14] [Render thread/INFO]: Preparando área de nascimento: 8%
[13:59:15] [Render thread/INFO]: Preparando área de nascimento: 15%
[13:59:15] [Render thread/INFO]: Preparando área de nascimento: 17%
[13:59:16] [Render thread/INFO]: Preparando área de nascimento: 28%
[13:59:16] [Render thread/INFO]: Preparando área de nascimento: 37%
[13:59:17] [Render thread/INFO]: Preparando área de nascimento: 56%
[13:59:17] [Render thread/INFO]: Preparando área de nascimento: 66%
[13:59:18] [Render thread/INFO]: Preparando área de nascimento: 77%
[13:59:18] [Render thread/INFO]: Preparando área de nascimento: 89%
[13:59:19] [Render thread/INFO]: Time elapsed: 15299 ms
[13:59:19] [Server thread/INFO]: Loading claims...
[13:59:19] [Server thread/INFO]: Loaded claims in 27ms
[13:59:19] [Server thread/WARN]: The configured permission system "prometheus" isn't registered!
[13:59:19] [Server thread/INFO]: Configured OPAC to use the following permission system: permission_api
[13:59:19] [Server thread/WARN]: The configured primary party system "argonauts_guilds" isn't registered!
[13:59:19] [Server thread/INFO]: Configured OPAC to use the following party system as primary: default
[13:59:19] [Server thread/WARN]: @ModifyConstant conflict. Skipping connectivity.mixins.json:ClientboundCustomPayloadPacketMixin from mod connectivity->@ModifyConstant::modifyLimit(I)I with priority 1, already redirected by xlpackets.mixins.json:ClientboundCustomPayloadPacketMixin from mod thiccpackets->@ModifyConstant::xlPackets(I)I with priority 1000
[13:59:19] [Server thread/INFO]: Changing view distance to 12, from 10
[13:59:19] [Server thread/INFO]: Changing simulation distance to 12, from 0
[13:59:22] [Server thread/INFO]: JONSZIN[local:E:f2dbe671] logged in with entity id 103 at (907.8907573193509, 95.0, 850.1935727803747)
[13:59:22] [Server thread/ERROR]: [Load My F***ing Tags]: It seems that some tags are a bit cooked. Look at the Logs for more details on broken functions. 
[13:59:22] [Render thread/INFO]: Reloading pipeline on dimension change: minecraft:overworld => minecraft:overworld
[13:59:22] [Render thread/INFO]: Destroying pipeline minecraft:overworld
[13:59:22] [Render thread/INFO]: Creating pipeline for dimension minecraft:overworld
[13:59:22] [Render thread/INFO]: Started 2 worker threads
[13:59:23] [Server thread/INFO]: JONSZIN entrou no jogo
[13:59:23] [REI-ReloadPlugins/INFO]: [REI] OOOOOOOOOOOOOOOOOOOOOOOOOOOOOOOOOOOOOOOO
[13:59:23] [REI-ReloadPlugins/INFO]: [REI] REIPlugin starting main-reload for START.
[13:59:23] [REI-ReloadPlugins/INFO]: [REI] Plugins (16):
[13:59:23] [REI-ReloadPlugins/INFO]: [REI]  - (-100.00) DefaultClientPlugin of DefaultClientPlugin [roughlyenoughitems]
[13:59:23] [REI-ReloadPlugins/INFO]: [REI]  - (-100.00) DefaultPlugin of DefaultPlugin [roughlyenoughitems]
[13:59:23] [REI-ReloadPlugins/INFO]: [REI]  - (0.00) FabricFluidAPISupportPlugin
[13:59:23] [REI-ReloadPlugins/INFO]: [REI]  - (0.00) REICompat of REICompat [sliceanddice]
[13:59:23] [REI-ReloadPlugins/INFO]: [REI]  - (0.00) HideIngredientsFromTagsPlugin of HideIngredientsFromTagsPlugin [roughlyenoughitems]
[13:59:23] [REI-ReloadPlugins/INFO]: [REI]  - (0.00) DefaultClientRuntimePlugin of DefaultClientRuntimePlugin [roughlyenoughitems]
[13:59:23] [REI-ReloadPlugins/INFO]: [REI]  - (0.00) ClientREIPlugin of ClientREIPlugin [farmersdelight]
[13:59:23] [REI-ReloadPlugins/INFO]: [REI]  - (0.00) ExpandedDelightREI of ExpandedDelightREI [expandeddelight]
[13:59:23] [REI-ReloadPlugins/INFO]: [REI]  - (0.00) CreateAdditionREI of CreateAdditionREI [createaddition]
[13:59:23] [REI-ReloadPlugins/INFO]: [REI]  - (0.00) NewAgeReiPlugin of NewAgeReiPlugin [create_new_age]
[13:59:23] [REI-ReloadPlugins/INFO]: [REI]  - (0.00) create:rei_plugin of create:rei_plugin [create]
[13:59:23] [REI-ReloadPlugins/INFO]: [REI]  - (0.00) ChiselREI of ChiselREI [chisel]
[13:59:23] [REI-ReloadPlugins/INFO]: [REI]  - (0.00) REITooltipPlugin of REITooltipPlugin [appleskin]
[13:59:23] [REI-ReloadPlugins/INFO]: [REI]  - (0.00) AdAstraReiPlugin of AdAstraReiPlugin [ad_astra]
[13:59:23] [REI-ReloadPlugins/INFO]: [REI]  - (0.00) DefaultRuntimePlugin of DefaultRuntimePlugin [roughlyenoughitems]
[13:59:23] [REI-ReloadPlugins/INFO]: [REI]  - (0.00) ReiRecipeAction of ReiRecipeAction [wthit]
[13:59:23] [REI-ReloadPlugins/INFO]: [REI] OOOOOOOOOOOOOOOOOOOOOOOOOOOOOOOOOOOOOOOO
[13:59:23] [REI-ReloadPlugins/INFO]: [REI] ++++++++++++++++++++++++++++++++++++++++
[13:59:23] [REI-ReloadPlugins/INFO]: [REI] REIClientPlugin starting main-reload for START.
[13:59:23] [REI-ReloadPlugins/INFO]: [REI] Plugins (13):
[13:59:23] [REI-ReloadPlugins/INFO]: [REI]  - (-100.00) DefaultClientPlugin of DefaultClientPlugin [roughlyenoughitems]
[13:59:23] [REI-ReloadPlugins/INFO]: [REI]  - (0.00) REICompat of REICompat [sliceanddice]
[13:59:23] [REI-ReloadPlugins/INFO]: [REI]  - (0.00) HideIngredientsFromTagsPlugin of HideIngredientsFromTagsPlugin [roughlyenoughitems]
[13:59:23] [REI-ReloadPlugins/INFO]: [REI]  - (0.00) DefaultClientRuntimePlugin of DefaultClientRuntimePlugin [roughlyenoughitems]
[13:59:23] [REI-ReloadPlugins/INFO]: [REI]  - (0.00) ClientREIPlugin of ClientREIPlugin [farmersdelight]
[13:59:23] [REI-ReloadPlugins/INFO]: [REI]  - (0.00) ExpandedDelightREI of ExpandedDelightREI [expandeddelight]
[13:59:23] [REI-ReloadPlugins/INFO]: [REI]  - (0.00) CreateAdditionREI of CreateAdditionREI [createaddition]
[13:59:23] [REI-ReloadPlugins/INFO]: [REI]  - (0.00) NewAgeReiPlugin of NewAgeReiPlugin [create_new_age]
[13:59:23] [REI-ReloadPlugins/INFO]: [REI]  - (0.00) create:rei_plugin of create:rei_plugin [create]
[13:59:23] [REI-ReloadPlugins/INFO]: [REI]  - (0.00) ChiselREI of ChiselREI [chisel]
[13:59:23] [REI-ReloadPlugins/INFO]: [REI]  - (0.00) REITooltipPlugin of REITooltipPlugin [appleskin]
[13:59:23] [REI-ReloadPlugins/INFO]: [REI]  - (0.00) AdAstraReiPlugin of AdAstraReiPlugin [ad_astra]
[13:59:23] [REI-ReloadPlugins/INFO]: [REI]  - (0.00) ReiRecipeAction of ReiRecipeAction [wthit]
[13:59:23] [REI-ReloadPlugins/INFO]: [REI] ++++++++++++++++++++++++++++++++++++++++
[13:59:23] [Server thread/INFO]: Updating all forceload tickets for 5acd1cf0-e410-4449-bad1-ab372b14bc5b
[13:59:23] [Render thread/INFO]: Started 2 worker threads
[13:59:23] [REI-ReloadPlugins/INFO]: [STDOUT]: Finalizing fluid item registration
[13:59:23] [REI-ReloadPlugins/INFO]: [STDOUT]: Finalizing energy item registration
[13:59:23] [Render thread/INFO]: [bclib] Sending hello to server.
[13:59:23] [Netty Server IO #1/INFO]: Priority overwritten for player JONSZIN. Claiming: GRAVE / Robbing: INVENTORY
[13:59:23] [Render thread/INFO]: [WTHIT] Received config from the server: {"minecraft:attribute.horse_jump_height":true,"minecraft:bee.hive_occupants":true,"harvest:enabled":true,"minecraft:level.composter":true,"minecraft:entity.armor":true,"minecraft:effect.beacon":true,"minecraft:plant.tree_growable":true,"minecraft:attribute.horse_speed":true,"wailax:progress.enabled_entity":true,"minecraft:redstone.lever":true,"minecraft:jukebox.record":true,"minecraft:entity.absorption":true,"minecraft:book.bookshelf":true,"minecraft:effect.mob":true,"wailax:energy.enabled_entity":true,"test:hit_result.enabled":false,"test:sync_int":69,"wailax:fluid.enabled_block":true,"minecraft:plant.crop_growable":true,"minecraft:attribute.health":true,"minecraft:horse.jump_height":true,"minecraft:crop_growable":true,"test:sync_string":"\u003cempty\u003e","wailax:item.nbt":true,"minecraft:entity.health":true,"minecraft:attribute.beacon_effects":true,"minecraft:plant.crop_progress":true,"minecraft:pet.owner":true,"minecraft:bee.hive_honey_level":true,"wailax:fluid.enabled_entity":true,"minecraft:timer.grow":true,"minecraft:bee.hive_pos":true,"minecraft:entity.item_entity":true,"test:sync_bool":true,"minecraft:attribute.mob_effects":true,"minecraft:override.invisible_entity":true,"minecraft:spawner_type":true,"wailax:progress.enabled_block":true,"minecraft:note_block.type":true,"minecraft:tree_growable":true,"test:sync_double":42.0,"minecraft:override.infested":true,"wailax:item.enabled_entity":true,"minecraft:item_entity":true,"minecraft:breaking_progress.enabled":true,"minecraft:timer.breed":true,"test:sync_enum":"HEAD","minecraft:redstone.comparator":true,"minecraft:attribute.panda_genes":true,"wailax:item.enabled_block":true,"minecraft:spawner.type":true,"minecraft:effect.hidden_mob":false,"minecraft:override.trapped_chest":true,"minecraft:horse.speed":true,"minecraft:attribute.armor":true,"wailax:energy.enabled_block":true,"minecraft:attribute.absorption":true,"minecraft:redstone.level":true,"minecraft:level.honey":true,"minecraft:crop_progress":true,"minecraft:attribute.hidden_mob_effects":false,"minecraft:redstone.repeater":true,"minecraft:player_head.name":true,"minecraft:panda.genes":true,"minecraft:override.powder_snow":true}
[13:59:23] [Render thread/INFO]: [System] [CHAT] [Load My F***ing Tags]: It seems that some tags are a bit cooked. Look at the Logs for more details on broken functions. Click me for more info about this feature.
[13:59:23] [Render thread/WARN]: [REI] Suppressing Reload Plugins of stage START
[13:59:23] [Render thread/WARN]: Unknown recipe category: expandeddelight:juicing/expandeddelight:expandeddelight/juicing/glow_berry_juice
[13:59:24] [Render thread/WARN]: Unknown recipe category: expandeddelight:juicing/expandeddelight:expandeddelight/juicing/melon_juice
[13:59:24] [Render thread/WARN]: Unknown recipe category: expandeddelight:juicing/expandeddelight:expandeddelight/juicing/sweet_berry_juice
[13:59:24] [Render thread/WARN]: Unknown recipe category: expandeddelight:juicing/expandeddelight:expandeddelight/juicing/apple_juice
[13:59:25] [REI-ReloadPlugins/INFO]: [REI] @@@@@@@@@@@@@@@@@@@@@@@@@@@@@@@@@@@@@@@@
[13:59:25] [REI-ReloadPlugins/INFO]: [REI] REIServerPlugin starting main-reload for START.
[13:59:25] [REI-ReloadPlugins/INFO]: [REI] Plugins (3):
[13:59:25] [REI-ReloadPlugins/INFO]: [REI]  - (-100.00) DefaultPlugin of DefaultPlugin [roughlyenoughitems]
[13:59:25] [REI-ReloadPlugins/INFO]: [REI]  - (0.00) FabricFluidAPISupportPlugin
[13:59:25] [REI-ReloadPlugins/INFO]: [REI]  - (0.00) DefaultRuntimePlugin of DefaultRuntimePlugin [roughlyenoughitems]
[13:59:25] [REI-ReloadPlugins/INFO]: [REI] @@@@@@@@@@@@@@@@@@@@@@@@@@@@@@@@@@@@@@@@
[13:59:25] [REI-ReloadPlugins/INFO]: [WTHIT] Show recipe action set for Roughly Enough Items
[13:59:25] [REI-ReloadPlugins/INFO]: [REI] REIPlugin finished post-reload for START in 8.691 ms, totaling 181.0 ms.
[13:59:25] [REI-ReloadPlugins/INFO]: [REI] REIClientPlugin finished post-reload for START in 4.243 ms, totaling 1.900 s.
[13:59:25] [REI-ReloadPlugins/INFO]: [REI] REIServerPlugin finished post-reload for START in 828.8 ?s, totaling 6.325 ms.
[13:59:25] [REI-ReloadPlugins/INFO]: [REI] ~~~~~~~~~~~~~~~~~~~~~~~~~~~~~~~~~~~~~~~~
[13:59:25] [REI-ReloadPlugins/INFO]: [REI] REIPlugin starting main-reload for END.
[13:59:25] [REI-ReloadPlugins/INFO]: [REI] Plugins (16):
[13:59:25] [REI-ReloadPlugins/INFO]: [REI]  - (-100.00) DefaultClientPlugin of DefaultClientPlugin [roughlyenoughitems]
[13:59:25] [REI-ReloadPlugins/INFO]: [REI]  - (-100.00) DefaultPlugin of DefaultPlugin [roughlyenoughitems]
[13:59:25] [REI-ReloadPlugins/INFO]: [REI]  - (0.00) FabricFluidAPISupportPlugin
[13:59:25] [REI-ReloadPlugins/INFO]: [REI]  - (0.00) REICompat of REICompat [sliceanddice]
[13:59:25] [REI-ReloadPlugins/INFO]: [REI]  - (0.00) HideIngredientsFromTagsPlugin of HideIngredientsFromTagsPlugin [roughlyenoughitems]
[13:59:25] [REI-ReloadPlugins/INFO]: [REI]  - (0.00) DefaultClientRuntimePlugin of DefaultClientRuntimePlugin [roughlyenoughitems]
[13:59:25] [REI-ReloadPlugins/INFO]: [REI]  - (0.00) ClientREIPlugin of ClientREIPlugin [farmersdelight]
[13:59:25] [REI-ReloadPlugins/INFO]: [REI]  - (0.00) ExpandedDelightREI of ExpandedDelightREI [expandeddelight]
[13:59:25] [REI-ReloadPlugins/INFO]: [REI]  - (0.00) CreateAdditionREI of CreateAdditionREI [createaddition]
[13:59:25] [REI-ReloadPlugins/INFO]: [REI]  - (0.00) NewAgeReiPlugin of NewAgeReiPlugin [create_new_age]
[13:59:25] [REI-ReloadPlugins/INFO]: [REI]  - (0.00) create:rei_plugin of create:rei_plugin [create]
[13:59:25] [REI-ReloadPlugins/INFO]: [REI]  - (0.00) ChiselREI of ChiselREI [chisel]
[13:59:25] [REI-ReloadPlugins/INFO]: [REI]  - (0.00) REITooltipPlugin of REITooltipPlugin [appleskin]
[13:59:25] [REI-ReloadPlugins/INFO]: [REI]  - (0.00) AdAstraReiPlugin of AdAstraReiPlugin [ad_astra]
[13:59:25] [REI-ReloadPlugins/INFO]: [REI]  - (0.00) DefaultRuntimePlugin of DefaultRuntimePlugin [roughlyenoughitems]
[13:59:25] [REI-ReloadPlugins/INFO]: [REI]  - (0.00) ReiRecipeAction of ReiRecipeAction [wthit]
[13:59:25] [REI-ReloadPlugins/INFO]: [REI] ~~~~~~~~~~~~~~~~~~~~~~~~~~~~~~~~~~~~~~~~
[13:59:25] [Render thread/INFO]: Loading all registered leaf blocks.
[13:59:25] [REI-ReloadPlugins/INFO]: [REI] ########################################
[13:59:25] [REI-ReloadPlugins/INFO]: [REI] REIClientPlugin starting main-reload for END.
[13:59:25] [REI-ReloadPlugins/INFO]: [REI] Plugins (13):
[13:59:25] [REI-ReloadPlugins/INFO]: [REI]  - (-100.00) DefaultClientPlugin of DefaultClientPlugin [roughlyenoughitems]
[13:59:25] [REI-ReloadPlugins/INFO]: [REI]  - (0.00) REICompat of REICompat [sliceanddice]
[13:59:25] [REI-ReloadPlugins/INFO]: [REI]  - (0.00) HideIngredientsFromTagsPlugin of HideIngredientsFromTagsPlugin [roughlyenoughitems]
[13:59:25] [REI-ReloadPlugins/INFO]: [REI]  - (0.00) DefaultClientRuntimePlugin of DefaultClientRuntimePlugin [roughlyenoughitems]
[13:59:25] [REI-ReloadPlugins/INFO]: [REI]  - (0.00) ClientREIPlugin of ClientREIPlugin [farmersdelight]
[13:59:25] [REI-ReloadPlugins/INFO]: [REI]  - (0.00) ExpandedDelightREI of ExpandedDelightREI [expandeddelight]
[13:59:25] [REI-ReloadPlugins/INFO]: [REI]  - (0.00) CreateAdditionREI of CreateAdditionREI [createaddition]
[13:59:25] [REI-ReloadPlugins/INFO]: [REI]  - (0.00) NewAgeReiPlugin of NewAgeReiPlugin [create_new_age]
[13:59:25] [REI-ReloadPlugins/INFO]: [REI]  - (0.00) create:rei_plugin of create:rei_plugin [create]
[13:59:25] [REI-ReloadPlugins/INFO]: [REI]  - (0.00) ChiselREI of ChiselREI [chisel]
[13:59:25] [REI-ReloadPlugins/INFO]: [REI]  - (0.00) REITooltipPlugin of REITooltipPlugin [appleskin]
[13:59:25] [REI-ReloadPlugins/INFO]: [REI]  - (0.00) AdAstraReiPlugin of AdAstraReiPlugin [ad_astra]
[13:59:25] [REI-ReloadPlugins/INFO]: [REI]  - (0.00) ReiRecipeAction of ReiRecipeAction [wthit]
[13:59:25] [REI-ReloadPlugins/INFO]: [REI] ########################################
[13:59:25] [Render thread/INFO]: Loaded 1389 advancements
[13:59:25] [Render thread/INFO]: BookContentResourceListenerLoader: Files found in 730.8 ?s
[13:59:25] [Render thread/INFO]: BookContentResourceListenerLoader: Files found in 779.2 ?s
[13:59:25] [Render thread/INFO]: BookContentResourceListenerLoader: Files found in 564.1 ?s
[13:59:30] [REI-ReloadPlugins/INFO]: [REI] ~~~~~~~~~~~~~~~~~~~~~~~~~~~~~~~~~~~~~~~~
[13:59:30] [REI-ReloadPlugins/INFO]: [REI] REIServerPlugin starting main-reload for END.
[13:59:30] [REI-ReloadPlugins/INFO]: [REI] Plugins (3):
[13:59:30] [REI-ReloadPlugins/INFO]: [REI]  - (-100.00) DefaultPlugin of DefaultPlugin [roughlyenoughitems]
[13:59:30] [REI-ReloadPlugins/INFO]: [REI]  - (0.00) FabricFluidAPISupportPlugin
[13:59:30] [REI-ReloadPlugins/INFO]: [REI]  - (0.00) DefaultRuntimePlugin of DefaultRuntimePlugin [roughlyenoughitems]
[13:59:30] [REI-ReloadPlugins/INFO]: [REI] ~~~~~~~~~~~~~~~~~~~~~~~~~~~~~~~~~~~~~~~~
[13:59:30] [REI-ReloadPlugins/INFO]: [REI] REIPlugin finished post-reload for END in 2.472 ms, totaling 104.5 ms.
[13:59:30] [REI-ReloadPlugins/INFO]: [REI] REIClientPlugin finished post-reload for END in 3.808 ms, totaling 5.135 s.
[13:59:30] [REI-ReloadPlugins/INFO]: [REI] REIServerPlugin finished post-reload for END in 805.7 ?s, totaling 23.62 ms.
[13:59:36] [Server thread/INFO]: [bclib] Received Hello from Client. (server=3.0.14, client=3.0.14)
[13:59:36] [Server thread/INFO]: [bclib] Auto-Sync is disabled for Singleplayer worlds.
[13:59:36] [Server thread/WARN]: Can't keep up! Is the server overloaded? Running 14494ms or 289 ticks behind
[13:59:58] [Server thread/INFO]: [STDOUT]: Finalizing fluid block registration
[14:00:00] [Server thread/WARN]: Can't keep up! Is the server overloaded? Running 2004ms or 40 ticks behind
[14:00:00] [Render thread/INFO]: Destroying pipeline minecraft:overworld
[14:00:00] [Render thread/INFO]: Shaders are disabled because no valid shaderpack is selected
[14:00:00] [Render thread/INFO]: Creating pipeline for dimension minecraft:overworld
[14:00:00] [Render thread/INFO]: Stopping worker threads
[14:00:00] [Render thread/INFO]: Started 2 worker threads
[14:00:00] [Render thread/INFO]: [System] [CHAT] Sombreadores recarregados!
[14:00:25] [Server thread/INFO]: [STDOUT]: Finalizing energy block registration
[14:03:47] [Render thread/INFO]: Loaded 1397 advancements
[14:04:28] [Server thread/INFO]: Saving and pausing game...
[14:04:28] [Server thread/INFO]: Saving chunks for level 'ServerLevel[CriolinhoSurvivor]'/minecraft:overworld
[14:04:29] [Server thread/INFO]: Saving chunks for level 'ServerLevel[CriolinhoSurvivor]'/ad_astra:mars
[14:04:29] [Server thread/INFO]: Saving chunks for level 'ServerLevel[CriolinhoSurvivor]'/ad_astra:mercury_orbit
[14:04:29] [Server thread/INFO]: Saving chunks for level 'ServerLevel[CriolinhoSurvivor]'/minecraft:the_end
[14:04:29] [Server thread/INFO]: Saving chunks for level 'ServerLevel[CriolinhoSurvivor]'/ad_astra:mercury
[14:04:29] [Server thread/INFO]: Saving chunks for level 'ServerLevel[CriolinhoSurvivor]'/ad_astra:glacio
[14:04:29] [Server thread/INFO]: Saving chunks for level 'ServerLevel[CriolinhoSurvivor]'/ad_astra:earth_orbit
[14:04:29] [Server thread/INFO]: Saving chunks for level 'ServerLevel[CriolinhoSurvivor]'/ad_astra:venus_orbit
[14:04:29] [Server thread/INFO]: Saving chunks for level 'ServerLevel[CriolinhoSurvivor]'/ad_astra:moon
[14:04:29] [Server thread/INFO]: Saving chunks for level 'ServerLevel[CriolinhoSurvivor]'/minecraft:the_nether
[14:04:29] [Server thread/INFO]: Saving chunks for level 'ServerLevel[CriolinhoSurvivor]'/ad_astra:mars_orbit
[14:04:29] [Server thread/INFO]: Saving chunks for level 'ServerLevel[CriolinhoSurvivor]'/ad_astra:moon_orbit
[14:04:29] [Server thread/INFO]: Saving chunks for level 'ServerLevel[CriolinhoSurvivor]'/ad_astra:glacio_orbit
[14:04:29] [Server thread/INFO]: Saving chunks for level 'ServerLevel[CriolinhoSurvivor]'/ad_astra:venus
[14:09:52] [Render thread/INFO]: Stopping worker threads
[14:09:52] [Render thread/INFO]: Started 2 worker threads
[14:09:52] [Render thread/INFO]: [System] [CHAT] [Depuração]: Recarregando todos os chunks
[14:09:53] [Render thread/INFO]: Destroying pipeline minecraft:overworld
[14:09:53] [Render thread/INFO]: Shaders are disabled because no valid shaderpack is selected
[14:09:53] [Render thread/INFO]: Creating pipeline for dimension minecraft:overworld
[14:09:53] [Render thread/INFO]: Stopping worker threads
[14:09:53] [Render thread/INFO]: Started 2 worker threads
[14:09:53] [Render thread/INFO]: [System] [CHAT] Sombreadores recarregados!
[14:09:54] [Server thread/INFO]: Saving and pausing game...
[14:09:54] [Server thread/INFO]: Saving chunks for level 'ServerLevel[CriolinhoSurvivor]'/minecraft:overworld
[14:09:54] [Server thread/INFO]: Saving chunks for level 'ServerLevel[CriolinhoSurvivor]'/ad_astra:mars
[14:09:54] [Server thread/INFO]: Saving chunks for level 'ServerLevel[CriolinhoSurvivor]'/ad_astra:mercury_orbit
[14:09:54] [Server thread/INFO]: Saving chunks for level 'ServerLevel[CriolinhoSurvivor]'/minecraft:the_end
[14:09:54] [Server thread/INFO]: Saving chunks for level 'ServerLevel[CriolinhoSurvivor]'/ad_astra:mercury
[14:09:54] [Server thread/INFO]: Saving chunks for level 'ServerLevel[CriolinhoSurvivor]'/ad_astra:glacio
[14:09:54] [Server thread/INFO]: Saving chunks for level 'ServerLevel[CriolinhoSurvivor]'/ad_astra:earth_orbit
[14:09:54] [Server thread/INFO]: Saving chunks for level 'ServerLevel[CriolinhoSurvivor]'/ad_astra:venus_orbit
[14:09:54] [Server thread/INFO]: Saving chunks for level 'ServerLevel[CriolinhoSurvivor]'/ad_astra:moon
[14:09:54] [Server thread/INFO]: Saving chunks for level 'ServerLevel[CriolinhoSurvivor]'/minecraft:the_nether
[14:09:54] [Server thread/INFO]: Saving chunks for level 'ServerLevel[CriolinhoSurvivor]'/ad_astra:mars_orbit
[14:09:54] [Server thread/INFO]: Saving chunks for level 'ServerLevel[CriolinhoSurvivor]'/ad_astra:moon_orbit
[14:09:54] [Server thread/INFO]: Saving chunks for level 'ServerLevel[CriolinhoSurvivor]'/ad_astra:glacio_orbit
[14:09:54] [Server thread/INFO]: Saving chunks for level 'ServerLevel[CriolinhoSurvivor]'/ad_astra:venus
[14:11:07] [Server thread/INFO]: JONSZIN lost connection: Desconectado
[14:11:07] [Server thread/INFO]: JONSZIN saiu do jogo
[14:11:07] [Server thread/INFO]: Updating all forceload tickets for 5acd1cf0-e410-4449-bad1-ab372b14bc5b
[14:11:09] [Server thread/INFO]: Stopping singleplayer server as player logged out
[14:11:09] [Server thread/INFO]: Stopping server
[14:11:09] [Server thread/INFO]: Saving players
[14:11:09] [Server thread/INFO]: Saving worlds
[14:11:09] [Server thread/INFO]: Saving chunks for level 'ServerLevel[CriolinhoSurvivor]'/minecraft:overworld
[14:11:12] [Server thread/INFO]: Saving chunks for level 'ServerLevel[CriolinhoSurvivor]'/ad_astra:mars
[14:11:12] [Server thread/INFO]: Saving chunks for level 'ServerLevel[CriolinhoSurvivor]'/ad_astra:mercury_orbit
[14:11:12] [Server thread/INFO]: Saving chunks for level 'ServerLevel[CriolinhoSurvivor]'/minecraft:the_end
[14:11:12] [Server thread/INFO]: Saving chunks for level 'ServerLevel[CriolinhoSurvivor]'/ad_astra:mercury
[14:11:12] [Server thread/INFO]: Saving chunks for level 'ServerLevel[CriolinhoSurvivor]'/ad_astra:glacio
[14:11:12] [Server thread/INFO]: Saving chunks for level 'ServerLevel[CriolinhoSurvivor]'/ad_astra:earth_orbit
[14:11:12] [Server thread/INFO]: Saving chunks for level 'ServerLevel[CriolinhoSurvivor]'/ad_astra:venus_orbit
[14:11:12] [Server thread/INFO]: Saving chunks for level 'ServerLevel[CriolinhoSurvivor]'/ad_astra:moon
[14:11:12] [Server thread/INFO]: Saving chunks for level 'ServerLevel[CriolinhoSurvivor]'/minecraft:the_nether
[14:11:12] [Server thread/INFO]: Saving chunks for level 'ServerLevel[CriolinhoSurvivor]'/ad_astra:mars_orbit
[14:11:12] [Server thread/INFO]: Saving chunks for level 'ServerLevel[CriolinhoSurvivor]'/ad_astra:moon_orbit
[14:11:12] [Server thread/INFO]: Saving chunks for level 'ServerLevel[CriolinhoSurvivor]'/ad_astra:glacio_orbit
[14:11:12] [Server thread/INFO]: Saving chunks for level 'ServerLevel[CriolinhoSurvivor]'/ad_astra:venus
[14:11:12] [Server thread/INFO]: ThreadedAnvilChunkStorage (CriolinhoSurvivor): All chunks are saved
[14:11:12] [Server thread/INFO]: ThreadedAnvilChunkStorage (mars): All chunks are saved
[14:11:12] [Server thread/INFO]: ThreadedAnvilChunkStorage (mercury_orbit): All chunks are saved
[14:11:12] [Server thread/INFO]: ThreadedAnvilChunkStorage (DIM1): All chunks are saved
[14:11:12] [Server thread/INFO]: ThreadedAnvilChunkStorage (mercury): All chunks are saved
[14:11:12] [Server thread/INFO]: ThreadedAnvilChunkStorage (glacio): All chunks are saved
[14:11:12] [Server thread/INFO]: ThreadedAnvilChunkStorage (earth_orbit): All chunks are saved
[14:11:12] [Server thread/INFO]: ThreadedAnvilChunkStorage (venus_orbit): All chunks are saved
[14:11:12] [Server thread/INFO]: ThreadedAnvilChunkStorage (moon): All chunks are saved
[14:11:12] [Server thread/INFO]: ThreadedAnvilChunkStorage (DIM-1): All chunks are saved
[14:11:12] [Server thread/INFO]: ThreadedAnvilChunkStorage (mars_orbit): All chunks are saved
[14:11:12] [Server thread/INFO]: ThreadedAnvilChunkStorage (moon_orbit): All chunks are saved
[14:11:12] [Server thread/INFO]: ThreadedAnvilChunkStorage (glacio_orbit): All chunks are saved
[14:11:12] [Server thread/INFO]: ThreadedAnvilChunkStorage (venus): All chunks are saved
[14:11:12] [Server thread/INFO]: ThreadedAnvilChunkStorage: All dimensions are saved
[14:11:12] [Server thread/INFO]: Stopping IO worker...
[14:11:12] [Server thread/INFO]: Stopped IO worker!
[14:11:12] [Render thread/INFO]: Stopping worker threads
[14:12:42] [Render thread/INFO]: Stopping!
[14:12:42] [CullThread/INFO]: [STDOUT]: Shutting down culling task!
