[13:57:43] [Render thread/INFO] ========================================
[13:57:43] [Render thread/INFO] Minecraft: 1.20.1
[13:57:43] [Render thread/INFO] Side: client
[13:57:43] [Render thread/INFO] Development: false
[13:57:43] [Render thread/INFO] Version: 12.1.725
[13:57:43] [Render thread/INFO] Loader:
[13:57:43] [Render thread/INFO] - Fabric: 0.16.0
[13:57:43] [Render thread/INFO] - Fabric API: 0.92.2+1.20.1
[13:57:43] [Render thread/INFO] Dependencies:
[13:57:43] [Render thread/INFO] - Cloth Config: 11.1.118
[13:57:43] [Render thread/INFO] - Architectury: 9.2.14
[13:57:43] [Render thread/INFO] Mixin: 0.8.7
[13:57:43] [Render thread/INFO] OS: Windows 10 10.0 (amd64)
[13:57:43] [Render thread/INFO] Java: 17.0.8 (Eclipse Adoptium)
[13:57:43] [Render thread/INFO] ========================================
[13:57:43] [Render thread/INFO] Mods:
[13:57:43] [Render thread/INFO] - ad_astra: 1.15.20
[13:57:43] [Render thread/INFO] - alternate-current: 1.7.0
[13:57:43] [Render thread/INFO] - appleskin: 2.5.1+mc1.20
[13:57:43] [Render thread/INFO] - aquamirae: 6
[13:57:43] [Render thread/INFO] - architectury: 9.2.14
[13:57:43] [Render thread/INFO] - badpackets: 0.4.3
[13:57:43] [Render thread/INFO] - bclib: 3.0.14
[13:57:43] [Render thread/INFO] - betteradvancements: 0.4.2.10
[13:57:43] [Render thread/INFO] - betterchunkloading: 1.20.1-4.3
[13:57:43] [Render thread/INFO] - blue_endless_jankson: 1.2.3
[13:57:43] [Render thread/INFO] - botarium: 2.3.4
[13:57:43] [Render thread/INFO] - brutalbosses: 1.20.1-8.5
[13:57:43] [Render thread/INFO] - c2me: 0.2.0+alpha.11.18
[13:57:43] [Render thread/INFO] - c2me-base: 0.2.0+alpha.11.18
[13:57:43] [Render thread/INFO] - c2me-client-uncapvd: 0.2.0+alpha.11.18
[13:57:43] [Render thread/INFO] - c2me-fixes-chunkio-threading-issues: 0.2.0+alpha.11.18
[13:57:43] [Render thread/INFO] - c2me-fixes-general-threading-issues: 0.2.0+alpha.11.18
[13:57:43] [Render thread/INFO] - c2me-fixes-worldgen-threading-issues: 0.2.0+alpha.11.18
[13:57:43] [Render thread/INFO] - c2me-fixes-worldgen-vanilla-bugs: 0.2.0+alpha.11.18
[13:57:43] [Render thread/INFO] - c2me-notickvd: 0.2.0+alpha.11.18
[13:57:43] [Render thread/INFO] - c2me-opts-allocs: 0.2.0+alpha.11.18
[13:57:43] [Render thread/INFO] - c2me-opts-chunk-access: 0.2.0+alpha.11.18
[13:57:43] [Render thread/INFO] - c2me-opts-chunkio: 0.2.0+alpha.11.18
[13:57:43] [Render thread/INFO] - c2me-opts-math: 0.2.0+alpha.11.18
[13:57:43] [Render thread/INFO] - c2me-opts-scheduling: 0.2.0+alpha.11.18
[13:57:43] [Render thread/INFO] - c2me-opts-worldgen-general: 0.2.0+alpha.11.18
[13:57:43] [Render thread/INFO] - c2me-opts-worldgen-vanilla: 0.2.0+alpha.11.18
[13:57:43] [Render thread/INFO] - c2me-rewrites-chunk-serializer: 0.2.0+alpha.11.18
[13:57:43] [Render thread/INFO] - c2me-rewrites-chunkio: 0.2.0+alpha.11.18
[13:57:43] [Render thread/INFO] - c2me-server-utils: 0.2.0+alpha.11.18
[13:57:43] [Render thread/INFO] - c2me-threading-chunkio: 0.2.0+alpha.11.18
[13:57:43] [Render thread/INFO] - c2me-threading-lighting: 0.2.0+alpha.11.18
[13:57:43] [Render thread/INFO] - c2me-threading-worldgen: 0.2.0+alpha.11.18
[13:57:43] [Render thread/INFO] - caffeineconfig: 1.3.0+1.17
[13:57:43] [Render thread/INFO] - cardinal-components: 5.2.2
[13:57:43] [Render thread/INFO] - cardinal-components-base: 5.2.2
[13:57:43] [Render thread/INFO] - cardinal-components-block: 5.2.2
[13:57:43] [Render thread/INFO] - cardinal-components-chunk: 5.2.2
[13:57:43] [Render thread/INFO] - cardinal-components-entity: 5.2.2
[13:57:43] [Render thread/INFO] - cardinal-components-item: 5.2.2
[13:57:43] [Render thread/INFO] - cardinal-components-level: 5.2.2
[13:57:43] [Render thread/INFO] - cardinal-components-scoreboard: 5.2.2
[13:57:43] [Render thread/INFO] - cardinal-components-world: 5.2.2
[13:57:43] [Render thread/INFO] - carryon: 2.1.2.7
[13:57:43] [Render thread/INFO] - chisel: 2.0.0+mc1.20.1
[13:57:43] [Render thread/INFO] - chunksending: 1.20.1-2.8
[13:57:43] [Render thread/INFO] - cloth-basic-math: 0.6.1
[13:57:43] [Render thread/INFO] - cloth-config: 11.1.118
[13:57:43] [Render thread/INFO] - cloth-config: 11.1.118
[13:57:43] [Render thread/INFO] - clumps: 12.0.0.4
[13:57:43] [Render thread/INFO] - com_akuleshov7_ktoml-core-jvm: 0.5.1
[13:57:43] [Render thread/INFO] - com_electronwill_night-config_core: 3.6.6
[13:57:43] [Render thread/INFO] - com_electronwill_night-config_toml: 3.6.6
[13:57:43] [Render thread/INFO] - com_eliotlash_mclib_mclib: 20
[13:57:43] [Render thread/INFO] - com_google_code_findbugs_jsr305: 3.0.2
[13:57:43] [Render thread/INFO] - com_ibm_async_asyncutil: 0.1.0
[13:57:43] [Render thread/INFO] - com_teamresourceful_bytecodecs: 1.0.2
[13:57:43] [Render thread/INFO] - com_teamresourceful_yabn: 1.0.3
[13:57:43] [Render thread/INFO] - com_twelvemonkeys_common_common-image: 3.10.0
[13:57:43] [Render thread/INFO] - com_twelvemonkeys_common_common-io: 3.10.0
[13:57:43] [Render thread/INFO] - com_twelvemonkeys_common_common-lang: 3.10.0
[13:57:43] [Render thread/INFO] - com_twelvemonkeys_imageio_imageio-core: 3.10.0
[13:57:43] [Render thread/INFO] - com_twelvemonkeys_imageio_imageio-metadata: 3.10.0
[13:57:43] [Render thread/INFO] - com_twelvemonkeys_imageio_imageio-webp: 3.10.0
[13:57:43] [Render thread/INFO] - com_velocitypowered_velocity-native: 3.2.0-SNAPSHOT
[13:57:43] [Render thread/INFO] - connectivity: 1.20.1-5.6
[13:57:43] [Render thread/INFO] - continuity: 3.0.0+1.20.1
[13:57:43] [Render thread/INFO] - controlling: 12.0.2
[13:57:43] [Render thread/INFO] - create: 0.5.1-f-build.1417+mc1.20.1
[13:57:43] [Render thread/INFO] - create_dragon_lib: 1.4.2
[13:57:43] [Render thread/INFO] - create_enchantment_industry: 1.2.16
[13:57:43] [Render thread/INFO] - create_new_age: 1.1.2
[13:57:43] [Render thread/INFO] - createaddition: 1.2.4
[13:57:43] [Render thread/INFO] - creategoggles: 0.5.5.g
[13:57:43] [Render thread/INFO] - crowdin-translate: 1.4+1.19.3
[13:57:43] [Render thread/INFO] - cryonicconfig: 1.0.0+mc1.20.1
[13:57:43] [Render thread/INFO] - cullleaves: 3.2.0
[13:57:43] [Render thread/INFO] - cupboard: 1.20.1-2.7
[13:57:43] [Render thread/INFO] - debugify: 1.20.1+2.0
[13:57:43] [Render thread/INFO] - decorative_blocks: 4.1.3
[13:57:43] [Render thread/INFO] - deepslatecutting: 1.7.0
[13:57:43] [Render thread/INFO] - diggusmaximus: 1.5.9-1.20
[13:57:43] [Render thread/INFO] - dripstone_fluid_lib: 3.0.2
[13:57:43] [Render thread/INFO] - dynamic_fps: 3.6.0
[13:57:43] [Render thread/INFO] - easyanvils: 8.0.2
[13:57:43] [Render thread/INFO] - easymagic: 8.0.1
[13:57:43] [Render thread/INFO] - entityculling: 1.6.6
[13:57:43] [Render thread/INFO] - error_notifier: 1.0.9
[13:57:43] [Render thread/INFO] - expandeddelight: 0.3.1
[13:57:43] [Render thread/INFO] - extendedgears: 2.1.1-1.20.1-0.5.1.f-fabric
[13:57:43] [Render thread/INFO] - fabric-api: 0.92.2+1.20.1
[13:57:43] [Render thread/INFO] - fabric-api: 0.92.2+1.20.1
[13:57:43] [Render thread/INFO] - fabric-api-base: 0.4.31+1802ada577
[13:57:43] [Render thread/INFO] - fabric-api-lookup-api-v1: 1.6.36+1802ada577
[13:57:43] [Render thread/INFO] - fabric-biome-api-v1: 13.0.13+1802ada577
[13:57:43] [Render thread/INFO] - fabric-block-api-v1: 1.0.11+1802ada577
[13:57:43] [Render thread/INFO] - fabric-block-view-api-v2: 1.0.1+1802ada577
[13:57:43] [Render thread/INFO] - fabric-blockrenderlayer-v1: 1.1.41+1802ada577
[13:57:43] [Render thread/INFO] - fabric-client-tags-api-v1: 1.1.2+1802ada577
[13:57:43] [Render thread/INFO] - fabric-command-api-v1: 1.2.34+f71b366f77
[13:57:43] [Render thread/INFO] - fabric-command-api-v2: 2.2.13+1802ada577
[13:57:43] [Render thread/INFO] - fabric-commands-v0: 0.2.51+df3654b377
[13:57:43] [Render thread/INFO] - fabric-containers-v0: 0.1.64+df3654b377
[13:57:43] [Render thread/INFO] - fabric-content-registries-v0: 4.0.11+1802ada577
[13:57:43] [Render thread/INFO] - fabric-convention-tags-v1: 1.5.5+1802ada577
[13:57:43] [Render thread/INFO] - fabric-crash-report-info-v1: 0.2.19+1802ada577
[13:57:43] [Render thread/INFO] - fabric-data-attachment-api-v1: 1.0.0+de0fd6d177
[13:57:43] [Render thread/INFO] - fabric-data-generation-api-v1: 12.3.4+1802ada577
[13:57:43] [Render thread/INFO] - fabric-dimensions-v1: 2.1.54+1802ada577
[13:57:43] [Render thread/INFO] - fabric-entity-events-v1: 1.6.0+1c78457f77
[13:57:43] [Render thread/INFO] - fabric-events-interaction-v0: 0.6.2+1802ada577
[13:57:43] [Render thread/INFO] - fabric-events-lifecycle-v0: 0.2.63+df3654b377
[13:57:43] [Render thread/INFO] - fabric-game-rule-api-v1: 1.0.40+1802ada577
[13:57:43] [Render thread/INFO] - fabric-item-api-v1: 2.1.28+1802ada577
[13:57:43] [Render thread/INFO] - fabric-item-group-api-v1: 4.0.12+1802ada577
[13:57:43] [Render thread/INFO] - fabric-key-binding-api-v1: 1.0.37+1802ada577
[13:57:43] [Render thread/INFO] - fabric-keybindings-v0: 0.2.35+df3654b377
[13:57:43] [Render thread/INFO] - fabric-language-kotlin: 1.11.0+kotlin.2.0.0
[13:57:43] [Render thread/INFO] - fabric-lifecycle-events-v1: 2.2.22+1802ada577
[13:57:43] [Render thread/INFO] - fabric-loot-api-v2: 1.2.1+1802ada577
[13:57:43] [Render thread/INFO] - fabric-loot-tables-v1: 1.1.45+9e7660c677
[13:57:43] [Render thread/INFO] - fabric-message-api-v1: 5.1.9+1802ada577
[13:57:43] [Render thread/INFO] - fabric-mining-level-api-v1: 2.1.50+1802ada577
[13:57:43] [Render thread/INFO] - fabric-model-loading-api-v1: 1.0.3+1802ada577
[13:57:43] [Render thread/INFO] - fabric-models-v0: 0.4.2+9386d8a777
[13:57:43] [Render thread/INFO] - fabric-networking-api-v1: 1.3.11+1802ada577
[13:57:43] [Render thread/INFO] - fabric-networking-v0: 0.3.51+df3654b377
[13:57:43] [Render thread/INFO] - fabric-object-builder-api-v1: 11.1.3+1802ada577
[13:57:43] [Render thread/INFO] - fabric-particles-v1: 1.1.2+1802ada577
[13:57:43] [Render thread/INFO] - fabric-permissions-api-v0: 0.2-SNAPSHOT
[13:57:43] [Render thread/INFO] - fabric-recipe-api-v1: 1.0.21+1802ada577
[13:57:43] [Render thread/INFO] - fabric-registry-sync-v0: 2.3.3+1802ada577
[13:57:43] [Render thread/INFO] - fabric-renderer-api-v1: 3.2.1+1802ada577
[13:57:43] [Render thread/INFO] - fabric-renderer-indigo: 1.5.2+85287f9f77
[13:57:43] [Render thread/INFO] - fabric-renderer-registries-v1: 3.2.46+df3654b377
[13:57:43] [Render thread/INFO] - fabric-rendering-data-attachment-v1: 0.3.37+92a0d36777
[13:57:43] [Render thread/INFO] - fabric-rendering-fluids-v1: 3.0.28+1802ada577
[13:57:43] [Render thread/INFO] - fabric-rendering-v0: 1.1.49+df3654b377
[13:57:43] [Render thread/INFO] - fabric-rendering-v1: 3.0.8+1802ada577
[13:57:43] [Render thread/INFO] - fabric-resource-conditions-api-v1: 2.3.8+1802ada577
[13:57:43] [Render thread/INFO] - fabric-resource-loader-v0: 0.11.10+1802ada577
[13:57:43] [Render thread/INFO] - fabric-screen-api-v1: 2.0.8+1802ada577
[13:57:43] [Render thread/INFO] - fabric-screen-handler-api-v1: 1.3.30+1802ada577
[13:57:43] [Render thread/INFO] - fabric-sound-api-v1: 1.0.13+1802ada577
[13:57:43] [Render thread/INFO] - fabric-transfer-api-v1: 3.3.5+8dd72ea377
[13:57:43] [Render thread/INFO] - fabric-transitive-access-wideners-v1: 4.3.1+1802ada577
[13:57:43] [Render thread/INFO] - fabricloader: 0.16.0
[13:57:43] [Render thread/INFO] - fallingleaves: 1.15.6
[13:57:43] [Render thread/INFO] - farmersdelight: 1.20.1-2.1.1+refabricated
[13:57:43] [Render thread/INFO] - ferritecore: 6.0.1
[13:57:43] [Render thread/INFO] - fiber: 0.23.0-2
[13:57:43] [Render thread/INFO] - fish_n_ships: 1.0.0
[13:57:43] [Render thread/INFO] - flywheel: 0.6.10-2
[13:57:43] [Render thread/INFO] - forgeconfigapiport: 8.0.0
[13:57:43] [Render thread/INFO] - geckolib: 4.8.4
[13:57:43] [Render thread/INFO] - gpumemleakfix: 1.20.1-1.8
[13:57:43] [Render thread/INFO] - handcrafted: 3.0.6
[13:57:43] [Render thread/INFO] - immediatelyfast: 1.5.5+1.20.4
[13:57:43] [Render thread/INFO] - indium: 1.0.34+mc1.20.1
[13:57:43] [Render thread/INFO] - inventorysorter: 1.9.0-1.20
[13:57:43] [Render thread/INFO] - io_github_douira_glsl-transformer: 2.0.1
[13:57:43] [Render thread/INFO] - iris: 1.7.2+mc1.20.1
[13:57:43] [Render thread/INFO] - jankson: 6.0.0+j1.2.3
[13:57:43] [Render thread/INFO] - java: 17
[13:57:43] [Render thread/INFO] - javazoom_jlayer: 1.0.1
[13:57:43] [Render thread/INFO] - krypton: 0.2.3
[13:57:43] [Render thread/INFO] - kyrptconfig: 1.5.6-1.20
[13:57:43] [Render thread/INFO] - lazydfu: 0.1.3
[13:57:43] [Render thread/INFO] - libgui: 8.1.1+1.20.1
[13:57:43] [Render thread/INFO] - libninepatch: 1.2.0
[13:57:43] [Render thread/INFO] - lithium: 0.11.2
[13:57:43] [Render thread/INFO] - lmft: 1.1.1+1.21.9
[13:57:43] [Render thread/INFO] - midnightlib: 1.4.1
[13:57:43] [Render thread/INFO] - milk: 1.2.60
[13:57:43] [Render thread/INFO] - minecraft: 1.20.1
[13:57:43] [Render thread/INFO] - miningspeedtooltips: 1.0.0
[13:57:43] [Render thread/INFO] - mixinextras: 0.4.0
[13:57:43] [Render thread/INFO] - mm: 2.3
[13:57:43] [Render thread/INFO] - modmenu: 7.2.2
[13:57:43] [Render thread/INFO] - mousetweaks: 2.26
[13:57:43] [Render thread/INFO] - mr_dungeons_andtaverns: 3.0.3.f
[13:57:43] [Render thread/INFO] - net_lenni0451_reflect: 1.6.2
[13:57:43] [Render thread/INFO] - net_lostluma_battery: 1.0.1
[13:57:43] [Render thread/INFO] - net_objecthunter_exp4j: 0.4.8
[13:57:43] [Render thread/INFO] - obscure_api: 16
[13:57:43] [Render thread/INFO] - omega-config: 1.4.0+1.20.1
[13:57:43] [Render thread/INFO] - opaccreatesupport: 1.6.0
[13:57:43] [Render thread/INFO] - openpartiesandclaims: 0.23.1
[13:57:43] [Render thread/INFO] - org_anarres_jcpp: 1.4.14
[13:57:43] [Render thread/INFO] - org_antlr_antlr4-runtime: 4.13.1
[13:57:43] [Render thread/INFO] - org_jetbrains_kotlin_kotlin-reflect: 2.0.0
[13:57:43] [Render thread/INFO] - org_jetbrains_kotlin_kotlin-stdlib: 2.0.0
[13:57:43] [Render thread/INFO] - org_jetbrains_kotlin_kotlin-stdlib-jdk7: 2.0.0
[13:57:43] [Render thread/INFO] - org_jetbrains_kotlin_kotlin-stdlib-jdk8: 2.0.0
[13:57:43] [Render thread/INFO] - org_jetbrains_kotlinx_atomicfu-jvm: 0.24.0
[13:57:43] [Render thread/INFO] - org_jetbrains_kotlinx_kotlinx-coroutines-core-jvm: 1.8.1
[13:57:43] [Render thread/INFO] - org_jetbrains_kotlinx_kotlinx-coroutines-jdk8: 1.8.1
[13:57:43] [Render thread/INFO] - org_jetbrains_kotlinx_kotlinx-datetime-jvm: 0.6.0
[13:57:43] [Render thread/INFO] - org_jetbrains_kotlinx_kotlinx-serialization-cbor-jvm: 1.6.3
[13:57:43] [Render thread/INFO] - org_jetbrains_kotlinx_kotlinx-serialization-core-jvm: 1.6.3
[13:57:43] [Render thread/INFO] - org_jetbrains_kotlinx_kotlinx-serialization-json-jvm: 1.6.3
[13:57:43] [Render thread/INFO] - org_quiltmc_parsers_gson: 0.2.1
[13:57:43] [Render thread/INFO] - org_quiltmc_parsers_json: 0.2.1
[13:57:43] [Render thread/INFO] - org_threadly_threadly: 7.0
[13:57:43] [Render thread/INFO] - patchouli: 1.20.1-84-FABRIC
[13:57:43] [Render thread/INFO] - porting_lib_accessors: 2.3.4+1.20.1
[13:57:43] [Render thread/INFO] - porting_lib_attributes: 2.3.4+1.20.1
[13:57:43] [Render thread/INFO] - porting_lib_base: 2.3.4+1.20.1
[13:57:43] [Render thread/INFO] - porting_lib_brewing: 2.3.2+1.20.1
[13:57:43] [Render thread/INFO] - porting_lib_client_events: 2.3.4+1.20.1
[13:57:43] [Render thread/INFO] - porting_lib_common: 2.3.4+1.20.1
[13:57:43] [Render thread/INFO] - porting_lib_config: 2.3.4+1.20.1
[13:57:43] [Render thread/INFO] - porting_lib_core: 2.3.4+1.20.1
[13:57:43] [Render thread/INFO] - porting_lib_data: 2.1.1090+1.20
[13:57:43] [Render thread/INFO] - porting_lib_entity: 2.3.4+1.20.1
[13:57:43] [Render thread/INFO] - porting_lib_extensions: 2.3.4+1.20.1
[13:57:43] [Render thread/INFO] - porting_lib_fluids: 2.3.4+1.20.1
[13:57:43] [Render thread/INFO] - porting_lib_gametest: 2.1.1090+1.20
[13:57:43] [Render thread/INFO] - porting_lib_lazy_registration: 2.3.4+1.20.1
[13:57:43] [Render thread/INFO] - porting_lib_loot: 2.3.4+1.20.1
[13:57:43] [Render thread/INFO] - porting_lib_mixin_extensions: 2.3.4+1.20.1
[13:57:43] [Render thread/INFO] - porting_lib_model_generators: 2.1.1090+1.20
[13:57:43] [Render thread/INFO] - porting_lib_model_loader: 2.3.2+1.20.1
[13:57:43] [Render thread/INFO] - porting_lib_model_materials: 2.1.1090+1.20
[13:57:43] [Render thread/INFO] - porting_lib_models: 2.3.2+1.20.1
[13:57:43] [Render thread/INFO] - porting_lib_networking: 2.3.4+1.20.1
[13:57:43] [Render thread/INFO] - porting_lib_obj_loader: 2.3.2+1.20.1
[13:57:43] [Render thread/INFO] - porting_lib_recipe_book_categories: 2.3.4+1.20.1
[13:57:43] [Render thread/INFO] - porting_lib_registries: 2.3.4+1.20.1
[13:57:43] [Render thread/INFO] - porting_lib_tags: 3.0
[13:57:43] [Render thread/INFO] - porting_lib_tool_actions: 2.3.4+1.20.1
[13:57:43] [Render thread/INFO] - porting_lib_transfer: 2.3.4+1.20.1
[13:57:43] [Render thread/INFO] - porting_lib_utility: 2.3.4+1.20.1
[13:57:43] [Render thread/INFO] - puzzlesaccessapi: 20.1.1
[13:57:43] [Render thread/INFO] - puzzleslib: 8.1.33
[13:57:43] [Render thread/INFO] - railways: 1.6.4+fabric-mc1.20.1
[13:57:43] [Render thread/INFO] - rare-ice: 0.6.0
[13:57:43] [Render thread/INFO] - reach-entity-attributes: 2.4.0
[13:57:43] [Render thread/INFO] - reeses-sodium-options: 1.7.2+mc1.20.1-build.101
[13:57:43] [Render thread/INFO] - registrate-fabric: 1.3.62-MC1.20.1
[13:57:43] [Render thread/INFO] - resourcefulconfig: 2.1.3
[13:57:43] [Render thread/INFO] - resourcefullib: 2.1.29
[13:57:43] [Render thread/INFO] - roughlyenoughitems: 12.1.725
[13:57:43] [Render thread/INFO] - searchables: 1.0.3
[13:57:43] [Render thread/INFO] - sliceanddice: 3.2.3
[13:57:43] [Render thread/INFO] - smoke_suppression: 1.0.16
[13:57:43] [Render thread/INFO] - smoothchunk: 1.20.1-3.6
[13:57:43] [Render thread/INFO] - sodium: 0.5.11+mc1.20.1
[13:57:43] [Render thread/INFO] - sodium-extra: 0.5.4+mc1.20.1-build.115
[13:57:43] [Render thread/INFO] - spark: 1.10.53
[13:57:43] [Render thread/INFO] - starlight: 1.1.2+fabric.dbc156f
[13:57:43] [Render thread/INFO] - structureessentials: 1.20.1-5.0
[13:57:43] [Render thread/INFO] - team_reborn_energy: 3.0.0
[13:57:43] [Render thread/INFO] - thiccpackets: 1.17-1.19+
[13:57:43] [Render thread/INFO] - txnilib: 1.0.24
[13:57:43] [Render thread/INFO] - usefulbackpacks: 2.0.1.122
[13:57:43] [Render thread/INFO] - uteamcore: 5.1.4.312
[13:57:43] [Render thread/INFO] - wthit: 8.13.2
[13:57:43] [Render thread/INFO] - wunderlib: 1.1.5
[13:57:43] [Render thread/INFO] - yet_another_config_lib_v3: 3.5.0+1.20.1-fabric
[13:57:43] [Render thread/INFO] - yigd: 2.0.0-beta.13
[13:57:43] [Render thread/INFO] - yjas: 1.0.5+mc1.20
[13:57:43] [Render thread/INFO] - zoomify: 2.14.0+1.20.1
[13:57:43] [Render thread/INFO] ========================================
[13:57:43] [Render thread/DEBUG] [REI] Added filtering rule [roughlyenoughitems:search]: INSTANCE
[13:57:43] [Render thread/DEBUG] [REI] Added filtering rule [roughlyenoughitems:manual]: INSTANCE
[13:57:43] [Render thread/DEBUG] [REI] Added filtering rule [roughlyenoughitems:basic]: INSTANCE
[13:57:44] [Render thread/INFO] [REI] Config loaded
[13:57:44] [Render thread/DEBUG] [REI] Config saved
[13:57:44] [Render thread/DEBUG] [REI] Config saved
[13:57:44] [Render thread/DEBUG] [REI] Config saved
[13:57:44] [Render thread/INFO] [REI] Registered plugin provider DefaultPlugin [roughlyenoughitems] for REIPlugin
[13:57:44] [Render thread/INFO] [REI] Registered plugin provider DefaultRuntimePlugin [roughlyenoughitems] for REIPlugin
[13:57:44] [Render thread/INFO] [REI] Registered plugin provider AdAstraReiPlugin [ad_astra] for REIPlugin
[13:57:44] [Render thread/INFO] [REI] Registered plugin provider REITooltipPlugin [appleskin] for REIPlugin
[13:57:44] [Render thread/INFO] [REI] Registered plugin provider ChiselREI [chisel] for REIPlugin
[13:57:44] [Render thread/INFO] [REI] Registered plugin provider create:rei_plugin [create] for REIPlugin
[13:57:44] [Render thread/INFO] [REI] Registered plugin provider NewAgeReiPlugin [create_new_age] for REIPlugin
[13:57:44] [Render thread/INFO] [REI] Registered plugin provider CreateAdditionREI [createaddition] for REIPlugin
[13:57:44] [Render thread/INFO] [REI] Registered plugin provider ExpandedDelightREI [expandeddelight] for REIPlugin
[13:57:44] [Render thread/INFO] [REI] Registered plugin provider ClientREIPlugin [farmersdelight] for REIPlugin
[13:57:44] [Render thread/INFO] [REI] Registered plugin provider DefaultClientPlugin [roughlyenoughitems] for REIPlugin
[13:57:44] [Render thread/INFO] [REI] Registered plugin provider DefaultClientRuntimePlugin [roughlyenoughitems] for REIPlugin
[13:57:44] [Render thread/DEBUG] [REI] Added filtering rule [roughlyenoughitems:hidden_from_recipe_viewers]: INSTANCE
[13:57:44] [Render thread/INFO] [REI] Registered plugin provider HideIngredientsFromTagsPlugin [roughlyenoughitems] for REIPlugin
[13:57:44] [Render thread/INFO] [REI] Registered plugin provider REICompat [sliceanddice] for REIPlugin
[13:57:44] [Render thread/INFO] [REI] Registered plugin provider ReiRecipeAction [wthit] for REIPlugin
[13:57:44] [Render thread/INFO] [REI] Registered plugin provider DefaultPlugin [roughlyenoughitems] for REIServerPlugin
[13:57:44] [Render thread/INFO] [REI] Registered plugin provider DefaultRuntimePlugin [roughlyenoughitems] for REIServerPlugin
[13:57:44] [Render thread/INFO] [REI] Registered plugin provider FabricFluidAPISupportPlugin for REIServerPlugin
[13:57:44] [Render thread/INFO] [REI] Registered plugin provider FabricFluidAPISupportPlugin for REIPlugin
[13:57:49] [Render thread/INFO] [REI] Registered plugin provider AdAstraReiPlugin [ad_astra] for REIClientPlugin
[13:57:49] [Render thread/INFO] [REI] Registered plugin provider REITooltipPlugin [appleskin] for REIClientPlugin
[13:57:49] [Render thread/INFO] [REI] Registered plugin provider ChiselREI [chisel] for REIClientPlugin
[13:57:49] [Render thread/INFO] [REI] Registered plugin provider create:rei_plugin [create] for REIClientPlugin
[13:57:49] [Render thread/INFO] [REI] Registered plugin provider NewAgeReiPlugin [create_new_age] for REIClientPlugin
[13:57:49] [Render thread/INFO] [REI] Registered plugin provider CreateAdditionREI [createaddition] for REIClientPlugin
[13:57:49] [Render thread/INFO] [REI] Registered plugin provider ExpandedDelightREI [expandeddelight] for REIClientPlugin
[13:57:49] [Render thread/INFO] [REI] Registered plugin provider ClientREIPlugin [farmersdelight] for REIClientPlugin
[13:57:49] [Render thread/INFO] [REI] Registered plugin provider DefaultClientPlugin [roughlyenoughitems] for REIClientPlugin
[13:57:49] [Render thread/INFO] [REI] Registered plugin provider DefaultClientRuntimePlugin [roughlyenoughitems] for REIClientPlugin
[13:57:49] [Render thread/INFO] [REI] Registered plugin provider HideIngredientsFromTagsPlugin [roughlyenoughitems] for REIClientPlugin
[13:57:49] [Render thread/INFO] [REI] Registered plugin provider REICompat [sliceanddice] for REIClientPlugin
[13:57:49] [Render thread/INFO] [REI] Registered plugin provider ReiRecipeAction [wthit] for REIClientPlugin
[13:58:38] [Worker-Main-3/DEBUG] [REI] Processed 46 tags in 1.443 ms for minecraft:fluid
[13:58:38] [Worker-Main-5/DEBUG] [REI] Processed 3 tags in 2.133 ms for minecraft:painting_variant
[13:58:38] [Worker-Main-6/DEBUG] [REI] Processed 0 tags in 154.5 μs for minecraft:worldgen/flat_level_generator_preset
[13:58:38] [Worker-Main-5/DEBUG] [REI] Processed 3 tags in 33.10 μs for minecraft:point_of_interest_type
[13:58:38] [Worker-Main-6/DEBUG] [REI] Processed 0 tags in 6.400 μs for minecraft:worldgen/world_preset
[13:58:38] [Worker-Main-2/DEBUG] [REI] Processed 7 tags in 75.30 μs for minecraft:banner_pattern
[13:58:38] [Worker-Main-3/DEBUG] [REI] Processed 3 tags in 20.30 μs for minecraft:instrument
[13:58:38] [Worker-Main-1/DEBUG] [REI] Processed 2 tags in 27.60 μs for minecraft:cat_variant
[13:58:38] [Worker-Main-2/DEBUG] [REI] Processed 5 tags in 83.10 μs for minecraft:game_event
[13:58:38] [Worker-Main-6/DEBUG] [REI] Processed 0 tags in 21.80 μs for minecraft:worldgen/structure
[13:58:38] [Worker-Main-1/DEBUG] [REI] Processed 28 tags in 176.8 μs for minecraft:entity_type
[13:58:38] [Worker-Main-2/DEBUG] [REI] Processed 1 tags in 18.80 μs for minecraft:recipe_serializer
[13:58:38] [Worker-Main-6/DEBUG] [REI] Processed 6 tags in 38.90 μs for minecraft:enchantment
[13:58:38] [Worker-Main-3/DEBUG] [REI] Processed 0 tags in 18.50 μs for minecraft:damage_type
[13:58:38] [Worker-Main-4/DEBUG] [REI] Processed 0 tags in 196.9 μs for minecraft:worldgen/biome
[13:58:39] [Worker-Main-7/DEBUG] [REI] Processed 784 tags in 5.765 ms for minecraft:item
[13:58:39] [Worker-Main-5/DEBUG] [REI] Processed 467 tags in 6.707 ms for minecraft:block
[13:58:54] [Worker-Main-2/DEBUG] [REI] Processed 46 tags in 113.3 μs for minecraft:fluid
[13:58:54] [Worker-Main-5/DEBUG] [REI] Processed 0 tags in 24.00 μs for minecraft:worldgen/flat_level_generator_preset
[13:58:54] [Worker-Main-2/DEBUG] [REI] Processed 3 tags in 47.20 μs for minecraft:painting_variant
[13:58:54] [Worker-Main-3/DEBUG] [REI] Processed 7 tags in 34.00 μs for minecraft:banner_pattern
[13:58:54] [Worker-Main-7/DEBUG] [REI] Processed 2 tags in 20.60 μs for minecraft:cat_variant
[13:58:54] [Worker-Main-5/DEBUG] [REI] Processed 3 tags in 39.60 μs for minecraft:point_of_interest_type
[13:58:54] [Worker-Main-7/DEBUG] [REI] Processed 0 tags in 7.500 μs for minecraft:worldgen/world_preset
[13:58:54] [Worker-Main-1/DEBUG] [REI] Processed 3 tags in 22.40 μs for minecraft:instrument
[13:58:54] [Worker-Main-7/DEBUG] [REI] Processed 0 tags in 16.30 μs for minecraft:worldgen/structure
[13:58:54] [Worker-Main-5/DEBUG] [REI] Processed 5 tags in 64.60 μs for minecraft:game_event
[13:58:54] [Worker-Main-7/DEBUG] [REI] Processed 0 tags in 40.90 μs for minecraft:damage_type
[13:58:54] [Worker-Main-3/DEBUG] [REI] Processed 28 tags in 102.3 μs for minecraft:entity_type
[13:58:54] [Worker-Main-1/DEBUG] [REI] Processed 6 tags in 39.90 μs for minecraft:enchantment
[13:58:54] [Worker-Main-7/DEBUG] [REI] Processed 1 tags in 9.300 μs for minecraft:recipe_serializer
[13:58:54] [Worker-Main-6/DEBUG] [REI] Processed 0 tags in 132.9 μs for minecraft:worldgen/biome
[13:58:55] [Worker-Main-4/DEBUG] [REI] Processed 784 tags in 9.019 ms for minecraft:item
[13:58:55] [Worker-Main-2/DEBUG] [REI] Processed 467 tags in 4.894 ms for minecraft:block
[13:59:22] [Netty Local Client IO #0/DEBUG] [REI] Starting Reload Plugins of stage START
java.lang.Throwable
	at me.shedaniel.rei.RoughlyEnoughItemsCoreClient.reloadPlugins(RoughlyEnoughItemsCoreClient.java:482)
	at me.shedaniel.rei.RoughlyEnoughItemsCoreClient.lambda$registerEvents$11(RoughlyEnoughItemsCoreClient.java:324)
	at net.minecraft.class_634.handler$fpl001$roughlyenoughitems$handleUpdateRecipes(class_634.java:13250)
	at net.minecraft.class_634.method_11106(class_634.java)
	at net.minecraft.class_2788.method_11997(class_2788.java:32)
	at net.minecraft.class_2788.method_11054(class_2788.java:14)
	at net.minecraft.class_2535.method_10759(class_2535.java:175)
	at net.minecraft.class_2535.method_10770(class_2535.java:160)
	at net.minecraft.class_2535.channelRead0(class_2535.java:52)
	at io.netty.channel.SimpleChannelInboundHandler.channelRead(SimpleChannelInboundHandler.java:99)
	at io.netty.channel.AbstractChannelHandlerContext.invokeChannelRead(AbstractChannelHandlerContext.java:379)
	at io.netty.channel.AbstractChannelHandlerContext.invokeChannelRead(AbstractChannelHandlerContext.java:365)
	at io.netty.channel.AbstractChannelHandlerContext.fireChannelRead(AbstractChannelHandlerContext.java:357)
	at io.netty.channel.DefaultChannelPipeline$HeadContext.channelRead(DefaultChannelPipeline.java:1410)
	at io.netty.channel.AbstractChannelHandlerContext.invokeChannelRead(AbstractChannelHandlerContext.java:379)
	at io.netty.channel.AbstractChannelHandlerContext.invokeChannelRead(AbstractChannelHandlerContext.java:365)
	at io.netty.channel.DefaultChannelPipeline.fireChannelRead(DefaultChannelPipeline.java:919)
	at io.netty.channel.local.LocalChannel.readInbound(LocalChannel.java:299)
	at io.netty.channel.local.LocalChannel.doBeginRead(LocalChannel.java:322)
	at io.netty.channel.AbstractChannel$AbstractUnsafe.beginRead(AbstractChannel.java:834)
	at io.netty.channel.DefaultChannelPipeline$HeadContext.read(DefaultChannelPipeline.java:1362)
	at io.netty.channel.AbstractChannelHandlerContext.invokeRead(AbstractChannelHandlerContext.java:686)
	at io.netty.channel.AbstractChannelHandlerContext.read(AbstractChannelHandlerContext.java:671)
	at io.netty.channel.DefaultChannelPipeline.read(DefaultChannelPipeline.java:1004)
	at io.netty.channel.AbstractChannel.read(AbstractChannel.java:290)
	at io.netty.channel.DefaultChannelPipeline$HeadContext.readIfIsAutoRead(DefaultChannelPipeline.java:1422)
	at io.netty.channel.DefaultChannelPipeline$HeadContext.channelReadComplete(DefaultChannelPipeline.java:1417)
	at io.netty.channel.AbstractChannelHandlerContext.invokeChannelReadComplete(AbstractChannelHandlerContext.java:410)
	at io.netty.channel.AbstractChannelHandlerContext.invokeChannelReadComplete(AbstractChannelHandlerContext.java:397)
	at io.netty.channel.DefaultChannelPipeline.fireChannelReadComplete(DefaultChannelPipeline.java:925)
	at io.netty.channel.local.LocalChannel.readInbound(LocalChannel.java:302)
	at io.netty.channel.local.LocalChannel.finishPeerRead0(LocalChannel.java:445)
	at io.netty.channel.local.LocalChannel.access$400(LocalChannel.java:50)
	at io.netty.channel.local.LocalChannel$5.run(LocalChannel.java:403)
	at io.netty.util.concurrent.AbstractEventExecutor.runTask(AbstractEventExecutor.java:174)
	at io.netty.channel.DefaultEventLoop.run(DefaultEventLoop.java:54)
	at io.netty.util.concurrent.SingleThreadEventExecutor$4.run(SingleThreadEventExecutor.java:997)
	at io.netty.util.internal.ThreadExecutorMap$2.run(ThreadExecutorMap.java:74)
	at java.base/java.lang.Thread.run(Unknown Source)
[13:59:22] [Netty Local Client IO #0/DEBUG] [REI] Marking hidden ingredients from tag cache as dirty.
[13:59:22] [REI-ReloadPlugins/DEBUG] [REI] ========================================
[13:59:22] [REI-ReloadPlugins/DEBUG] [REI] REIPlugin starting pre-reload for START.
[13:59:22] [REI-ReloadPlugins/DEBUG] [REI] Reloadables (8):
[13:59:22] [REI-ReloadPlugins/DEBUG] [REI]  - EntryTypeRegistryImpl
[13:59:22] [REI-ReloadPlugins/DEBUG] [REI]  - EntrySettingsAdapterRegistryImpl
[13:59:22] [REI-ReloadPlugins/DEBUG] [REI]  - RecipeManagerContextImpl
[13:59:22] [REI-ReloadPlugins/DEBUG] [REI]  - ItemComparatorRegistryImpl
[13:59:22] [REI-ReloadPlugins/DEBUG] [REI]  - FluidComparatorRegistryImpl
[13:59:22] [REI-ReloadPlugins/DEBUG] [REI]  - DisplaySerializerRegistryImpl
[13:59:22] [REI-ReloadPlugins/DEBUG] [REI]  - FluidSupportProviderImpl
[13:59:22] [REI-ReloadPlugins/DEBUG] [REI]  - me.shedaniel.rei.plugin.client.runtime.PluginStageExecutionWatcher$1
[13:59:22] [REI-ReloadPlugins/DEBUG] [REI] Plugins (16):
[13:59:22] [REI-ReloadPlugins/DEBUG] [REI]  - (-100.00) DefaultClientPlugin of DefaultClientPlugin [roughlyenoughitems]
[13:59:22] [REI-ReloadPlugins/DEBUG] [REI]  - (-100.00) DefaultPlugin of DefaultPlugin [roughlyenoughitems]
[13:59:22] [REI-ReloadPlugins/DEBUG] [REI]  - (0.00) FabricFluidAPISupportPlugin
[13:59:22] [REI-ReloadPlugins/DEBUG] [REI]  - (0.00) REICompat of REICompat [sliceanddice]
[13:59:22] [REI-ReloadPlugins/DEBUG] [REI]  - (0.00) HideIngredientsFromTagsPlugin of HideIngredientsFromTagsPlugin [roughlyenoughitems]
[13:59:22] [REI-ReloadPlugins/DEBUG] [REI]  - (0.00) DefaultClientRuntimePlugin of DefaultClientRuntimePlugin [roughlyenoughitems]
[13:59:22] [REI-ReloadPlugins/DEBUG] [REI]  - (0.00) ClientREIPlugin of ClientREIPlugin [farmersdelight]
[13:59:22] [REI-ReloadPlugins/DEBUG] [REI]  - (0.00) ExpandedDelightREI of ExpandedDelightREI [expandeddelight]
[13:59:22] [REI-ReloadPlugins/DEBUG] [REI]  - (0.00) CreateAdditionREI of CreateAdditionREI [createaddition]
[13:59:22] [REI-ReloadPlugins/DEBUG] [REI]  - (0.00) NewAgeReiPlugin of NewAgeReiPlugin [create_new_age]
[13:59:22] [REI-ReloadPlugins/DEBUG] [REI]  - (0.00) create:rei_plugin of create:rei_plugin [create]
[13:59:22] [REI-ReloadPlugins/DEBUG] [REI]  - (0.00) ChiselREI of ChiselREI [chisel]
[13:59:22] [REI-ReloadPlugins/DEBUG] [REI]  - (0.00) REITooltipPlugin of REITooltipPlugin [appleskin]
[13:59:22] [REI-ReloadPlugins/DEBUG] [REI]  - (0.00) AdAstraReiPlugin of AdAstraReiPlugin [ad_astra]
[13:59:22] [REI-ReloadPlugins/DEBUG] [REI]  - (0.00) DefaultRuntimePlugin of DefaultRuntimePlugin [roughlyenoughitems]
[13:59:22] [REI-ReloadPlugins/DEBUG] [REI]  - (0.00) ReiRecipeAction of ReiRecipeAction [wthit]
[13:59:22] [REI-ReloadPlugins/DEBUG] [REI] ========================================
[13:59:22] [REI-ReloadPlugins/TRACE] [REI] [REIPlugin START] Reloading Section: "pre-register/"
[13:59:23] [REI-ReloadPlugins/TRACE] [REI] [REIPlugin START] Reloading Section: "pre-register/DefaultClientPlugin of DefaultClientPlugin [roughlyenoughitems]/"
[13:59:23] [REI-ReloadPlugins/TRACE] [REI] [REIPlugin START] Reloading Section: "pre-register/DefaultClientPlugin of DefaultClientPlugin [roughlyenoughitems]/" done in 2.071 ms
[13:59:23] [REI-ReloadPlugins/TRACE] [REI] [REIPlugin START] Reloading Section: "pre-register/DefaultPlugin of DefaultPlugin [roughlyenoughitems]/"
[13:59:23] [REI-ReloadPlugins/TRACE] [REI] [REIPlugin START] Reloading Section: "pre-register/DefaultPlugin of DefaultPlugin [roughlyenoughitems]/" done in 10.80 μs
[13:59:23] [REI-ReloadPlugins/TRACE] [REI] [REIPlugin START] Reloading Section: "pre-register/FabricFluidAPISupportPlugin/"
[13:59:23] [REI-ReloadPlugins/TRACE] [REI] [REIPlugin START] Reloading Section: "pre-register/FabricFluidAPISupportPlugin/" done in 9.200 μs
[13:59:23] [REI-ReloadPlugins/TRACE] [REI] [REIPlugin START] Reloading Section: "pre-register/REICompat of REICompat [sliceanddice]/"
[13:59:23] [REI-ReloadPlugins/TRACE] [REI] [REIPlugin START] Reloading Section: "pre-register/REICompat of REICompat [sliceanddice]/" done in 8.500 μs
[13:59:23] [REI-ReloadPlugins/TRACE] [REI] [REIPlugin START] Reloading Section: "pre-register/HideIngredientsFromTagsPlugin of HideIngredientsFromTagsPlugin [roughlyenoughitems]/"
[13:59:23] [REI-ReloadPlugins/TRACE] [REI] [REIPlugin START] Reloading Section: "pre-register/HideIngredientsFromTagsPlugin of HideIngredientsFromTagsPlugin [roughlyenoughitems]/" done in 8.300 μs
[13:59:23] [REI-ReloadPlugins/TRACE] [REI] [REIPlugin START] Reloading Section: "pre-register/DefaultClientRuntimePlugin of DefaultClientRuntimePlugin [roughlyenoughitems]/"
[13:59:23] [REI-ReloadPlugins/TRACE] [REI] [REIPlugin START] Reloading Section: "pre-register/DefaultClientRuntimePlugin of DefaultClientRuntimePlugin [roughlyenoughitems]/" done in 20.30 μs
[13:59:23] [REI-ReloadPlugins/TRACE] [REI] [REIPlugin START] Reloading Section: "pre-register/ClientREIPlugin of ClientREIPlugin [farmersdelight]/"
[13:59:23] [REI-ReloadPlugins/TRACE] [REI] [REIPlugin START] Reloading Section: "pre-register/ClientREIPlugin of ClientREIPlugin [farmersdelight]/" done in 39.60 μs
[13:59:23] [REI-ReloadPlugins/TRACE] [REI] [REIPlugin START] Reloading Section: "pre-register/ExpandedDelightREI of ExpandedDelightREI [expandeddelight]/"
[13:59:23] [REI-ReloadPlugins/TRACE] [REI] [REIPlugin START] Reloading Section: "pre-register/ExpandedDelightREI of ExpandedDelightREI [expandeddelight]/" done in 8.300 μs
[13:59:23] [REI-ReloadPlugins/TRACE] [REI] [REIPlugin START] Reloading Section: "pre-register/CreateAdditionREI of CreateAdditionREI [createaddition]/"
[13:59:23] [REI-ReloadPlugins/TRACE] [REI] [REIPlugin START] Reloading Section: "pre-register/CreateAdditionREI of CreateAdditionREI [createaddition]/" done in 8.000 μs
[13:59:23] [REI-ReloadPlugins/TRACE] [REI] [REIPlugin START] Reloading Section: "pre-register/NewAgeReiPlugin of NewAgeReiPlugin [create_new_age]/"
[13:59:23] [REI-ReloadPlugins/TRACE] [REI] [REIPlugin START] Reloading Section: "pre-register/NewAgeReiPlugin of NewAgeReiPlugin [create_new_age]/" done in 8.400 μs
[13:59:23] [REI-ReloadPlugins/TRACE] [REI] [REIPlugin START] Reloading Section: "pre-register/create:rei_plugin of create:rei_plugin [create]/"
[13:59:23] [REI-ReloadPlugins/TRACE] [REI] [REIPlugin START] Reloading Section: "pre-register/create:rei_plugin of create:rei_plugin [create]/" done in 17.70 μs
[13:59:23] [REI-ReloadPlugins/TRACE] [REI] [REIPlugin START] Reloading Section: "pre-register/ChiselREI of ChiselREI [chisel]/"
[13:59:23] [REI-ReloadPlugins/TRACE] [REI] [REIPlugin START] Reloading Section: "pre-register/ChiselREI of ChiselREI [chisel]/" done in 8.800 μs
[13:59:23] [REI-ReloadPlugins/TRACE] [REI] [REIPlugin START] Reloading Section: "pre-register/REITooltipPlugin of REITooltipPlugin [appleskin]/"
[13:59:23] [REI-ReloadPlugins/TRACE] [REI] [REIPlugin START] Reloading Section: "pre-register/REITooltipPlugin of REITooltipPlugin [appleskin]/" done in 7.700 μs
[13:59:23] [REI-ReloadPlugins/TRACE] [REI] [REIPlugin START] Reloading Section: "pre-register/AdAstraReiPlugin of AdAstraReiPlugin [ad_astra]/"
[13:59:23] [REI-ReloadPlugins/TRACE] [REI] [REIPlugin START] Reloading Section: "pre-register/AdAstraReiPlugin of AdAstraReiPlugin [ad_astra]/" done in 9.200 μs
[13:59:23] [REI-ReloadPlugins/TRACE] [REI] [REIPlugin START] Reloading Section: "pre-register/DefaultRuntimePlugin of DefaultRuntimePlugin [roughlyenoughitems]/"
[13:59:23] [REI-ReloadPlugins/TRACE] [REI] [REIPlugin START] Reloading Section: "pre-register/DefaultRuntimePlugin of DefaultRuntimePlugin [roughlyenoughitems]/" done in 7.900 μs
[13:59:23] [REI-ReloadPlugins/TRACE] [REI] [REIPlugin START] Reloading Section: "pre-register/ReiRecipeAction of ReiRecipeAction [wthit]/"
[13:59:23] [REI-ReloadPlugins/TRACE] [REI] [REIPlugin START] Reloading Section: "pre-register/ReiRecipeAction of ReiRecipeAction [wthit]/" done in 11.20 μs
[13:59:23] [REI-ReloadPlugins/TRACE] [REI] [REIPlugin START] Reloading Section: "pre-register/" done in 119.7 ms
[13:59:23] [REI-ReloadPlugins/TRACE] [REI] [REIPlugin START] Reloading Section: "pre-stage/"
[13:59:23] [REI-ReloadPlugins/TRACE] [REI] [REIPlugin START] Reloading Section: "pre-stage/EntryTypeRegistryImpl/"
[13:59:23] [REI-ReloadPlugins/TRACE] [REI] [REIPlugin START] Reloading Section: "pre-stage/EntryTypeRegistryImpl/" done in 268.2 μs
[13:59:23] [REI-ReloadPlugins/TRACE] [REI] [REIPlugin START] Reloading Section: "pre-stage/EntrySettingsAdapterRegistryImpl/"
[13:59:23] [REI-ReloadPlugins/TRACE] [REI] [REIPlugin START] Reloading Section: "pre-stage/EntrySettingsAdapterRegistryImpl/" done in 6.100 μs
[13:59:23] [REI-ReloadPlugins/TRACE] [REI] [REIPlugin START] Reloading Section: "pre-stage/RecipeManagerContextImpl/"
[13:59:23] [REI-ReloadPlugins/TRACE] [REI] [REIPlugin START] Reloading Section: "pre-stage/RecipeManagerContextImpl/" done in 5.900 μs
[13:59:23] [REI-ReloadPlugins/TRACE] [REI] [REIPlugin START] Reloading Section: "pre-stage/ItemComparatorRegistryImpl/"
[13:59:23] [REI-ReloadPlugins/TRACE] [REI] [REIPlugin START] Reloading Section: "pre-stage/ItemComparatorRegistryImpl/" done in 5.900 μs
[13:59:23] [REI-ReloadPlugins/TRACE] [REI] [REIPlugin START] Reloading Section: "pre-stage/FluidComparatorRegistryImpl/"
[13:59:23] [REI-ReloadPlugins/TRACE] [REI] [REIPlugin START] Reloading Section: "pre-stage/FluidComparatorRegistryImpl/" done in 5.800 μs
[13:59:23] [REI-ReloadPlugins/TRACE] [REI] [REIPlugin START] Reloading Section: "pre-stage/DisplaySerializerRegistryImpl/"
[13:59:23] [REI-ReloadPlugins/TRACE] [REI] [REIPlugin START] Reloading Section: "pre-stage/DisplaySerializerRegistryImpl/" done in 6.000 μs
[13:59:23] [REI-ReloadPlugins/TRACE] [REI] [REIPlugin START] Reloading Section: "pre-stage/FluidSupportProviderImpl/"
[13:59:23] [REI-ReloadPlugins/TRACE] [REI] [REIPlugin START] Reloading Section: "pre-stage/FluidSupportProviderImpl/" done in 6.100 μs
[13:59:23] [REI-ReloadPlugins/TRACE] [REI] [REIPlugin START] Reloading Section: "pre-stage/me.shedaniel.rei.plugin.client.runtime.PluginStageExecutionWatcher$1/"
[13:59:23] [REI-ReloadPlugins/TRACE] [REI] [REIPlugin START] Reloading Section: "pre-stage/me.shedaniel.rei.plugin.client.runtime.PluginStageExecutionWatcher$1/" done in 1.930 ms
[13:59:23] [REI-ReloadPlugins/TRACE] [REI] [REIPlugin START] Reloading Section: "pre-stage/" done in 3.149 ms
[13:59:23] [REI-ReloadPlugins/DEBUG] [REI] ========================================
[13:59:23] [REI-ReloadPlugins/DEBUG] [REI] REIPlugin finished pre-reload for START in 126.0 ms.
[13:59:23] [REI-ReloadPlugins/DEBUG] [REI] ========================================
[13:59:23] [REI-ReloadPlugins/DEBUG] [REI] ========================================
[13:59:23] [REI-ReloadPlugins/DEBUG] [REI] REIClientPlugin starting pre-reload for START.
[13:59:23] [REI-ReloadPlugins/DEBUG] [REI] Reloadables (18):
[13:59:23] [REI-ReloadPlugins/DEBUG] [REI]  - EntryRendererRegistryImpl
[13:59:23] [REI-ReloadPlugins/DEBUG] [REI]  - ViewsImpl
[13:59:23] [REI-ReloadPlugins/DEBUG] [REI]  - InputMethodRegistryImpl
[13:59:23] [REI-ReloadPlugins/DEBUG] [REI]  - SearchProviderImpl
[13:59:23] [REI-ReloadPlugins/DEBUG] [REI]  - ConfigManagerImpl
[13:59:23] [REI-ReloadPlugins/DEBUG] [REI]  - EntryRegistryImpl
[13:59:23] [REI-ReloadPlugins/DEBUG] [REI]  - CollapsibleEntryRegistryImpl
[13:59:23] [REI-ReloadPlugins/DEBUG] [REI]  - BasicFilteringRuleImpl
[13:59:23] [REI-ReloadPlugins/DEBUG] [REI]  - CategoryRegistryImpl
[13:59:23] [REI-ReloadPlugins/DEBUG] [REI]  - DisplayRegistryImpl
[13:59:23] [REI-ReloadPlugins/DEBUG] [REI]  - ScreenRegistryImpl
[13:59:23] [REI-ReloadPlugins/DEBUG] [REI]  - FavoriteEntryTypeRegistryImpl
[13:59:23] [REI-ReloadPlugins/DEBUG] [REI]  - SubsetsRegistryImpl
[13:59:23] [REI-ReloadPlugins/DEBUG] [REI]  - TransferHandlerRegistryImpl
[13:59:23] [REI-ReloadPlugins/DEBUG] [REI]  - SearchRuntime
[13:59:23] [REI-ReloadPlugins/DEBUG] [REI]  - REIRuntimeImpl
[13:59:23] [REI-ReloadPlugins/DEBUG] [REI]  - ConfigAddonRegistryImpl
[13:59:23] [REI-ReloadPlugins/DEBUG] [REI]  - me.shedaniel.rei.plugin.client.runtime.PluginStageExecutionWatcher$1
[13:59:23] [REI-ReloadPlugins/DEBUG] [REI] Plugins (13):
[13:59:23] [REI-ReloadPlugins/DEBUG] [REI]  - (-100.00) DefaultClientPlugin of DefaultClientPlugin [roughlyenoughitems]
[13:59:23] [REI-ReloadPlugins/DEBUG] [REI]  - (0.00) REICompat of REICompat [sliceanddice]
[13:59:23] [REI-ReloadPlugins/DEBUG] [REI]  - (0.00) HideIngredientsFromTagsPlugin of HideIngredientsFromTagsPlugin [roughlyenoughitems]
[13:59:23] [REI-ReloadPlugins/DEBUG] [REI]  - (0.00) DefaultClientRuntimePlugin of DefaultClientRuntimePlugin [roughlyenoughitems]
[13:59:23] [REI-ReloadPlugins/DEBUG] [REI]  - (0.00) ClientREIPlugin of ClientREIPlugin [farmersdelight]
[13:59:23] [REI-ReloadPlugins/DEBUG] [REI]  - (0.00) ExpandedDelightREI of ExpandedDelightREI [expandeddelight]
[13:59:23] [REI-ReloadPlugins/DEBUG] [REI]  - (0.00) CreateAdditionREI of CreateAdditionREI [createaddition]
[13:59:23] [REI-ReloadPlugins/DEBUG] [REI]  - (0.00) NewAgeReiPlugin of NewAgeReiPlugin [create_new_age]
[13:59:23] [REI-ReloadPlugins/DEBUG] [REI]  - (0.00) create:rei_plugin of create:rei_plugin [create]
[13:59:23] [REI-ReloadPlugins/DEBUG] [REI]  - (0.00) ChiselREI of ChiselREI [chisel]
[13:59:23] [REI-ReloadPlugins/DEBUG] [REI]  - (0.00) REITooltipPlugin of REITooltipPlugin [appleskin]
[13:59:23] [REI-ReloadPlugins/DEBUG] [REI]  - (0.00) AdAstraReiPlugin of AdAstraReiPlugin [ad_astra]
[13:59:23] [REI-ReloadPlugins/DEBUG] [REI]  - (0.00) ReiRecipeAction of ReiRecipeAction [wthit]
[13:59:23] [REI-ReloadPlugins/DEBUG] [REI] ========================================
[13:59:23] [REI-ReloadPlugins/TRACE] [REI] [REIClientPlugin START] Reloading Section: "pre-register/"
[13:59:23] [REI-ReloadPlugins/TRACE] [REI] [REIClientPlugin START] Reloading Section: "pre-register/DefaultClientPlugin of DefaultClientPlugin [roughlyenoughitems]/"
[13:59:23] [REI-ReloadPlugins/TRACE] [REI] [REIClientPlugin START] Reloading Section: "pre-register/DefaultClientPlugin of DefaultClientPlugin [roughlyenoughitems]/" done in 17.30 μs
[13:59:23] [REI-ReloadPlugins/TRACE] [REI] [REIClientPlugin START] Reloading Section: "pre-register/REICompat of REICompat [sliceanddice]/"
[13:59:23] [REI-ReloadPlugins/TRACE] [REI] [REIClientPlugin START] Reloading Section: "pre-register/REICompat of REICompat [sliceanddice]/" done in 10.20 μs
[13:59:23] [REI-ReloadPlugins/TRACE] [REI] [REIClientPlugin START] Reloading Section: "pre-register/HideIngredientsFromTagsPlugin of HideIngredientsFromTagsPlugin [roughlyenoughitems]/"
[13:59:23] [REI-ReloadPlugins/TRACE] [REI] [REIClientPlugin START] Reloading Section: "pre-register/HideIngredientsFromTagsPlugin of HideIngredientsFromTagsPlugin [roughlyenoughitems]/" done in 9.400 μs
[13:59:23] [REI-ReloadPlugins/TRACE] [REI] [REIClientPlugin START] Reloading Section: "pre-register/DefaultClientRuntimePlugin of DefaultClientRuntimePlugin [roughlyenoughitems]/"
[13:59:23] [REI-ReloadPlugins/TRACE] [REI] [REIClientPlugin START] Reloading Section: "pre-register/DefaultClientRuntimePlugin of DefaultClientRuntimePlugin [roughlyenoughitems]/" done in 8.600 μs
[13:59:23] [REI-ReloadPlugins/TRACE] [REI] [REIClientPlugin START] Reloading Section: "pre-register/ClientREIPlugin of ClientREIPlugin [farmersdelight]/"
[13:59:23] [REI-ReloadPlugins/TRACE] [REI] [REIClientPlugin START] Reloading Section: "pre-register/ClientREIPlugin of ClientREIPlugin [farmersdelight]/" done in 8.900 μs
[13:59:23] [REI-ReloadPlugins/TRACE] [REI] [REIClientPlugin START] Reloading Section: "pre-register/ExpandedDelightREI of ExpandedDelightREI [expandeddelight]/"
[13:59:23] [REI-ReloadPlugins/TRACE] [REI] [REIClientPlugin START] Reloading Section: "pre-register/ExpandedDelightREI of ExpandedDelightREI [expandeddelight]/" done in 9.700 μs
[13:59:23] [REI-ReloadPlugins/TRACE] [REI] [REIClientPlugin START] Reloading Section: "pre-register/CreateAdditionREI of CreateAdditionREI [createaddition]/"
[13:59:23] [REI-ReloadPlugins/TRACE] [REI] [REIClientPlugin START] Reloading Section: "pre-register/CreateAdditionREI of CreateAdditionREI [createaddition]/" done in 9.200 μs
[13:59:23] [REI-ReloadPlugins/TRACE] [REI] [REIClientPlugin START] Reloading Section: "pre-register/NewAgeReiPlugin of NewAgeReiPlugin [create_new_age]/"
[13:59:23] [REI-ReloadPlugins/TRACE] [REI] [REIClientPlugin START] Reloading Section: "pre-register/NewAgeReiPlugin of NewAgeReiPlugin [create_new_age]/" done in 9.100 μs
[13:59:23] [REI-ReloadPlugins/TRACE] [REI] [REIClientPlugin START] Reloading Section: "pre-register/create:rei_plugin of create:rei_plugin [create]/"
[13:59:23] [REI-ReloadPlugins/TRACE] [REI] [REIClientPlugin START] Reloading Section: "pre-register/create:rei_plugin of create:rei_plugin [create]/" done in 26.80 μs
[13:59:23] [REI-ReloadPlugins/TRACE] [REI] [REIClientPlugin START] Reloading Section: "pre-register/ChiselREI of ChiselREI [chisel]/"
[13:59:23] [REI-ReloadPlugins/TRACE] [REI] [REIClientPlugin START] Reloading Section: "pre-register/ChiselREI of ChiselREI [chisel]/" done in 8.200 μs
[13:59:23] [REI-ReloadPlugins/TRACE] [REI] [REIClientPlugin START] Reloading Section: "pre-register/REITooltipPlugin of REITooltipPlugin [appleskin]/"
[13:59:23] [REI-ReloadPlugins/TRACE] [REI] [REIClientPlugin START] Reloading Section: "pre-register/REITooltipPlugin of REITooltipPlugin [appleskin]/" done in 7.600 μs
[13:59:23] [REI-ReloadPlugins/TRACE] [REI] [REIClientPlugin START] Reloading Section: "pre-register/AdAstraReiPlugin of AdAstraReiPlugin [ad_astra]/"
[13:59:23] [REI-ReloadPlugins/TRACE] [REI] [REIClientPlugin START] Reloading Section: "pre-register/AdAstraReiPlugin of AdAstraReiPlugin [ad_astra]/" done in 8.200 μs
[13:59:23] [REI-ReloadPlugins/TRACE] [REI] [REIClientPlugin START] Reloading Section: "pre-register/ReiRecipeAction of ReiRecipeAction [wthit]/"
[13:59:23] [REI-ReloadPlugins/TRACE] [REI] [REIClientPlugin START] Reloading Section: "pre-register/ReiRecipeAction of ReiRecipeAction [wthit]/" done in 8.000 μs
[13:59:23] [REI-ReloadPlugins/TRACE] [REI] [REIClientPlugin START] Reloading Section: "pre-register/" done in 1.467 ms
[13:59:23] [REI-ReloadPlugins/TRACE] [REI] [REIClientPlugin START] Reloading Section: "pre-stage/"
[13:59:23] [REI-ReloadPlugins/TRACE] [REI] [REIClientPlugin START] Reloading Section: "pre-stage/EntryRendererRegistryImpl/"
[13:59:23] [REI-ReloadPlugins/TRACE] [REI] [REIClientPlugin START] Reloading Section: "pre-stage/EntryRendererRegistryImpl/" done in 8.000 μs
[13:59:23] [REI-ReloadPlugins/TRACE] [REI] [REIClientPlugin START] Reloading Section: "pre-stage/ViewsImpl/"
[13:59:23] [REI-ReloadPlugins/TRACE] [REI] [REIClientPlugin START] Reloading Section: "pre-stage/ViewsImpl/" done in 6.400 μs
[13:59:23] [REI-ReloadPlugins/TRACE] [REI] [REIClientPlugin START] Reloading Section: "pre-stage/InputMethodRegistryImpl/"
[13:59:23] [REI-ReloadPlugins/TRACE] [REI] [REIClientPlugin START] Reloading Section: "pre-stage/InputMethodRegistryImpl/" done in 7.200 μs
[13:59:23] [REI-ReloadPlugins/TRACE] [REI] [REIClientPlugin START] Reloading Section: "pre-stage/SearchProviderImpl/"
[13:59:23] [REI-ReloadPlugins/TRACE] [REI] [REIClientPlugin START] Reloading Section: "pre-stage/SearchProviderImpl/" done in 6.600 μs
[13:59:23] [REI-ReloadPlugins/TRACE] [REI] [REIClientPlugin START] Reloading Section: "pre-stage/ConfigManagerImpl/"
[13:59:23] [REI-ReloadPlugins/TRACE] [REI] [REIClientPlugin START] Reloading Section: "pre-stage/ConfigManagerImpl/" done in 6.200 μs
[13:59:23] [REI-ReloadPlugins/TRACE] [REI] [REIClientPlugin START] Reloading Section: "pre-stage/EntryRegistryImpl/"
[13:59:23] [REI-ReloadPlugins/TRACE] [REI] [REIClientPlugin START] Reloading Section: "pre-stage/EntryRegistryImpl/" done in 8.000 μs
[13:59:23] [REI-ReloadPlugins/TRACE] [REI] [REIClientPlugin START] Reloading Section: "pre-stage/CollapsibleEntryRegistryImpl/"
[13:59:23] [REI-ReloadPlugins/TRACE] [REI] [REIClientPlugin START] Reloading Section: "pre-stage/CollapsibleEntryRegistryImpl/" done in 6.400 μs
[13:59:23] [REI-ReloadPlugins/TRACE] [REI] [REIClientPlugin START] Reloading Section: "pre-stage/BasicFilteringRuleImpl/"
[13:59:23] [REI-ReloadPlugins/TRACE] [REI] [REIClientPlugin START] Reloading Section: "pre-stage/BasicFilteringRuleImpl/" done in 5.800 μs
[13:59:23] [REI-ReloadPlugins/TRACE] [REI] [REIClientPlugin START] Reloading Section: "pre-stage/CategoryRegistryImpl/"
[13:59:23] [REI-ReloadPlugins/TRACE] [REI] [REIClientPlugin START] Reloading Section: "pre-stage/CategoryRegistryImpl/" done in 5.700 μs
[13:59:23] [REI-ReloadPlugins/TRACE] [REI] [REIClientPlugin START] Reloading Section: "pre-stage/DisplayRegistryImpl/"
[13:59:23] [REI-ReloadPlugins/TRACE] [REI] [REIClientPlugin START] Reloading Section: "pre-stage/DisplayRegistryImpl/" done in 8.500 μs
[13:59:23] [REI-ReloadPlugins/TRACE] [REI] [REIClientPlugin START] Reloading Section: "pre-stage/ScreenRegistryImpl/"
[13:59:23] [REI-ReloadPlugins/TRACE] [REI] [REIClientPlugin START] Reloading Section: "pre-stage/ScreenRegistryImpl/" done in 8.200 μs
[13:59:23] [REI-ReloadPlugins/TRACE] [REI] [REIClientPlugin START] Reloading Section: "pre-stage/FavoriteEntryTypeRegistryImpl/"
[13:59:23] [REI-ReloadPlugins/TRACE] [REI] [REIClientPlugin START] Reloading Section: "pre-stage/FavoriteEntryTypeRegistryImpl/" done in 7.700 μs
[13:59:23] [REI-ReloadPlugins/TRACE] [REI] [REIClientPlugin START] Reloading Section: "pre-stage/SubsetsRegistryImpl/"
[13:59:23] [REI-ReloadPlugins/TRACE] [REI] [REIClientPlugin START] Reloading Section: "pre-stage/SubsetsRegistryImpl/" done in 8.400 μs
[13:59:23] [REI-ReloadPlugins/TRACE] [REI] [REIClientPlugin START] Reloading Section: "pre-stage/TransferHandlerRegistryImpl/"
[13:59:23] [REI-ReloadPlugins/TRACE] [REI] [REIClientPlugin START] Reloading Section: "pre-stage/TransferHandlerRegistryImpl/" done in 8.300 μs
[13:59:23] [REI-ReloadPlugins/TRACE] [REI] [REIClientPlugin START] Reloading Section: "pre-stage/SearchRuntime/"
[13:59:23] [REI-ReloadPlugins/TRACE] [REI] [REIClientPlugin START] Reloading Section: "pre-stage/SearchRuntime/" done in 9.600 μs
[13:59:23] [REI-ReloadPlugins/TRACE] [REI] [REIClientPlugin START] Reloading Section: "pre-stage/REIRuntimeImpl/"
[13:59:23] [REI-ReloadPlugins/TRACE] [REI] [REIClientPlugin START] Reloading Section: "pre-stage/REIRuntimeImpl/" done in 6.500 μs
[13:59:23] [REI-ReloadPlugins/TRACE] [REI] [REIClientPlugin START] Reloading Section: "pre-stage/ConfigAddonRegistryImpl/"
[13:59:23] [REI-ReloadPlugins/TRACE] [REI] [REIClientPlugin START] Reloading Section: "pre-stage/ConfigAddonRegistryImpl/" done in 20.50 μs
[13:59:23] [REI-ReloadPlugins/TRACE] [REI] [REIClientPlugin START] Reloading Section: "pre-stage/me.shedaniel.rei.plugin.client.runtime.PluginStageExecutionWatcher$1/"
[13:59:23] [REI-ReloadPlugins/TRACE] [REI] [REIClientPlugin START] Reloading Section: "pre-stage/me.shedaniel.rei.plugin.client.runtime.PluginStageExecutionWatcher$1/" done in 12.10 μs
[13:59:23] [REI-ReloadPlugins/TRACE] [REI] [REIClientPlugin START] Reloading Section: "pre-stage/" done in 2.205 ms
[13:59:23] [REI-ReloadPlugins/DEBUG] [REI] ========================================
[13:59:23] [REI-ReloadPlugins/DEBUG] [REI] REIClientPlugin finished pre-reload for START in 3.857 ms.
[13:59:23] [REI-ReloadPlugins/DEBUG] [REI] ========================================
[13:59:23] [REI-ReloadPlugins/DEBUG] [REI] ========================================
[13:59:23] [REI-ReloadPlugins/DEBUG] [REI] REIServerPlugin starting pre-reload for START.
[13:59:23] [REI-ReloadPlugins/DEBUG] [REI] Reloadables (3):
[13:59:23] [REI-ReloadPlugins/DEBUG] [REI]  - MenuInfoRegistryImpl
[13:59:23] [REI-ReloadPlugins/DEBUG] [REI]  - SlotAccessorRegistryImpl
[13:59:23] [REI-ReloadPlugins/DEBUG] [REI]  - me.shedaniel.rei.plugin.client.runtime.PluginStageExecutionWatcher$1
[13:59:23] [REI-ReloadPlugins/DEBUG] [REI] Plugins (3):
[13:59:23] [REI-ReloadPlugins/DEBUG] [REI]  - (-100.00) DefaultPlugin of DefaultPlugin [roughlyenoughitems]
[13:59:23] [REI-ReloadPlugins/DEBUG] [REI]  - (0.00) FabricFluidAPISupportPlugin
[13:59:23] [REI-ReloadPlugins/DEBUG] [REI]  - (0.00) DefaultRuntimePlugin of DefaultRuntimePlugin [roughlyenoughitems]
[13:59:23] [REI-ReloadPlugins/DEBUG] [REI] ========================================
[13:59:23] [REI-ReloadPlugins/TRACE] [REI] [REIServerPlugin START] Reloading Section: "pre-register/"
[13:59:23] [REI-ReloadPlugins/TRACE] [REI] [REIServerPlugin START] Reloading Section: "pre-register/DefaultPlugin of DefaultPlugin [roughlyenoughitems]/"
[13:59:23] [REI-ReloadPlugins/TRACE] [REI] [REIServerPlugin START] Reloading Section: "pre-register/DefaultPlugin of DefaultPlugin [roughlyenoughitems]/" done in 15.60 μs
[13:59:23] [REI-ReloadPlugins/TRACE] [REI] [REIServerPlugin START] Reloading Section: "pre-register/FabricFluidAPISupportPlugin/"
[13:59:23] [REI-ReloadPlugins/TRACE] [REI] [REIServerPlugin START] Reloading Section: "pre-register/FabricFluidAPISupportPlugin/" done in 11.00 μs
[13:59:23] [REI-ReloadPlugins/TRACE] [REI] [REIServerPlugin START] Reloading Section: "pre-register/DefaultRuntimePlugin of DefaultRuntimePlugin [roughlyenoughitems]/"
[13:59:23] [REI-ReloadPlugins/TRACE] [REI] [REIServerPlugin START] Reloading Section: "pre-register/DefaultRuntimePlugin of DefaultRuntimePlugin [roughlyenoughitems]/" done in 12.10 μs
[13:59:23] [REI-ReloadPlugins/TRACE] [REI] [REIServerPlugin START] Reloading Section: "pre-register/" done in 491.4 μs
[13:59:23] [REI-ReloadPlugins/TRACE] [REI] [REIServerPlugin START] Reloading Section: "pre-stage/"
[13:59:23] [REI-ReloadPlugins/TRACE] [REI] [REIServerPlugin START] Reloading Section: "pre-stage/MenuInfoRegistryImpl/"
[13:59:23] [REI-ReloadPlugins/TRACE] [REI] [REIServerPlugin START] Reloading Section: "pre-stage/MenuInfoRegistryImpl/" done in 9.900 μs
[13:59:23] [REI-ReloadPlugins/TRACE] [REI] [REIServerPlugin START] Reloading Section: "pre-stage/SlotAccessorRegistryImpl/"
[13:59:23] [REI-ReloadPlugins/TRACE] [REI] [REIServerPlugin START] Reloading Section: "pre-stage/SlotAccessorRegistryImpl/" done in 9.600 μs
[13:59:23] [REI-ReloadPlugins/TRACE] [REI] [REIServerPlugin START] Reloading Section: "pre-stage/me.shedaniel.rei.plugin.client.runtime.PluginStageExecutionWatcher$1/"
[13:59:23] [REI-ReloadPlugins/TRACE] [REI] [REIServerPlugin START] Reloading Section: "pre-stage/me.shedaniel.rei.plugin.client.runtime.PluginStageExecutionWatcher$1/" done in 17.70 μs
[13:59:23] [REI-ReloadPlugins/TRACE] [REI] [REIServerPlugin START] Reloading Section: "pre-stage/" done in 407.7 μs
[13:59:23] [REI-ReloadPlugins/DEBUG] [REI] ========================================
[13:59:23] [REI-ReloadPlugins/DEBUG] [REI] REIServerPlugin finished pre-reload for START in 1.144 ms.
[13:59:23] [REI-ReloadPlugins/DEBUG] [REI] ========================================
[13:59:23] [REI-ReloadPlugins/INFO] [REI] OOOOOOOOOOOOOOOOOOOOOOOOOOOOOOOOOOOOOOOO
[13:59:23] [REI-ReloadPlugins/INFO] [REI] REIPlugin starting main-reload for START.
[13:59:23] [REI-ReloadPlugins/DEBUG] [REI] Reloadables (8):
[13:59:23] [REI-ReloadPlugins/DEBUG] [REI]  - EntryTypeRegistryImpl
[13:59:23] [REI-ReloadPlugins/DEBUG] [REI]  - EntrySettingsAdapterRegistryImpl
[13:59:23] [REI-ReloadPlugins/DEBUG] [REI]  - RecipeManagerContextImpl
[13:59:23] [REI-ReloadPlugins/DEBUG] [REI]  - ItemComparatorRegistryImpl
[13:59:23] [REI-ReloadPlugins/DEBUG] [REI]  - FluidComparatorRegistryImpl
[13:59:23] [REI-ReloadPlugins/DEBUG] [REI]  - DisplaySerializerRegistryImpl
[13:59:23] [REI-ReloadPlugins/DEBUG] [REI]  - FluidSupportProviderImpl
[13:59:23] [REI-ReloadPlugins/DEBUG] [REI]  - me.shedaniel.rei.plugin.client.runtime.PluginStageExecutionWatcher$1
[13:59:23] [REI-ReloadPlugins/INFO] [REI] Plugins (16):
[13:59:23] [REI-ReloadPlugins/INFO] [REI]  - (-100.00) DefaultClientPlugin of DefaultClientPlugin [roughlyenoughitems]
[13:59:23] [REI-ReloadPlugins/INFO] [REI]  - (-100.00) DefaultPlugin of DefaultPlugin [roughlyenoughitems]
[13:59:23] [REI-ReloadPlugins/INFO] [REI]  - (0.00) FabricFluidAPISupportPlugin
[13:59:23] [REI-ReloadPlugins/INFO] [REI]  - (0.00) REICompat of REICompat [sliceanddice]
[13:59:23] [REI-ReloadPlugins/INFO] [REI]  - (0.00) HideIngredientsFromTagsPlugin of HideIngredientsFromTagsPlugin [roughlyenoughitems]
[13:59:23] [REI-ReloadPlugins/INFO] [REI]  - (0.00) DefaultClientRuntimePlugin of DefaultClientRuntimePlugin [roughlyenoughitems]
[13:59:23] [REI-ReloadPlugins/INFO] [REI]  - (0.00) ClientREIPlugin of ClientREIPlugin [farmersdelight]
[13:59:23] [REI-ReloadPlugins/INFO] [REI]  - (0.00) ExpandedDelightREI of ExpandedDelightREI [expandeddelight]
[13:59:23] [REI-ReloadPlugins/INFO] [REI]  - (0.00) CreateAdditionREI of CreateAdditionREI [createaddition]
[13:59:23] [REI-ReloadPlugins/INFO] [REI]  - (0.00) NewAgeReiPlugin of NewAgeReiPlugin [create_new_age]
[13:59:23] [REI-ReloadPlugins/INFO] [REI]  - (0.00) create:rei_plugin of create:rei_plugin [create]
[13:59:23] [REI-ReloadPlugins/INFO] [REI]  - (0.00) ChiselREI of ChiselREI [chisel]
[13:59:23] [REI-ReloadPlugins/INFO] [REI]  - (0.00) REITooltipPlugin of REITooltipPlugin [appleskin]
[13:59:23] [REI-ReloadPlugins/INFO] [REI]  - (0.00) AdAstraReiPlugin of AdAstraReiPlugin [ad_astra]
[13:59:23] [REI-ReloadPlugins/INFO] [REI]  - (0.00) DefaultRuntimePlugin of DefaultRuntimePlugin [roughlyenoughitems]
[13:59:23] [REI-ReloadPlugins/INFO] [REI]  - (0.00) ReiRecipeAction of ReiRecipeAction [wthit]
[13:59:23] [REI-ReloadPlugins/INFO] [REI] OOOOOOOOOOOOOOOOOOOOOOOOOOOOOOOOOOOOOOOO
[13:59:23] [REI-ReloadPlugins/TRACE] [REI] [REIPlugin START] Reloading Section: "start-reload/"
[13:59:23] [REI-ReloadPlugins/TRACE] [REI] [REIPlugin START] Reloading Section: "start-reload/EntryTypeRegistryImpl/"
[13:59:23] [REI-ReloadPlugins/TRACE] [REI] [REIPlugin START] Reloading Section: "start-reload/EntryTypeRegistryImpl/" done in 44.30 μs
[13:59:23] [REI-ReloadPlugins/TRACE] [REI] [REIPlugin START] Reloading Section: "start-reload/EntrySettingsAdapterRegistryImpl/"
[13:59:23] [REI-ReloadPlugins/TRACE] [REI] [REIPlugin START] Reloading Section: "start-reload/EntrySettingsAdapterRegistryImpl/" done in 13.10 μs
[13:59:23] [REI-ReloadPlugins/TRACE] [REI] [REIPlugin START] Reloading Section: "start-reload/RecipeManagerContextImpl/"
[13:59:23] [REI-ReloadPlugins/TRACE] [REI] [REIPlugin START] Reloading Section: "start-reload/RecipeManagerContextImpl/" done in 7.000 μs
[13:59:23] [REI-ReloadPlugins/TRACE] [REI] [REIPlugin START] Reloading Section: "start-reload/ItemComparatorRegistryImpl/"
[13:59:23] [REI-ReloadPlugins/TRACE] [REI] [REIPlugin START] Reloading Section: "start-reload/ItemComparatorRegistryImpl/" done in 37.80 μs
[13:59:23] [REI-ReloadPlugins/TRACE] [REI] [REIPlugin START] Reloading Section: "start-reload/FluidComparatorRegistryImpl/"
[13:59:23] [REI-ReloadPlugins/TRACE] [REI] [REIPlugin START] Reloading Section: "start-reload/FluidComparatorRegistryImpl/" done in 8.500 μs
[13:59:23] [REI-ReloadPlugins/TRACE] [REI] [REIPlugin START] Reloading Section: "start-reload/DisplaySerializerRegistryImpl/"
[13:59:23] [REI-ReloadPlugins/TRACE] [REI] [REIPlugin START] Reloading Section: "start-reload/DisplaySerializerRegistryImpl/" done in 6.100 μs
[13:59:23] [REI-ReloadPlugins/TRACE] [REI] [REIPlugin START] Reloading Section: "start-reload/FluidSupportProviderImpl/"
[13:59:23] [REI-ReloadPlugins/TRACE] [REI] [REIPlugin START] Reloading Section: "start-reload/FluidSupportProviderImpl/" done in 20.40 μs
[13:59:23] [REI-ReloadPlugins/TRACE] [REI] [REIPlugin START] Reloading Section: "start-reload/me.shedaniel.rei.plugin.client.runtime.PluginStageExecutionWatcher$1/"
[13:59:23] [REI-ReloadPlugins/TRACE] [REI] [REIPlugin START] Reloading Section: "start-reload/me.shedaniel.rei.plugin.client.runtime.PluginStageExecutionWatcher$1/" done in 6.100 μs
[13:59:23] [REI-ReloadPlugins/TRACE] [REI] [REIPlugin START] Reloading Section: "start-reload/" done in 1.002 ms
[13:59:23] [REI-ReloadPlugins/DEBUG] [REI] ========================================
[13:59:23] [REI-ReloadPlugins/DEBUG] [REI] REIPlugin started main-reload for START.
[13:59:23] [REI-ReloadPlugins/DEBUG] [REI] ========================================
[13:59:23] [REI-ReloadPlugins/TRACE] [REI] [REIPlugin START] Reloading Section: "reloadable-plugin/EntryTypeRegistryImpl/"
[13:59:23] [REI-ReloadPlugins/TRACE] [REI] [REIPlugin START] Reloading Section: "reloadable-plugin/EntryTypeRegistryImpl/DefaultClientPlugin of DefaultClientPlugin [roughlyenoughitems]/"
[13:59:23] [REI-ReloadPlugins/TRACE] [REI] [REIPlugin START] Reloading Section: "reloadable-plugin/EntryTypeRegistryImpl/DefaultClientPlugin of DefaultClientPlugin [roughlyenoughitems]/" done in 207.6 μs
[13:59:23] [REI-ReloadPlugins/TRACE] [REI] [REIPlugin START] Reloading Section: "reloadable-plugin/EntryTypeRegistryImpl/DefaultPlugin of DefaultPlugin [roughlyenoughitems]/"
[13:59:23] [REI-ReloadPlugins/TRACE] [REI] [REIPlugin START] Reloading Section: "reloadable-plugin/EntryTypeRegistryImpl/DefaultPlugin of DefaultPlugin [roughlyenoughitems]/" done in 13.30 μs
[13:59:23] [REI-ReloadPlugins/TRACE] [REI] [REIPlugin START] Reloading Section: "reloadable-plugin/EntryTypeRegistryImpl/FabricFluidAPISupportPlugin/"
[13:59:23] [REI-ReloadPlugins/TRACE] [REI] [REIPlugin START] Reloading Section: "reloadable-plugin/EntryTypeRegistryImpl/FabricFluidAPISupportPlugin/" done in 16.70 μs
[13:59:23] [REI-ReloadPlugins/TRACE] [REI] [REIPlugin START] Reloading Section: "reloadable-plugin/EntryTypeRegistryImpl/REICompat of REICompat [sliceanddice]/"
[13:59:23] [REI-ReloadPlugins/TRACE] [REI] [REIPlugin START] Reloading Section: "reloadable-plugin/EntryTypeRegistryImpl/REICompat of REICompat [sliceanddice]/" done in 15.60 μs
[13:59:23] [REI-ReloadPlugins/TRACE] [REI] [REIPlugin START] Reloading Section: "reloadable-plugin/EntryTypeRegistryImpl/HideIngredientsFromTagsPlugin of HideIngredientsFromTagsPlugin [roughlyenoughitems]/"
[13:59:23] [REI-ReloadPlugins/TRACE] [REI] [REIPlugin START] Reloading Section: "reloadable-plugin/EntryTypeRegistryImpl/HideIngredientsFromTagsPlugin of HideIngredientsFromTagsPlugin [roughlyenoughitems]/" done in 15.20 μs
[13:59:23] [REI-ReloadPlugins/TRACE] [REI] [REIPlugin START] Reloading Section: "reloadable-plugin/EntryTypeRegistryImpl/DefaultClientRuntimePlugin of DefaultClientRuntimePlugin [roughlyenoughitems]/"
[13:59:23] [REI-ReloadPlugins/TRACE] [REI] [REIPlugin START] Reloading Section: "reloadable-plugin/EntryTypeRegistryImpl/DefaultClientRuntimePlugin of DefaultClientRuntimePlugin [roughlyenoughitems]/" done in 16.90 μs
[13:59:23] [REI-ReloadPlugins/TRACE] [REI] [REIPlugin START] Reloading Section: "reloadable-plugin/EntryTypeRegistryImpl/ClientREIPlugin of ClientREIPlugin [farmersdelight]/"
[13:59:23] [REI-ReloadPlugins/TRACE] [REI] [REIPlugin START] Reloading Section: "reloadable-plugin/EntryTypeRegistryImpl/ClientREIPlugin of ClientREIPlugin [farmersdelight]/" done in 16.10 μs
[13:59:23] [REI-ReloadPlugins/TRACE] [REI] [REIPlugin START] Reloading Section: "reloadable-plugin/EntryTypeRegistryImpl/ExpandedDelightREI of ExpandedDelightREI [expandeddelight]/"
[13:59:23] [REI-ReloadPlugins/TRACE] [REI] [REIPlugin START] Reloading Section: "reloadable-plugin/EntryTypeRegistryImpl/ExpandedDelightREI of ExpandedDelightREI [expandeddelight]/" done in 15.30 μs
[13:59:23] [REI-ReloadPlugins/TRACE] [REI] [REIPlugin START] Reloading Section: "reloadable-plugin/EntryTypeRegistryImpl/CreateAdditionREI of CreateAdditionREI [createaddition]/"
[13:59:23] [REI-ReloadPlugins/TRACE] [REI] [REIPlugin START] Reloading Section: "reloadable-plugin/EntryTypeRegistryImpl/CreateAdditionREI of CreateAdditionREI [createaddition]/" done in 15.00 μs
[13:59:23] [REI-ReloadPlugins/TRACE] [REI] [REIPlugin START] Reloading Section: "reloadable-plugin/EntryTypeRegistryImpl/NewAgeReiPlugin of NewAgeReiPlugin [create_new_age]/"
[13:59:23] [REI-ReloadPlugins/TRACE] [REI] [REIPlugin START] Reloading Section: "reloadable-plugin/EntryTypeRegistryImpl/NewAgeReiPlugin of NewAgeReiPlugin [create_new_age]/" done in 16.30 μs
[13:59:23] [REI-ReloadPlugins/TRACE] [REI] [REIPlugin START] Reloading Section: "reloadable-plugin/EntryTypeRegistryImpl/create:rei_plugin of create:rei_plugin [create]/"
[13:59:23] [REI-ReloadPlugins/TRACE] [REI] [REIPlugin START] Reloading Section: "reloadable-plugin/EntryTypeRegistryImpl/create:rei_plugin of create:rei_plugin [create]/" done in 16.10 μs
[13:59:23] [REI-ReloadPlugins/TRACE] [REI] [REIPlugin START] Reloading Section: "reloadable-plugin/EntryTypeRegistryImpl/ChiselREI of ChiselREI [chisel]/"
[13:59:23] [REI-ReloadPlugins/TRACE] [REI] [REIPlugin START] Reloading Section: "reloadable-plugin/EntryTypeRegistryImpl/ChiselREI of ChiselREI [chisel]/" done in 15.90 μs
[13:59:23] [REI-ReloadPlugins/TRACE] [REI] [REIPlugin START] Reloading Section: "reloadable-plugin/EntryTypeRegistryImpl/REITooltipPlugin of REITooltipPlugin [appleskin]/"
[13:59:23] [REI-ReloadPlugins/TRACE] [REI] [REIPlugin START] Reloading Section: "reloadable-plugin/EntryTypeRegistryImpl/REITooltipPlugin of REITooltipPlugin [appleskin]/" done in 12.00 μs
[13:59:23] [REI-ReloadPlugins/TRACE] [REI] [REIPlugin START] Reloading Section: "reloadable-plugin/EntryTypeRegistryImpl/AdAstraReiPlugin of AdAstraReiPlugin [ad_astra]/"
[13:59:23] [REI-ReloadPlugins/TRACE] [REI] [REIPlugin START] Reloading Section: "reloadable-plugin/EntryTypeRegistryImpl/AdAstraReiPlugin of AdAstraReiPlugin [ad_astra]/" done in 16.30 μs
[13:59:23] [REI-ReloadPlugins/TRACE] [REI] [REIPlugin START] Reloading Section: "reloadable-plugin/EntryTypeRegistryImpl/DefaultRuntimePlugin of DefaultRuntimePlugin [roughlyenoughitems]/"
[13:59:23] [REI-ReloadPlugins/TRACE] [REI] [REIPlugin START] Reloading Section: "reloadable-plugin/EntryTypeRegistryImpl/DefaultRuntimePlugin of DefaultRuntimePlugin [roughlyenoughitems]/" done in 15.70 ms
[13:59:23] [REI-ReloadPlugins/TRACE] [REI] [REIPlugin START] Reloading Section: "reloadable-plugin/EntryTypeRegistryImpl/ReiRecipeAction of ReiRecipeAction [wthit]/"
[13:59:23] [REI-ReloadPlugins/TRACE] [REI] [REIPlugin START] Reloading Section: "reloadable-plugin/EntryTypeRegistryImpl/ReiRecipeAction of ReiRecipeAction [wthit]/" done in 27.20 μs
[13:59:23] [REI-ReloadPlugins/TRACE] [REI] [REIPlugin START] Reloading Section: "reloadable-plugin/EntryTypeRegistryImpl/" done in 19.26 ms
[13:59:23] [REI-ReloadPlugins/TRACE] [REI] [REIPlugin START] Reloading Section: "reloadable-plugin/EntrySettingsAdapterRegistryImpl/"
[13:59:23] [REI-ReloadPlugins/TRACE] [REI] [REIPlugin START] Reloading Section: "reloadable-plugin/EntrySettingsAdapterRegistryImpl/DefaultClientPlugin of DefaultClientPlugin [roughlyenoughitems]/"
[13:59:23] [REI-ReloadPlugins/TRACE] [REI] [REIPlugin START] Reloading Section: "reloadable-plugin/EntrySettingsAdapterRegistryImpl/DefaultClientPlugin of DefaultClientPlugin [roughlyenoughitems]/" done in 14.60 μs
[13:59:23] [REI-ReloadPlugins/TRACE] [REI] [REIPlugin START] Reloading Section: "reloadable-plugin/EntrySettingsAdapterRegistryImpl/DefaultPlugin of DefaultPlugin [roughlyenoughitems]/"
[13:59:23] [REI-ReloadPlugins/TRACE] [REI] [REIPlugin START] Reloading Section: "reloadable-plugin/EntrySettingsAdapterRegistryImpl/DefaultPlugin of DefaultPlugin [roughlyenoughitems]/" done in 12.50 μs
[13:59:23] [REI-ReloadPlugins/TRACE] [REI] [REIPlugin START] Reloading Section: "reloadable-plugin/EntrySettingsAdapterRegistryImpl/FabricFluidAPISupportPlugin/"
[13:59:23] [REI-ReloadPlugins/TRACE] [REI] [REIPlugin START] Reloading Section: "reloadable-plugin/EntrySettingsAdapterRegistryImpl/FabricFluidAPISupportPlugin/" done in 16.50 μs
[13:59:23] [REI-ReloadPlugins/TRACE] [REI] [REIPlugin START] Reloading Section: "reloadable-plugin/EntrySettingsAdapterRegistryImpl/REICompat of REICompat [sliceanddice]/"
[13:59:23] [REI-ReloadPlugins/TRACE] [REI] [REIPlugin START] Reloading Section: "reloadable-plugin/EntrySettingsAdapterRegistryImpl/REICompat of REICompat [sliceanddice]/" done in 14.70 μs
[13:59:23] [REI-ReloadPlugins/TRACE] [REI] [REIPlugin START] Reloading Section: "reloadable-plugin/EntrySettingsAdapterRegistryImpl/HideIngredientsFromTagsPlugin of HideIngredientsFromTagsPlugin [roughlyenoughitems]/"
[13:59:23] [REI-ReloadPlugins/TRACE] [REI] [REIPlugin START] Reloading Section: "reloadable-plugin/EntrySettingsAdapterRegistryImpl/HideIngredientsFromTagsPlugin of HideIngredientsFromTagsPlugin [roughlyenoughitems]/" done in 15.40 μs
[13:59:23] [REI-ReloadPlugins/TRACE] [REI] [REIPlugin START] Reloading Section: "reloadable-plugin/EntrySettingsAdapterRegistryImpl/DefaultClientRuntimePlugin of DefaultClientRuntimePlugin [roughlyenoughitems]/"
[13:59:23] [REI-ReloadPlugins/TRACE] [REI] [REIPlugin START] Reloading Section: "reloadable-plugin/EntrySettingsAdapterRegistryImpl/DefaultClientRuntimePlugin of DefaultClientRuntimePlugin [roughlyenoughitems]/" done in 15.70 μs
[13:59:23] [REI-ReloadPlugins/TRACE] [REI] [REIPlugin START] Reloading Section: "reloadable-plugin/EntrySettingsAdapterRegistryImpl/ClientREIPlugin of ClientREIPlugin [farmersdelight]/"
[13:59:23] [REI-ReloadPlugins/TRACE] [REI] [REIPlugin START] Reloading Section: "reloadable-plugin/EntrySettingsAdapterRegistryImpl/ClientREIPlugin of ClientREIPlugin [farmersdelight]/" done in 16.30 μs
[13:59:23] [REI-ReloadPlugins/TRACE] [REI] [REIPlugin START] Reloading Section: "reloadable-plugin/EntrySettingsAdapterRegistryImpl/ExpandedDelightREI of ExpandedDelightREI [expandeddelight]/"
[13:59:23] [REI-ReloadPlugins/TRACE] [REI] [REIPlugin START] Reloading Section: "reloadable-plugin/EntrySettingsAdapterRegistryImpl/ExpandedDelightREI of ExpandedDelightREI [expandeddelight]/" done in 14.10 μs
[13:59:23] [REI-ReloadPlugins/TRACE] [REI] [REIPlugin START] Reloading Section: "reloadable-plugin/EntrySettingsAdapterRegistryImpl/CreateAdditionREI of CreateAdditionREI [createaddition]/"
[13:59:23] [REI-ReloadPlugins/TRACE] [REI] [REIPlugin START] Reloading Section: "reloadable-plugin/EntrySettingsAdapterRegistryImpl/CreateAdditionREI of CreateAdditionREI [createaddition]/" done in 14.00 μs
[13:59:23] [REI-ReloadPlugins/TRACE] [REI] [REIPlugin START] Reloading Section: "reloadable-plugin/EntrySettingsAdapterRegistryImpl/NewAgeReiPlugin of NewAgeReiPlugin [create_new_age]/"
[13:59:23] [REI-ReloadPlugins/TRACE] [REI] [REIPlugin START] Reloading Section: "reloadable-plugin/EntrySettingsAdapterRegistryImpl/NewAgeReiPlugin of NewAgeReiPlugin [create_new_age]/" done in 15.40 μs
[13:59:23] [REI-ReloadPlugins/TRACE] [REI] [REIPlugin START] Reloading Section: "reloadable-plugin/EntrySettingsAdapterRegistryImpl/create:rei_plugin of create:rei_plugin [create]/"
[13:59:23] [REI-ReloadPlugins/TRACE] [REI] [REIPlugin START] Reloading Section: "reloadable-plugin/EntrySettingsAdapterRegistryImpl/create:rei_plugin of create:rei_plugin [create]/" done in 15.20 μs
[13:59:23] [REI-ReloadPlugins/TRACE] [REI] [REIPlugin START] Reloading Section: "reloadable-plugin/EntrySettingsAdapterRegistryImpl/ChiselREI of ChiselREI [chisel]/"
[13:59:23] [REI-ReloadPlugins/TRACE] [REI] [REIPlugin START] Reloading Section: "reloadable-plugin/EntrySettingsAdapterRegistryImpl/ChiselREI of ChiselREI [chisel]/" done in 16.00 μs
[13:59:23] [REI-ReloadPlugins/TRACE] [REI] [REIPlugin START] Reloading Section: "reloadable-plugin/EntrySettingsAdapterRegistryImpl/REITooltipPlugin of REITooltipPlugin [appleskin]/"
[13:59:23] [REI-ReloadPlugins/TRACE] [REI] [REIPlugin START] Reloading Section: "reloadable-plugin/EntrySettingsAdapterRegistryImpl/REITooltipPlugin of REITooltipPlugin [appleskin]/" done in 15.10 μs
[13:59:23] [REI-ReloadPlugins/TRACE] [REI] [REIPlugin START] Reloading Section: "reloadable-plugin/EntrySettingsAdapterRegistryImpl/AdAstraReiPlugin of AdAstraReiPlugin [ad_astra]/"
[13:59:23] [REI-ReloadPlugins/TRACE] [REI] [REIPlugin START] Reloading Section: "reloadable-plugin/EntrySettingsAdapterRegistryImpl/AdAstraReiPlugin of AdAstraReiPlugin [ad_astra]/" done in 15.90 μs
[13:59:23] [REI-ReloadPlugins/TRACE] [REI] [REIPlugin START] Reloading Section: "reloadable-plugin/EntrySettingsAdapterRegistryImpl/DefaultRuntimePlugin of DefaultRuntimePlugin [roughlyenoughitems]/"
[13:59:23] [REI-ReloadPlugins/TRACE] [REI] [REIPlugin START] Reloading Section: "reloadable-plugin/EntrySettingsAdapterRegistryImpl/DefaultRuntimePlugin of DefaultRuntimePlugin [roughlyenoughitems]/" done in 14.60 μs
[13:59:23] [REI-ReloadPlugins/TRACE] [REI] [REIPlugin START] Reloading Section: "reloadable-plugin/EntrySettingsAdapterRegistryImpl/ReiRecipeAction of ReiRecipeAction [wthit]/"
[13:59:23] [REI-ReloadPlugins/TRACE] [REI] [REIPlugin START] Reloading Section: "reloadable-plugin/EntrySettingsAdapterRegistryImpl/ReiRecipeAction of ReiRecipeAction [wthit]/" done in 14.80 μs
[13:59:23] [REI-ReloadPlugins/TRACE] [REI] [REIPlugin START] Reloading Section: "reloadable-plugin/EntrySettingsAdapterRegistryImpl/" done in 2.263 ms
[13:59:23] [REI-ReloadPlugins/TRACE] [REI] [REIPlugin START] Reloading Section: "reloadable-plugin/RecipeManagerContextImpl/"
[13:59:23] [REI-ReloadPlugins/TRACE] [REI] [REIPlugin START] Reloading Section: "reloadable-plugin/RecipeManagerContextImpl/DefaultClientPlugin of DefaultClientPlugin [roughlyenoughitems]/"
[13:59:23] [REI-ReloadPlugins/TRACE] [REI] [REIPlugin START] Reloading Section: "reloadable-plugin/RecipeManagerContextImpl/DefaultClientPlugin of DefaultClientPlugin [roughlyenoughitems]/" done in 10.70 μs
[13:59:23] [REI-ReloadPlugins/TRACE] [REI] [REIPlugin START] Reloading Section: "reloadable-plugin/RecipeManagerContextImpl/DefaultPlugin of DefaultPlugin [roughlyenoughitems]/"
[13:59:23] [REI-ReloadPlugins/TRACE] [REI] [REIPlugin START] Reloading Section: "reloadable-plugin/RecipeManagerContextImpl/DefaultPlugin of DefaultPlugin [roughlyenoughitems]/" done in 10.80 μs
[13:59:23] [REI-ReloadPlugins/TRACE] [REI] [REIPlugin START] Reloading Section: "reloadable-plugin/RecipeManagerContextImpl/FabricFluidAPISupportPlugin/"
[13:59:23] [REI-ReloadPlugins/TRACE] [REI] [REIPlugin START] Reloading Section: "reloadable-plugin/RecipeManagerContextImpl/FabricFluidAPISupportPlugin/" done in 10.70 μs
[13:59:23] [REI-ReloadPlugins/TRACE] [REI] [REIPlugin START] Reloading Section: "reloadable-plugin/RecipeManagerContextImpl/REICompat of REICompat [sliceanddice]/"
[13:59:23] [REI-ReloadPlugins/TRACE] [REI] [REIPlugin START] Reloading Section: "reloadable-plugin/RecipeManagerContextImpl/REICompat of REICompat [sliceanddice]/" done in 10.80 μs
[13:59:23] [REI-ReloadPlugins/TRACE] [REI] [REIPlugin START] Reloading Section: "reloadable-plugin/RecipeManagerContextImpl/HideIngredientsFromTagsPlugin of HideIngredientsFromTagsPlugin [roughlyenoughitems]/"
[13:59:23] [REI-ReloadPlugins/TRACE] [REI] [REIPlugin START] Reloading Section: "reloadable-plugin/RecipeManagerContextImpl/HideIngredientsFromTagsPlugin of HideIngredientsFromTagsPlugin [roughlyenoughitems]/" done in 15.10 μs
[13:59:23] [REI-ReloadPlugins/TRACE] [REI] [REIPlugin START] Reloading Section: "reloadable-plugin/RecipeManagerContextImpl/DefaultClientRuntimePlugin of DefaultClientRuntimePlugin [roughlyenoughitems]/"
[13:59:23] [REI-ReloadPlugins/TRACE] [REI] [REIPlugin START] Reloading Section: "reloadable-plugin/RecipeManagerContextImpl/DefaultClientRuntimePlugin of DefaultClientRuntimePlugin [roughlyenoughitems]/" done in 15.00 μs
[13:59:23] [REI-ReloadPlugins/TRACE] [REI] [REIPlugin START] Reloading Section: "reloadable-plugin/RecipeManagerContextImpl/ClientREIPlugin of ClientREIPlugin [farmersdelight]/"
[13:59:23] [REI-ReloadPlugins/TRACE] [REI] [REIPlugin START] Reloading Section: "reloadable-plugin/RecipeManagerContextImpl/ClientREIPlugin of ClientREIPlugin [farmersdelight]/" done in 14.70 μs
[13:59:23] [REI-ReloadPlugins/TRACE] [REI] [REIPlugin START] Reloading Section: "reloadable-plugin/RecipeManagerContextImpl/ExpandedDelightREI of ExpandedDelightREI [expandeddelight]/"
[13:59:23] [REI-ReloadPlugins/TRACE] [REI] [REIPlugin START] Reloading Section: "reloadable-plugin/RecipeManagerContextImpl/ExpandedDelightREI of ExpandedDelightREI [expandeddelight]/" done in 13.30 μs
[13:59:23] [REI-ReloadPlugins/TRACE] [REI] [REIPlugin START] Reloading Section: "reloadable-plugin/RecipeManagerContextImpl/CreateAdditionREI of CreateAdditionREI [createaddition]/"
[13:59:23] [REI-ReloadPlugins/TRACE] [REI] [REIPlugin START] Reloading Section: "reloadable-plugin/RecipeManagerContextImpl/CreateAdditionREI of CreateAdditionREI [createaddition]/" done in 14.10 μs
[13:59:23] [REI-ReloadPlugins/TRACE] [REI] [REIPlugin START] Reloading Section: "reloadable-plugin/RecipeManagerContextImpl/NewAgeReiPlugin of NewAgeReiPlugin [create_new_age]/"
[13:59:23] [REI-ReloadPlugins/TRACE] [REI] [REIPlugin START] Reloading Section: "reloadable-plugin/RecipeManagerContextImpl/NewAgeReiPlugin of NewAgeReiPlugin [create_new_age]/" done in 14.20 μs
[13:59:23] [REI-ReloadPlugins/TRACE] [REI] [REIPlugin START] Reloading Section: "reloadable-plugin/RecipeManagerContextImpl/create:rei_plugin of create:rei_plugin [create]/"
[13:59:23] [REI-ReloadPlugins/TRACE] [REI] [REIPlugin START] Reloading Section: "reloadable-plugin/RecipeManagerContextImpl/create:rei_plugin of create:rei_plugin [create]/" done in 14.20 μs
[13:59:23] [REI-ReloadPlugins/TRACE] [REI] [REIPlugin START] Reloading Section: "reloadable-plugin/RecipeManagerContextImpl/ChiselREI of ChiselREI [chisel]/"
[13:59:23] [REI-ReloadPlugins/TRACE] [REI] [REIPlugin START] Reloading Section: "reloadable-plugin/RecipeManagerContextImpl/ChiselREI of ChiselREI [chisel]/" done in 24.20 μs
[13:59:23] [REI-ReloadPlugins/TRACE] [REI] [REIPlugin START] Reloading Section: "reloadable-plugin/RecipeManagerContextImpl/REITooltipPlugin of REITooltipPlugin [appleskin]/"
[13:59:23] [REI-ReloadPlugins/TRACE] [REI] [REIPlugin START] Reloading Section: "reloadable-plugin/RecipeManagerContextImpl/REITooltipPlugin of REITooltipPlugin [appleskin]/" done in 18.30 μs
[13:59:23] [REI-ReloadPlugins/TRACE] [REI] [REIPlugin START] Reloading Section: "reloadable-plugin/RecipeManagerContextImpl/AdAstraReiPlugin of AdAstraReiPlugin [ad_astra]/"
[13:59:23] [REI-ReloadPlugins/TRACE] [REI] [REIPlugin START] Reloading Section: "reloadable-plugin/RecipeManagerContextImpl/AdAstraReiPlugin of AdAstraReiPlugin [ad_astra]/" done in 14.80 μs
[13:59:23] [REI-ReloadPlugins/TRACE] [REI] [REIPlugin START] Reloading Section: "reloadable-plugin/RecipeManagerContextImpl/DefaultRuntimePlugin of DefaultRuntimePlugin [roughlyenoughitems]/"
[13:59:23] [REI-ReloadPlugins/TRACE] [REI] [REIPlugin START] Reloading Section: "reloadable-plugin/RecipeManagerContextImpl/DefaultRuntimePlugin of DefaultRuntimePlugin [roughlyenoughitems]/" done in 16.20 μs
[13:59:23] [REI-ReloadPlugins/TRACE] [REI] [REIPlugin START] Reloading Section: "reloadable-plugin/RecipeManagerContextImpl/ReiRecipeAction of ReiRecipeAction [wthit]/"
[13:59:23] [REI-ReloadPlugins/TRACE] [REI] [REIPlugin START] Reloading Section: "reloadable-plugin/RecipeManagerContextImpl/ReiRecipeAction of ReiRecipeAction [wthit]/" done in 21.60 μs
[13:59:23] [REI-ReloadPlugins/TRACE] [REI] [REIPlugin START] Reloading Section: "reloadable-plugin/RecipeManagerContextImpl/" done in 2.173 ms
[13:59:23] [REI-ReloadPlugins/TRACE] [REI] [REIPlugin START] Reloading Section: "reloadable-plugin/ItemComparatorRegistryImpl/"
[13:59:23] [REI-ReloadPlugins/TRACE] [REI] [REIPlugin START] Reloading Section: "reloadable-plugin/ItemComparatorRegistryImpl/DefaultClientPlugin of DefaultClientPlugin [roughlyenoughitems]/"
[13:59:23] [REI-ReloadPlugins/TRACE] [REI] [REIPlugin START] Reloading Section: "reloadable-plugin/ItemComparatorRegistryImpl/DefaultClientPlugin of DefaultClientPlugin [roughlyenoughitems]/" done in 29.40 μs
[13:59:23] [REI-ReloadPlugins/TRACE] [REI] [REIPlugin START] Reloading Section: "reloadable-plugin/ItemComparatorRegistryImpl/DefaultPlugin of DefaultPlugin [roughlyenoughitems]/"
[13:59:23] [REI-ReloadPlugins/TRACE] [REI] [REIPlugin START] Reloading Section: "reloadable-plugin/ItemComparatorRegistryImpl/DefaultPlugin of DefaultPlugin [roughlyenoughitems]/" done in 1.452 ms
[13:59:23] [REI-ReloadPlugins/TRACE] [REI] [REIPlugin START] Reloading Section: "reloadable-plugin/ItemComparatorRegistryImpl/FabricFluidAPISupportPlugin/"
[13:59:23] [REI-ReloadPlugins/TRACE] [REI] [REIPlugin START] Reloading Section: "reloadable-plugin/ItemComparatorRegistryImpl/FabricFluidAPISupportPlugin/" done in 17.10 μs
[13:59:23] [REI-ReloadPlugins/TRACE] [REI] [REIPlugin START] Reloading Section: "reloadable-plugin/ItemComparatorRegistryImpl/REICompat of REICompat [sliceanddice]/"
[13:59:23] [REI-ReloadPlugins/TRACE] [REI] [REIPlugin START] Reloading Section: "reloadable-plugin/ItemComparatorRegistryImpl/REICompat of REICompat [sliceanddice]/" done in 37.10 μs
[13:59:23] [REI-ReloadPlugins/TRACE] [REI] [REIPlugin START] Reloading Section: "reloadable-plugin/ItemComparatorRegistryImpl/HideIngredientsFromTagsPlugin of HideIngredientsFromTagsPlugin [roughlyenoughitems]/"
[13:59:23] [REI-ReloadPlugins/TRACE] [REI] [REIPlugin START] Reloading Section: "reloadable-plugin/ItemComparatorRegistryImpl/HideIngredientsFromTagsPlugin of HideIngredientsFromTagsPlugin [roughlyenoughitems]/" done in 14.00 μs
[13:59:23] [REI-ReloadPlugins/TRACE] [REI] [REIPlugin START] Reloading Section: "reloadable-plugin/ItemComparatorRegistryImpl/DefaultClientRuntimePlugin of DefaultClientRuntimePlugin [roughlyenoughitems]/"
[13:59:23] [REI-ReloadPlugins/TRACE] [REI] [REIPlugin START] Reloading Section: "reloadable-plugin/ItemComparatorRegistryImpl/DefaultClientRuntimePlugin of DefaultClientRuntimePlugin [roughlyenoughitems]/" done in 15.10 μs
[13:59:23] [REI-ReloadPlugins/TRACE] [REI] [REIPlugin START] Reloading Section: "reloadable-plugin/ItemComparatorRegistryImpl/ClientREIPlugin of ClientREIPlugin [farmersdelight]/"
[13:59:23] [REI-ReloadPlugins/TRACE] [REI] [REIPlugin START] Reloading Section: "reloadable-plugin/ItemComparatorRegistryImpl/ClientREIPlugin of ClientREIPlugin [farmersdelight]/" done in 17.20 μs
[13:59:23] [REI-ReloadPlugins/TRACE] [REI] [REIPlugin START] Reloading Section: "reloadable-plugin/ItemComparatorRegistryImpl/ExpandedDelightREI of ExpandedDelightREI [expandeddelight]/"
[13:59:23] [REI-ReloadPlugins/TRACE] [REI] [REIPlugin START] Reloading Section: "reloadable-plugin/ItemComparatorRegistryImpl/ExpandedDelightREI of ExpandedDelightREI [expandeddelight]/" done in 13.30 μs
[13:59:23] [REI-ReloadPlugins/TRACE] [REI] [REIPlugin START] Reloading Section: "reloadable-plugin/ItemComparatorRegistryImpl/CreateAdditionREI of CreateAdditionREI [createaddition]/"
[13:59:23] [REI-ReloadPlugins/TRACE] [REI] [REIPlugin START] Reloading Section: "reloadable-plugin/ItemComparatorRegistryImpl/CreateAdditionREI of CreateAdditionREI [createaddition]/" done in 13.10 μs
[13:59:23] [REI-ReloadPlugins/TRACE] [REI] [REIPlugin START] Reloading Section: "reloadable-plugin/ItemComparatorRegistryImpl/NewAgeReiPlugin of NewAgeReiPlugin [create_new_age]/"
[13:59:23] [REI-ReloadPlugins/TRACE] [REI] [REIPlugin START] Reloading Section: "reloadable-plugin/ItemComparatorRegistryImpl/NewAgeReiPlugin of NewAgeReiPlugin [create_new_age]/" done in 14.50 μs
[13:59:23] [REI-ReloadPlugins/TRACE] [REI] [REIPlugin START] Reloading Section: "reloadable-plugin/ItemComparatorRegistryImpl/create:rei_plugin of create:rei_plugin [create]/"
[13:59:23] [REI-ReloadPlugins/TRACE] [REI] [REIPlugin START] Reloading Section: "reloadable-plugin/ItemComparatorRegistryImpl/create:rei_plugin of create:rei_plugin [create]/" done in 13.60 μs
[13:59:23] [REI-ReloadPlugins/TRACE] [REI] [REIPlugin START] Reloading Section: "reloadable-plugin/ItemComparatorRegistryImpl/ChiselREI of ChiselREI [chisel]/"
[13:59:23] [REI-ReloadPlugins/TRACE] [REI] [REIPlugin START] Reloading Section: "reloadable-plugin/ItemComparatorRegistryImpl/ChiselREI of ChiselREI [chisel]/" done in 14.10 μs
[13:59:23] [REI-ReloadPlugins/TRACE] [REI] [REIPlugin START] Reloading Section: "reloadable-plugin/ItemComparatorRegistryImpl/REITooltipPlugin of REITooltipPlugin [appleskin]/"
[13:59:23] [REI-ReloadPlugins/TRACE] [REI] [REIPlugin START] Reloading Section: "reloadable-plugin/ItemComparatorRegistryImpl/REITooltipPlugin of REITooltipPlugin [appleskin]/" done in 13.40 μs
[13:59:23] [REI-ReloadPlugins/TRACE] [REI] [REIPlugin START] Reloading Section: "reloadable-plugin/ItemComparatorRegistryImpl/AdAstraReiPlugin of AdAstraReiPlugin [ad_astra]/"
[13:59:23] [REI-ReloadPlugins/TRACE] [REI] [REIPlugin START] Reloading Section: "reloadable-plugin/ItemComparatorRegistryImpl/AdAstraReiPlugin of AdAstraReiPlugin [ad_astra]/" done in 12.90 μs
[13:59:23] [REI-ReloadPlugins/TRACE] [REI] [REIPlugin START] Reloading Section: "reloadable-plugin/ItemComparatorRegistryImpl/DefaultRuntimePlugin of DefaultRuntimePlugin [roughlyenoughitems]/"
[13:59:23] [REI-ReloadPlugins/TRACE] [REI] [REIPlugin START] Reloading Section: "reloadable-plugin/ItemComparatorRegistryImpl/DefaultRuntimePlugin of DefaultRuntimePlugin [roughlyenoughitems]/" done in 11.40 μs
[13:59:23] [REI-ReloadPlugins/TRACE] [REI] [REIPlugin START] Reloading Section: "reloadable-plugin/ItemComparatorRegistryImpl/ReiRecipeAction of ReiRecipeAction [wthit]/"
[13:59:23] [REI-ReloadPlugins/TRACE] [REI] [REIPlugin START] Reloading Section: "reloadable-plugin/ItemComparatorRegistryImpl/ReiRecipeAction of ReiRecipeAction [wthit]/" done in 14.20 μs
[13:59:23] [REI-ReloadPlugins/TRACE] [REI] [REIPlugin START] Reloading Section: "reloadable-plugin/ItemComparatorRegistryImpl/" done in 3.759 ms
[13:59:23] [REI-ReloadPlugins/TRACE] [REI] [REIPlugin START] Reloading Section: "reloadable-plugin/FluidComparatorRegistryImpl/"
[13:59:23] [REI-ReloadPlugins/TRACE] [REI] [REIPlugin START] Reloading Section: "reloadable-plugin/FluidComparatorRegistryImpl/DefaultClientPlugin of DefaultClientPlugin [roughlyenoughitems]/"
[13:59:23] [REI-ReloadPlugins/TRACE] [REI] [REIPlugin START] Reloading Section: "reloadable-plugin/FluidComparatorRegistryImpl/DefaultClientPlugin of DefaultClientPlugin [roughlyenoughitems]/" done in 20.70 μs
[13:59:23] [REI-ReloadPlugins/TRACE] [REI] [REIPlugin START] Reloading Section: "reloadable-plugin/FluidComparatorRegistryImpl/DefaultPlugin of DefaultPlugin [roughlyenoughitems]/"
[13:59:23] [REI-ReloadPlugins/TRACE] [REI] [REIPlugin START] Reloading Section: "reloadable-plugin/FluidComparatorRegistryImpl/DefaultPlugin of DefaultPlugin [roughlyenoughitems]/" done in 10.90 μs
[13:59:23] [REI-ReloadPlugins/TRACE] [REI] [REIPlugin START] Reloading Section: "reloadable-plugin/FluidComparatorRegistryImpl/FabricFluidAPISupportPlugin/"
[13:59:23] [REI-ReloadPlugins/TRACE] [REI] [REIPlugin START] Reloading Section: "reloadable-plugin/FluidComparatorRegistryImpl/FabricFluidAPISupportPlugin/" done in 10.70 μs
[13:59:23] [REI-ReloadPlugins/TRACE] [REI] [REIPlugin START] Reloading Section: "reloadable-plugin/FluidComparatorRegistryImpl/REICompat of REICompat [sliceanddice]/"
[13:59:23] [REI-ReloadPlugins/TRACE] [REI] [REIPlugin START] Reloading Section: "reloadable-plugin/FluidComparatorRegistryImpl/REICompat of REICompat [sliceanddice]/" done in 10.90 μs
[13:59:23] [REI-ReloadPlugins/TRACE] [REI] [REIPlugin START] Reloading Section: "reloadable-plugin/FluidComparatorRegistryImpl/HideIngredientsFromTagsPlugin of HideIngredientsFromTagsPlugin [roughlyenoughitems]/"
[13:59:23] [REI-ReloadPlugins/TRACE] [REI] [REIPlugin START] Reloading Section: "reloadable-plugin/FluidComparatorRegistryImpl/HideIngredientsFromTagsPlugin of HideIngredientsFromTagsPlugin [roughlyenoughitems]/" done in 10.70 μs
[13:59:23] [REI-ReloadPlugins/TRACE] [REI] [REIPlugin START] Reloading Section: "reloadable-plugin/FluidComparatorRegistryImpl/DefaultClientRuntimePlugin of DefaultClientRuntimePlugin [roughlyenoughitems]/"
[13:59:23] [REI-ReloadPlugins/TRACE] [REI] [REIPlugin START] Reloading Section: "reloadable-plugin/FluidComparatorRegistryImpl/DefaultClientRuntimePlugin of DefaultClientRuntimePlugin [roughlyenoughitems]/" done in 12.20 μs
[13:59:23] [REI-ReloadPlugins/TRACE] [REI] [REIPlugin START] Reloading Section: "reloadable-plugin/FluidComparatorRegistryImpl/ClientREIPlugin of ClientREIPlugin [farmersdelight]/"
[13:59:23] [REI-ReloadPlugins/TRACE] [REI] [REIPlugin START] Reloading Section: "reloadable-plugin/FluidComparatorRegistryImpl/ClientREIPlugin of ClientREIPlugin [farmersdelight]/" done in 11.50 μs
[13:59:23] [REI-ReloadPlugins/TRACE] [REI] [REIPlugin START] Reloading Section: "reloadable-plugin/FluidComparatorRegistryImpl/ExpandedDelightREI of ExpandedDelightREI [expandeddelight]/"
[13:59:23] [REI-ReloadPlugins/TRACE] [REI] [REIPlugin START] Reloading Section: "reloadable-plugin/FluidComparatorRegistryImpl/ExpandedDelightREI of ExpandedDelightREI [expandeddelight]/" done in 10.70 μs
[13:59:23] [REI-ReloadPlugins/TRACE] [REI] [REIPlugin START] Reloading Section: "reloadable-plugin/FluidComparatorRegistryImpl/CreateAdditionREI of CreateAdditionREI [createaddition]/"
[13:59:23] [REI-ReloadPlugins/TRACE] [REI] [REIPlugin START] Reloading Section: "reloadable-plugin/FluidComparatorRegistryImpl/CreateAdditionREI of CreateAdditionREI [createaddition]/" done in 10.90 μs
[13:59:23] [REI-ReloadPlugins/TRACE] [REI] [REIPlugin START] Reloading Section: "reloadable-plugin/FluidComparatorRegistryImpl/NewAgeReiPlugin of NewAgeReiPlugin [create_new_age]/"
[13:59:23] [REI-ReloadPlugins/TRACE] [REI] [REIPlugin START] Reloading Section: "reloadable-plugin/FluidComparatorRegistryImpl/NewAgeReiPlugin of NewAgeReiPlugin [create_new_age]/" done in 11.60 μs
[13:59:23] [REI-ReloadPlugins/TRACE] [REI] [REIPlugin START] Reloading Section: "reloadable-plugin/FluidComparatorRegistryImpl/create:rei_plugin of create:rei_plugin [create]/"
[13:59:23] [REI-ReloadPlugins/TRACE] [REI] [REIPlugin START] Reloading Section: "reloadable-plugin/FluidComparatorRegistryImpl/create:rei_plugin of create:rei_plugin [create]/" done in 11.50 μs
[13:59:23] [REI-ReloadPlugins/TRACE] [REI] [REIPlugin START] Reloading Section: "reloadable-plugin/FluidComparatorRegistryImpl/ChiselREI of ChiselREI [chisel]/"
[13:59:23] [REI-ReloadPlugins/TRACE] [REI] [REIPlugin START] Reloading Section: "reloadable-plugin/FluidComparatorRegistryImpl/ChiselREI of ChiselREI [chisel]/" done in 11.40 μs
[13:59:23] [REI-ReloadPlugins/TRACE] [REI] [REIPlugin START] Reloading Section: "reloadable-plugin/FluidComparatorRegistryImpl/REITooltipPlugin of REITooltipPlugin [appleskin]/"
[13:59:23] [REI-ReloadPlugins/TRACE] [REI] [REIPlugin START] Reloading Section: "reloadable-plugin/FluidComparatorRegistryImpl/REITooltipPlugin of REITooltipPlugin [appleskin]/" done in 10.80 μs
[13:59:23] [REI-ReloadPlugins/TRACE] [REI] [REIPlugin START] Reloading Section: "reloadable-plugin/FluidComparatorRegistryImpl/AdAstraReiPlugin of AdAstraReiPlugin [ad_astra]/"
[13:59:23] [REI-ReloadPlugins/TRACE] [REI] [REIPlugin START] Reloading Section: "reloadable-plugin/FluidComparatorRegistryImpl/AdAstraReiPlugin of AdAstraReiPlugin [ad_astra]/" done in 13.40 μs
[13:59:23] [REI-ReloadPlugins/TRACE] [REI] [REIPlugin START] Reloading Section: "reloadable-plugin/FluidComparatorRegistryImpl/DefaultRuntimePlugin of DefaultRuntimePlugin [roughlyenoughitems]/"
[13:59:23] [REI-ReloadPlugins/TRACE] [REI] [REIPlugin START] Reloading Section: "reloadable-plugin/FluidComparatorRegistryImpl/DefaultRuntimePlugin of DefaultRuntimePlugin [roughlyenoughitems]/" done in 10.80 μs
[13:59:23] [REI-ReloadPlugins/TRACE] [REI] [REIPlugin START] Reloading Section: "reloadable-plugin/FluidComparatorRegistryImpl/ReiRecipeAction of ReiRecipeAction [wthit]/"
[13:59:23] [REI-ReloadPlugins/TRACE] [REI] [REIPlugin START] Reloading Section: "reloadable-plugin/FluidComparatorRegistryImpl/ReiRecipeAction of ReiRecipeAction [wthit]/" done in 11.80 μs
[13:59:23] [REI-ReloadPlugins/TRACE] [REI] [REIPlugin START] Reloading Section: "reloadable-plugin/FluidComparatorRegistryImpl/" done in 1.559 ms
[13:59:23] [REI-ReloadPlugins/TRACE] [REI] [REIPlugin START] Reloading Section: "reloadable-plugin/DisplaySerializerRegistryImpl/"
[13:59:23] [REI-ReloadPlugins/TRACE] [REI] [REIPlugin START] Reloading Section: "reloadable-plugin/DisplaySerializerRegistryImpl/DefaultClientPlugin of DefaultClientPlugin [roughlyenoughitems]/"
[13:59:23] [REI-ReloadPlugins/TRACE] [REI] [REIPlugin START] Reloading Section: "reloadable-plugin/DisplaySerializerRegistryImpl/DefaultClientPlugin of DefaultClientPlugin [roughlyenoughitems]/" done in 10.40 μs
[13:59:23] [REI-ReloadPlugins/TRACE] [REI] [REIPlugin START] Reloading Section: "reloadable-plugin/DisplaySerializerRegistryImpl/DefaultPlugin of DefaultPlugin [roughlyenoughitems]/"
[13:59:23] [REI-ReloadPlugins/TRACE] [REI] [REIPlugin START] Reloading Section: "reloadable-plugin/DisplaySerializerRegistryImpl/DefaultPlugin of DefaultPlugin [roughlyenoughitems]/" done in 15.50 μs
[13:59:23] [REI-ReloadPlugins/TRACE] [REI] [REIPlugin START] Reloading Section: "reloadable-plugin/DisplaySerializerRegistryImpl/FabricFluidAPISupportPlugin/"
[13:59:23] [REI-ReloadPlugins/TRACE] [REI] [REIPlugin START] Reloading Section: "reloadable-plugin/DisplaySerializerRegistryImpl/FabricFluidAPISupportPlugin/" done in 13.80 μs
[13:59:23] [REI-ReloadPlugins/TRACE] [REI] [REIPlugin START] Reloading Section: "reloadable-plugin/DisplaySerializerRegistryImpl/REICompat of REICompat [sliceanddice]/"
[13:59:23] [REI-ReloadPlugins/TRACE] [REI] [REIPlugin START] Reloading Section: "reloadable-plugin/DisplaySerializerRegistryImpl/REICompat of REICompat [sliceanddice]/" done in 15.10 μs
[13:59:23] [REI-ReloadPlugins/TRACE] [REI] [REIPlugin START] Reloading Section: "reloadable-plugin/DisplaySerializerRegistryImpl/HideIngredientsFromTagsPlugin of HideIngredientsFromTagsPlugin [roughlyenoughitems]/"
[13:59:23] [REI-ReloadPlugins/TRACE] [REI] [REIPlugin START] Reloading Section: "reloadable-plugin/DisplaySerializerRegistryImpl/HideIngredientsFromTagsPlugin of HideIngredientsFromTagsPlugin [roughlyenoughitems]/" done in 13.70 μs
[13:59:23] [REI-ReloadPlugins/TRACE] [REI] [REIPlugin START] Reloading Section: "reloadable-plugin/DisplaySerializerRegistryImpl/DefaultClientRuntimePlugin of DefaultClientRuntimePlugin [roughlyenoughitems]/"
[13:59:23] [REI-ReloadPlugins/TRACE] [REI] [REIPlugin START] Reloading Section: "reloadable-plugin/DisplaySerializerRegistryImpl/DefaultClientRuntimePlugin of DefaultClientRuntimePlugin [roughlyenoughitems]/" done in 14.30 μs
[13:59:23] [REI-ReloadPlugins/TRACE] [REI] [REIPlugin START] Reloading Section: "reloadable-plugin/DisplaySerializerRegistryImpl/ClientREIPlugin of ClientREIPlugin [farmersdelight]/"
[13:59:23] [REI-ReloadPlugins/TRACE] [REI] [REIPlugin START] Reloading Section: "reloadable-plugin/DisplaySerializerRegistryImpl/ClientREIPlugin of ClientREIPlugin [farmersdelight]/" done in 18.40 μs
[13:59:23] [REI-ReloadPlugins/TRACE] [REI] [REIPlugin START] Reloading Section: "reloadable-plugin/DisplaySerializerRegistryImpl/ExpandedDelightREI of ExpandedDelightREI [expandeddelight]/"
[13:59:23] [REI-ReloadPlugins/TRACE] [REI] [REIPlugin START] Reloading Section: "reloadable-plugin/DisplaySerializerRegistryImpl/ExpandedDelightREI of ExpandedDelightREI [expandeddelight]/" done in 15.40 μs
[13:59:23] [REI-ReloadPlugins/TRACE] [REI] [REIPlugin START] Reloading Section: "reloadable-plugin/DisplaySerializerRegistryImpl/CreateAdditionREI of CreateAdditionREI [createaddition]/"
[13:59:23] [REI-ReloadPlugins/TRACE] [REI] [REIPlugin START] Reloading Section: "reloadable-plugin/DisplaySerializerRegistryImpl/CreateAdditionREI of CreateAdditionREI [createaddition]/" done in 14.70 μs
[13:59:23] [REI-ReloadPlugins/TRACE] [REI] [REIPlugin START] Reloading Section: "reloadable-plugin/DisplaySerializerRegistryImpl/NewAgeReiPlugin of NewAgeReiPlugin [create_new_age]/"
[13:59:23] [REI-ReloadPlugins/TRACE] [REI] [REIPlugin START] Reloading Section: "reloadable-plugin/DisplaySerializerRegistryImpl/NewAgeReiPlugin of NewAgeReiPlugin [create_new_age]/" done in 12.20 μs
[13:59:23] [REI-ReloadPlugins/TRACE] [REI] [REIPlugin START] Reloading Section: "reloadable-plugin/DisplaySerializerRegistryImpl/create:rei_plugin of create:rei_plugin [create]/"
[13:59:23] [REI-ReloadPlugins/TRACE] [REI] [REIPlugin START] Reloading Section: "reloadable-plugin/DisplaySerializerRegistryImpl/create:rei_plugin of create:rei_plugin [create]/" done in 11.90 μs
[13:59:23] [REI-ReloadPlugins/TRACE] [REI] [REIPlugin START] Reloading Section: "reloadable-plugin/DisplaySerializerRegistryImpl/ChiselREI of ChiselREI [chisel]/"
[13:59:23] [REI-ReloadPlugins/TRACE] [REI] [REIPlugin START] Reloading Section: "reloadable-plugin/DisplaySerializerRegistryImpl/ChiselREI of ChiselREI [chisel]/" done in 12.30 μs
[13:59:23] [REI-ReloadPlugins/TRACE] [REI] [REIPlugin START] Reloading Section: "reloadable-plugin/DisplaySerializerRegistryImpl/REITooltipPlugin of REITooltipPlugin [appleskin]/"
[13:59:23] [REI-ReloadPlugins/TRACE] [REI] [REIPlugin START] Reloading Section: "reloadable-plugin/DisplaySerializerRegistryImpl/REITooltipPlugin of REITooltipPlugin [appleskin]/" done in 73.20 μs
[13:59:23] [REI-ReloadPlugins/TRACE] [REI] [REIPlugin START] Reloading Section: "reloadable-plugin/DisplaySerializerRegistryImpl/AdAstraReiPlugin of AdAstraReiPlugin [ad_astra]/"
[13:59:23] [REI-ReloadPlugins/TRACE] [REI] [REIPlugin START] Reloading Section: "reloadable-plugin/DisplaySerializerRegistryImpl/AdAstraReiPlugin of AdAstraReiPlugin [ad_astra]/" done in 15.50 μs
[13:59:23] [REI-ReloadPlugins/TRACE] [REI] [REIPlugin START] Reloading Section: "reloadable-plugin/DisplaySerializerRegistryImpl/DefaultRuntimePlugin of DefaultRuntimePlugin [roughlyenoughitems]/"
[13:59:23] [REI-ReloadPlugins/TRACE] [REI] [REIPlugin START] Reloading Section: "reloadable-plugin/DisplaySerializerRegistryImpl/DefaultRuntimePlugin of DefaultRuntimePlugin [roughlyenoughitems]/" done in 13.30 μs
[13:59:23] [REI-ReloadPlugins/TRACE] [REI] [REIPlugin START] Reloading Section: "reloadable-plugin/DisplaySerializerRegistryImpl/ReiRecipeAction of ReiRecipeAction [wthit]/"
[13:59:23] [REI-ReloadPlugins/TRACE] [REI] [REIPlugin START] Reloading Section: "reloadable-plugin/DisplaySerializerRegistryImpl/ReiRecipeAction of ReiRecipeAction [wthit]/" done in 21.20 μs
[13:59:23] [REI-ReloadPlugins/TRACE] [REI] [REIPlugin START] Reloading Section: "reloadable-plugin/DisplaySerializerRegistryImpl/" done in 2.253 ms
[13:59:23] [REI-ReloadPlugins/TRACE] [REI] [REIPlugin START] Reloading Section: "reloadable-plugin/FluidSupportProviderImpl/"
[13:59:23] [REI-ReloadPlugins/TRACE] [REI] [REIPlugin START] Reloading Section: "reloadable-plugin/FluidSupportProviderImpl/DefaultClientPlugin of DefaultClientPlugin [roughlyenoughitems]/"
[13:59:23] [REI-ReloadPlugins/TRACE] [REI] [REIPlugin START] Reloading Section: "reloadable-plugin/FluidSupportProviderImpl/DefaultClientPlugin of DefaultClientPlugin [roughlyenoughitems]/" done in 27.20 μs
[13:59:23] [REI-ReloadPlugins/TRACE] [REI] [REIPlugin START] Reloading Section: "reloadable-plugin/FluidSupportProviderImpl/DefaultPlugin of DefaultPlugin [roughlyenoughitems]/"
[13:59:23] [REI-ReloadPlugins/TRACE] [REI] [REIPlugin START] Reloading Section: "reloadable-plugin/FluidSupportProviderImpl/DefaultPlugin of DefaultPlugin [roughlyenoughitems]/" done in 1.926 ms
[13:59:23] [REI-ReloadPlugins/TRACE] [REI] [REIPlugin START] Reloading Section: "reloadable-plugin/FluidSupportProviderImpl/FabricFluidAPISupportPlugin/"
[13:59:23] [REI-ReloadPlugins/TRACE] [REI] [REIPlugin START] Reloading Section: "reloadable-plugin/FluidSupportProviderImpl/FabricFluidAPISupportPlugin/" done in 308.5 μs
[13:59:23] [REI-ReloadPlugins/TRACE] [REI] [REIPlugin START] Reloading Section: "reloadable-plugin/FluidSupportProviderImpl/REICompat of REICompat [sliceanddice]/"
[13:59:23] [REI-ReloadPlugins/TRACE] [REI] [REIPlugin START] Reloading Section: "reloadable-plugin/FluidSupportProviderImpl/REICompat of REICompat [sliceanddice]/" done in 15.30 μs
[13:59:23] [REI-ReloadPlugins/TRACE] [REI] [REIPlugin START] Reloading Section: "reloadable-plugin/FluidSupportProviderImpl/HideIngredientsFromTagsPlugin of HideIngredientsFromTagsPlugin [roughlyenoughitems]/"
[13:59:23] [REI-ReloadPlugins/TRACE] [REI] [REIPlugin START] Reloading Section: "reloadable-plugin/FluidSupportProviderImpl/HideIngredientsFromTagsPlugin of HideIngredientsFromTagsPlugin [roughlyenoughitems]/" done in 12.90 μs
[13:59:23] [REI-ReloadPlugins/TRACE] [REI] [REIPlugin START] Reloading Section: "reloadable-plugin/FluidSupportProviderImpl/DefaultClientRuntimePlugin of DefaultClientRuntimePlugin [roughlyenoughitems]/"
[13:59:23] [REI-ReloadPlugins/TRACE] [REI] [REIPlugin START] Reloading Section: "reloadable-plugin/FluidSupportProviderImpl/DefaultClientRuntimePlugin of DefaultClientRuntimePlugin [roughlyenoughitems]/" done in 13.40 μs
[13:59:23] [REI-ReloadPlugins/TRACE] [REI] [REIPlugin START] Reloading Section: "reloadable-plugin/FluidSupportProviderImpl/ClientREIPlugin of ClientREIPlugin [farmersdelight]/"
[13:59:23] [REI-ReloadPlugins/TRACE] [REI] [REIPlugin START] Reloading Section: "reloadable-plugin/FluidSupportProviderImpl/ClientREIPlugin of ClientREIPlugin [farmersdelight]/" done in 12.60 μs
[13:59:23] [REI-ReloadPlugins/TRACE] [REI] [REIPlugin START] Reloading Section: "reloadable-plugin/FluidSupportProviderImpl/ExpandedDelightREI of ExpandedDelightREI [expandeddelight]/"
[13:59:23] [REI-ReloadPlugins/TRACE] [REI] [REIPlugin START] Reloading Section: "reloadable-plugin/FluidSupportProviderImpl/ExpandedDelightREI of ExpandedDelightREI [expandeddelight]/" done in 11.60 μs
[13:59:23] [REI-ReloadPlugins/TRACE] [REI] [REIPlugin START] Reloading Section: "reloadable-plugin/FluidSupportProviderImpl/CreateAdditionREI of CreateAdditionREI [createaddition]/"
[13:59:23] [REI-ReloadPlugins/TRACE] [REI] [REIPlugin START] Reloading Section: "reloadable-plugin/FluidSupportProviderImpl/CreateAdditionREI of CreateAdditionREI [createaddition]/" done in 13.30 μs
[13:59:23] [REI-ReloadPlugins/TRACE] [REI] [REIPlugin START] Reloading Section: "reloadable-plugin/FluidSupportProviderImpl/NewAgeReiPlugin of NewAgeReiPlugin [create_new_age]/"
[13:59:23] [REI-ReloadPlugins/TRACE] [REI] [REIPlugin START] Reloading Section: "reloadable-plugin/FluidSupportProviderImpl/NewAgeReiPlugin of NewAgeReiPlugin [create_new_age]/" done in 12.30 μs
[13:59:23] [REI-ReloadPlugins/TRACE] [REI] [REIPlugin START] Reloading Section: "reloadable-plugin/FluidSupportProviderImpl/create:rei_plugin of create:rei_plugin [create]/"
[13:59:23] [REI-ReloadPlugins/TRACE] [REI] [REIPlugin START] Reloading Section: "reloadable-plugin/FluidSupportProviderImpl/create:rei_plugin of create:rei_plugin [create]/" done in 12.20 μs
[13:59:23] [REI-ReloadPlugins/TRACE] [REI] [REIPlugin START] Reloading Section: "reloadable-plugin/FluidSupportProviderImpl/ChiselREI of ChiselREI [chisel]/"
[13:59:23] [REI-ReloadPlugins/TRACE] [REI] [REIPlugin START] Reloading Section: "reloadable-plugin/FluidSupportProviderImpl/ChiselREI of ChiselREI [chisel]/" done in 12.10 μs
[13:59:23] [REI-ReloadPlugins/TRACE] [REI] [REIPlugin START] Reloading Section: "reloadable-plugin/FluidSupportProviderImpl/REITooltipPlugin of REITooltipPlugin [appleskin]/"
[13:59:23] [REI-ReloadPlugins/TRACE] [REI] [REIPlugin START] Reloading Section: "reloadable-plugin/FluidSupportProviderImpl/REITooltipPlugin of REITooltipPlugin [appleskin]/" done in 11.20 μs
[13:59:23] [REI-ReloadPlugins/TRACE] [REI] [REIPlugin START] Reloading Section: "reloadable-plugin/FluidSupportProviderImpl/AdAstraReiPlugin of AdAstraReiPlugin [ad_astra]/"
[13:59:23] [REI-ReloadPlugins/TRACE] [REI] [REIPlugin START] Reloading Section: "reloadable-plugin/FluidSupportProviderImpl/AdAstraReiPlugin of AdAstraReiPlugin [ad_astra]/" done in 12.20 μs
[13:59:23] [REI-ReloadPlugins/TRACE] [REI] [REIPlugin START] Reloading Section: "reloadable-plugin/FluidSupportProviderImpl/DefaultRuntimePlugin of DefaultRuntimePlugin [roughlyenoughitems]/"
[13:59:23] [REI-ReloadPlugins/TRACE] [REI] [REIPlugin START] Reloading Section: "reloadable-plugin/FluidSupportProviderImpl/DefaultRuntimePlugin of DefaultRuntimePlugin [roughlyenoughitems]/" done in 11.30 μs
[13:59:23] [REI-ReloadPlugins/TRACE] [REI] [REIPlugin START] Reloading Section: "reloadable-plugin/FluidSupportProviderImpl/ReiRecipeAction of ReiRecipeAction [wthit]/"
[13:59:23] [REI-ReloadPlugins/TRACE] [REI] [REIPlugin START] Reloading Section: "reloadable-plugin/FluidSupportProviderImpl/ReiRecipeAction of ReiRecipeAction [wthit]/" done in 11.80 μs
[13:59:23] [REI-ReloadPlugins/TRACE] [REI] [REIPlugin START] Reloading Section: "reloadable-plugin/FluidSupportProviderImpl/" done in 4.105 ms
[13:59:23] [REI-ReloadPlugins/TRACE] [REI] [REIPlugin START] Reloading Section: "reloadable-plugin/me.shedaniel.rei.plugin.client.runtime.PluginStageExecutionWatcher$1/"
[13:59:23] [REI-ReloadPlugins/TRACE] [REI] [REIPlugin START] Reloading Section: "reloadable-plugin/me.shedaniel.rei.plugin.client.runtime.PluginStageExecutionWatcher$1/DefaultClientPlugin of DefaultClientPlugin [roughlyenoughitems]/"
[13:59:23] [REI-ReloadPlugins/TRACE] [REI] [REIPlugin START] Reloading Section: "reloadable-plugin/me.shedaniel.rei.plugin.client.runtime.PluginStageExecutionWatcher$1/DefaultClientPlugin of DefaultClientPlugin [roughlyenoughitems]/" done in 10.70 μs
[13:59:23] [REI-ReloadPlugins/TRACE] [REI] [REIPlugin START] Reloading Section: "reloadable-plugin/me.shedaniel.rei.plugin.client.runtime.PluginStageExecutionWatcher$1/DefaultPlugin of DefaultPlugin [roughlyenoughitems]/"
[13:59:23] [REI-ReloadPlugins/TRACE] [REI] [REIPlugin START] Reloading Section: "reloadable-plugin/me.shedaniel.rei.plugin.client.runtime.PluginStageExecutionWatcher$1/DefaultPlugin of DefaultPlugin [roughlyenoughitems]/" done in 11.20 μs
[13:59:23] [REI-ReloadPlugins/TRACE] [REI] [REIPlugin START] Reloading Section: "reloadable-plugin/me.shedaniel.rei.plugin.client.runtime.PluginStageExecutionWatcher$1/FabricFluidAPISupportPlugin/"
[13:59:23] [REI-ReloadPlugins/TRACE] [REI] [REIPlugin START] Reloading Section: "reloadable-plugin/me.shedaniel.rei.plugin.client.runtime.PluginStageExecutionWatcher$1/FabricFluidAPISupportPlugin/" done in 10.70 μs
[13:59:23] [REI-ReloadPlugins/TRACE] [REI] [REIPlugin START] Reloading Section: "reloadable-plugin/me.shedaniel.rei.plugin.client.runtime.PluginStageExecutionWatcher$1/REICompat of REICompat [sliceanddice]/"
[13:59:23] [REI-ReloadPlugins/TRACE] [REI] [REIPlugin START] Reloading Section: "reloadable-plugin/me.shedaniel.rei.plugin.client.runtime.PluginStageExecutionWatcher$1/REICompat of REICompat [sliceanddice]/" done in 10.60 μs
[13:59:23] [REI-ReloadPlugins/TRACE] [REI] [REIPlugin START] Reloading Section: "reloadable-plugin/me.shedaniel.rei.plugin.client.runtime.PluginStageExecutionWatcher$1/HideIngredientsFromTagsPlugin of HideIngredientsFromTagsPlugin [roughlyenoughitems]/"
[13:59:23] [REI-ReloadPlugins/TRACE] [REI] [REIPlugin START] Reloading Section: "reloadable-plugin/me.shedaniel.rei.plugin.client.runtime.PluginStageExecutionWatcher$1/HideIngredientsFromTagsPlugin of HideIngredientsFromTagsPlugin [roughlyenoughitems]/" done in 10.70 μs
[13:59:23] [REI-ReloadPlugins/TRACE] [REI] [REIPlugin START] Reloading Section: "reloadable-plugin/me.shedaniel.rei.plugin.client.runtime.PluginStageExecutionWatcher$1/DefaultClientRuntimePlugin of DefaultClientRuntimePlugin [roughlyenoughitems]/"
[13:59:23] [REI-ReloadPlugins/TRACE] [REI] [REIPlugin START] Reloading Section: "reloadable-plugin/me.shedaniel.rei.plugin.client.runtime.PluginStageExecutionWatcher$1/DefaultClientRuntimePlugin of DefaultClientRuntimePlugin [roughlyenoughitems]/" done in 11.10 μs
[13:59:23] [REI-ReloadPlugins/TRACE] [REI] [REIPlugin START] Reloading Section: "reloadable-plugin/me.shedaniel.rei.plugin.client.runtime.PluginStageExecutionWatcher$1/ClientREIPlugin of ClientREIPlugin [farmersdelight]/"
[13:59:23] [REI-ReloadPlugins/TRACE] [REI] [REIPlugin START] Reloading Section: "reloadable-plugin/me.shedaniel.rei.plugin.client.runtime.PluginStageExecutionWatcher$1/ClientREIPlugin of ClientREIPlugin [farmersdelight]/" done in 11.60 μs
[13:59:23] [REI-ReloadPlugins/TRACE] [REI] [REIPlugin START] Reloading Section: "reloadable-plugin/me.shedaniel.rei.plugin.client.runtime.PluginStageExecutionWatcher$1/ExpandedDelightREI of ExpandedDelightREI [expandeddelight]/"
[13:59:23] [REI-ReloadPlugins/TRACE] [REI] [REIPlugin START] Reloading Section: "reloadable-plugin/me.shedaniel.rei.plugin.client.runtime.PluginStageExecutionWatcher$1/ExpandedDelightREI of ExpandedDelightREI [expandeddelight]/" done in 10.60 μs
[13:59:23] [REI-ReloadPlugins/TRACE] [REI] [REIPlugin START] Reloading Section: "reloadable-plugin/me.shedaniel.rei.plugin.client.runtime.PluginStageExecutionWatcher$1/CreateAdditionREI of CreateAdditionREI [createaddition]/"
[13:59:23] [REI-ReloadPlugins/TRACE] [REI] [REIPlugin START] Reloading Section: "reloadable-plugin/me.shedaniel.rei.plugin.client.runtime.PluginStageExecutionWatcher$1/CreateAdditionREI of CreateAdditionREI [createaddition]/" done in 10.80 μs
[13:59:23] [REI-ReloadPlugins/TRACE] [REI] [REIPlugin START] Reloading Section: "reloadable-plugin/me.shedaniel.rei.plugin.client.runtime.PluginStageExecutionWatcher$1/NewAgeReiPlugin of NewAgeReiPlugin [create_new_age]/"
[13:59:23] [REI-ReloadPlugins/TRACE] [REI] [REIPlugin START] Reloading Section: "reloadable-plugin/me.shedaniel.rei.plugin.client.runtime.PluginStageExecutionWatcher$1/NewAgeReiPlugin of NewAgeReiPlugin [create_new_age]/" done in 11.40 μs
[13:59:23] [REI-ReloadPlugins/TRACE] [REI] [REIPlugin START] Reloading Section: "reloadable-plugin/me.shedaniel.rei.plugin.client.runtime.PluginStageExecutionWatcher$1/create:rei_plugin of create:rei_plugin [create]/"
[13:59:23] [REI-ReloadPlugins/TRACE] [REI] [REIPlugin START] Reloading Section: "reloadable-plugin/me.shedaniel.rei.plugin.client.runtime.PluginStageExecutionWatcher$1/create:rei_plugin of create:rei_plugin [create]/" done in 11.30 μs
[13:59:23] [REI-ReloadPlugins/TRACE] [REI] [REIPlugin START] Reloading Section: "reloadable-plugin/me.shedaniel.rei.plugin.client.runtime.PluginStageExecutionWatcher$1/ChiselREI of ChiselREI [chisel]/"
[13:59:23] [REI-ReloadPlugins/TRACE] [REI] [REIPlugin START] Reloading Section: "reloadable-plugin/me.shedaniel.rei.plugin.client.runtime.PluginStageExecutionWatcher$1/ChiselREI of ChiselREI [chisel]/" done in 13.40 μs
[13:59:23] [REI-ReloadPlugins/TRACE] [REI] [REIPlugin START] Reloading Section: "reloadable-plugin/me.shedaniel.rei.plugin.client.runtime.PluginStageExecutionWatcher$1/REITooltipPlugin of REITooltipPlugin [appleskin]/"
[13:59:23] [REI-ReloadPlugins/TRACE] [REI] [REIPlugin START] Reloading Section: "reloadable-plugin/me.shedaniel.rei.plugin.client.runtime.PluginStageExecutionWatcher$1/REITooltipPlugin of REITooltipPlugin [appleskin]/" done in 15.20 μs
[13:59:23] [REI-ReloadPlugins/TRACE] [REI] [REIPlugin START] Reloading Section: "reloadable-plugin/me.shedaniel.rei.plugin.client.runtime.PluginStageExecutionWatcher$1/AdAstraReiPlugin of AdAstraReiPlugin [ad_astra]/"
[13:59:23] [REI-ReloadPlugins/TRACE] [REI] [REIPlugin START] Reloading Section: "reloadable-plugin/me.shedaniel.rei.plugin.client.runtime.PluginStageExecutionWatcher$1/AdAstraReiPlugin of AdAstraReiPlugin [ad_astra]/" done in 15.40 μs
[13:59:23] [REI-ReloadPlugins/TRACE] [REI] [REIPlugin START] Reloading Section: "reloadable-plugin/me.shedaniel.rei.plugin.client.runtime.PluginStageExecutionWatcher$1/DefaultRuntimePlugin of DefaultRuntimePlugin [roughlyenoughitems]/"
[13:59:23] [REI-ReloadPlugins/TRACE] [REI] [REIPlugin START] Reloading Section: "reloadable-plugin/me.shedaniel.rei.plugin.client.runtime.PluginStageExecutionWatcher$1/DefaultRuntimePlugin of DefaultRuntimePlugin [roughlyenoughitems]/" done in 12.30 μs
[13:59:23] [REI-ReloadPlugins/TRACE] [REI] [REIPlugin START] Reloading Section: "reloadable-plugin/me.shedaniel.rei.plugin.client.runtime.PluginStageExecutionWatcher$1/ReiRecipeAction of ReiRecipeAction [wthit]/"
[13:59:23] [REI-ReloadPlugins/TRACE] [REI] [REIPlugin START] Reloading Section: "reloadable-plugin/me.shedaniel.rei.plugin.client.runtime.PluginStageExecutionWatcher$1/ReiRecipeAction of ReiRecipeAction [wthit]/" done in 28.30 μs
[13:59:23] [REI-ReloadPlugins/TRACE] [REI] [REIPlugin START] Reloading Section: "reloadable-plugin/me.shedaniel.rei.plugin.client.runtime.PluginStageExecutionWatcher$1/" done in 1.914 ms
[13:59:23] [REI-ReloadPlugins/DEBUG] [REI] ========================================
[13:59:23] [REI-ReloadPlugins/DEBUG] [REI] REIPlugin ending main-reload for START.
[13:59:23] [REI-ReloadPlugins/DEBUG] [REI] ========================================
[13:59:23] [REI-ReloadPlugins/TRACE] [REI] [REIPlugin START] Reloading Section: "end-reload/"
[13:59:23] [REI-ReloadPlugins/TRACE] [REI] [REIPlugin START] Reloading Section: "end-reload/EntryTypeRegistryImpl/"
[13:59:23] [REI-ReloadPlugins/TRACE] [REI] [REIPlugin START] Reloading Section: "end-reload/EntryTypeRegistryImpl/" done in 20.80 μs
[13:59:23] [REI-ReloadPlugins/TRACE] [REI] [REIPlugin START] Reloading Section: "end-reload/EntrySettingsAdapterRegistryImpl/"
[13:59:23] [REI-ReloadPlugins/TRACE] [REI] [REIPlugin START] Reloading Section: "end-reload/EntrySettingsAdapterRegistryImpl/" done in 8.800 μs
[13:59:23] [REI-ReloadPlugins/TRACE] [REI] [REIPlugin START] Reloading Section: "end-reload/RecipeManagerContextImpl/"
[13:59:23] [REI-ReloadPlugins/TRACE] [REI] [REIPlugin START] Reloading Section: "end-reload/RecipeManagerContextImpl/" done in 9.000 μs
[13:59:23] [REI-ReloadPlugins/TRACE] [REI] [REIPlugin START] Reloading Section: "end-reload/ItemComparatorRegistryImpl/"
[13:59:23] [REI-ReloadPlugins/TRACE] [REI] [REIPlugin START] Reloading Section: "end-reload/ItemComparatorRegistryImpl/" done in 9.700 μs
[13:59:23] [REI-ReloadPlugins/TRACE] [REI] [REIPlugin START] Reloading Section: "end-reload/FluidComparatorRegistryImpl/"
[13:59:23] [REI-ReloadPlugins/TRACE] [REI] [REIPlugin START] Reloading Section: "end-reload/FluidComparatorRegistryImpl/" done in 8.800 μs
[13:59:23] [REI-ReloadPlugins/TRACE] [REI] [REIPlugin START] Reloading Section: "end-reload/DisplaySerializerRegistryImpl/"
[13:59:23] [REI-ReloadPlugins/TRACE] [REI] [REIPlugin START] Reloading Section: "end-reload/DisplaySerializerRegistryImpl/" done in 9.100 μs
[13:59:23] [REI-ReloadPlugins/TRACE] [REI] [REIPlugin START] Reloading Section: "end-reload/FluidSupportProviderImpl/"
[13:59:23] [REI-ReloadPlugins/TRACE] [REI] [REIPlugin START] Reloading Section: "end-reload/FluidSupportProviderImpl/" done in 9.500 μs
[13:59:23] [REI-ReloadPlugins/TRACE] [REI] [REIPlugin START] Reloading Section: "end-reload/me.shedaniel.rei.plugin.client.runtime.PluginStageExecutionWatcher$1/"
[13:59:23] [REI-ReloadPlugins/TRACE] [REI] [REIPlugin START] Reloading Section: "end-reload/me.shedaniel.rei.plugin.client.runtime.PluginStageExecutionWatcher$1/" done in 8.700 μs
[13:59:23] [REI-ReloadPlugins/TRACE] [REI] [REIPlugin START] Reloading Section: "end-reload/" done in 1.319 ms
[13:59:23] [REI-ReloadPlugins/DEBUG] [REI] ========================================
[13:59:23] [REI-ReloadPlugins/DEBUG] [REI] REIPlugin ended main-reload for START in 46.34 ms.
[13:59:23] [REI-ReloadPlugins/DEBUG] [REI] ========================================
[13:59:23] [REI-ReloadPlugins/INFO] [REI] ++++++++++++++++++++++++++++++++++++++++
[13:59:23] [REI-ReloadPlugins/INFO] [REI] REIClientPlugin starting main-reload for START.
[13:59:23] [REI-ReloadPlugins/DEBUG] [REI] Reloadables (18):
[13:59:23] [REI-ReloadPlugins/DEBUG] [REI]  - EntryRendererRegistryImpl
[13:59:23] [REI-ReloadPlugins/DEBUG] [REI]  - ViewsImpl
[13:59:23] [REI-ReloadPlugins/DEBUG] [REI]  - InputMethodRegistryImpl
[13:59:23] [REI-ReloadPlugins/DEBUG] [REI]  - SearchProviderImpl
[13:59:23] [REI-ReloadPlugins/DEBUG] [REI]  - ConfigManagerImpl
[13:59:23] [REI-ReloadPlugins/DEBUG] [REI]  - EntryRegistryImpl
[13:59:23] [REI-ReloadPlugins/DEBUG] [REI]  - CollapsibleEntryRegistryImpl
[13:59:23] [REI-ReloadPlugins/DEBUG] [REI]  - BasicFilteringRuleImpl
[13:59:23] [REI-ReloadPlugins/DEBUG] [REI]  - CategoryRegistryImpl
[13:59:23] [REI-ReloadPlugins/DEBUG] [REI]  - DisplayRegistryImpl
[13:59:23] [REI-ReloadPlugins/DEBUG] [REI]  - ScreenRegistryImpl
[13:59:23] [REI-ReloadPlugins/DEBUG] [REI]  - FavoriteEntryTypeRegistryImpl
[13:59:23] [REI-ReloadPlugins/DEBUG] [REI]  - SubsetsRegistryImpl
[13:59:23] [REI-ReloadPlugins/DEBUG] [REI]  - TransferHandlerRegistryImpl
[13:59:23] [REI-ReloadPlugins/DEBUG] [REI]  - SearchRuntime
[13:59:23] [REI-ReloadPlugins/DEBUG] [REI]  - REIRuntimeImpl
[13:59:23] [REI-ReloadPlugins/DEBUG] [REI]  - ConfigAddonRegistryImpl
[13:59:23] [REI-ReloadPlugins/DEBUG] [REI]  - me.shedaniel.rei.plugin.client.runtime.PluginStageExecutionWatcher$1
[13:59:23] [REI-ReloadPlugins/INFO] [REI] Plugins (13):
[13:59:23] [REI-ReloadPlugins/INFO] [REI]  - (-100.00) DefaultClientPlugin of DefaultClientPlugin [roughlyenoughitems]
[13:59:23] [REI-ReloadPlugins/INFO] [REI]  - (0.00) REICompat of REICompat [sliceanddice]
[13:59:23] [REI-ReloadPlugins/INFO] [REI]  - (0.00) HideIngredientsFromTagsPlugin of HideIngredientsFromTagsPlugin [roughlyenoughitems]
[13:59:23] [REI-ReloadPlugins/INFO] [REI]  - (0.00) DefaultClientRuntimePlugin of DefaultClientRuntimePlugin [roughlyenoughitems]
[13:59:23] [REI-ReloadPlugins/INFO] [REI]  - (0.00) ClientREIPlugin of ClientREIPlugin [farmersdelight]
[13:59:23] [REI-ReloadPlugins/INFO] [REI]  - (0.00) ExpandedDelightREI of ExpandedDelightREI [expandeddelight]
[13:59:23] [REI-ReloadPlugins/INFO] [REI]  - (0.00) CreateAdditionREI of CreateAdditionREI [createaddition]
[13:59:23] [REI-ReloadPlugins/INFO] [REI]  - (0.00) NewAgeReiPlugin of NewAgeReiPlugin [create_new_age]
[13:59:23] [REI-ReloadPlugins/INFO] [REI]  - (0.00) create:rei_plugin of create:rei_plugin [create]
[13:59:23] [REI-ReloadPlugins/INFO] [REI]  - (0.00) ChiselREI of ChiselREI [chisel]
[13:59:23] [REI-ReloadPlugins/INFO] [REI]  - (0.00) REITooltipPlugin of REITooltipPlugin [appleskin]
[13:59:23] [REI-ReloadPlugins/INFO] [REI]  - (0.00) AdAstraReiPlugin of AdAstraReiPlugin [ad_astra]
[13:59:23] [REI-ReloadPlugins/INFO] [REI]  - (0.00) ReiRecipeAction of ReiRecipeAction [wthit]
[13:59:23] [REI-ReloadPlugins/INFO] [REI] ++++++++++++++++++++++++++++++++++++++++
[13:59:23] [REI-ReloadPlugins/TRACE] [REI] [REIClientPlugin START] Reloading Section: "start-reload/"
[13:59:23] [REI-ReloadPlugins/TRACE] [REI] [REIClientPlugin START] Reloading Section: "start-reload/EntryRendererRegistryImpl/"
[13:59:23] [REI-ReloadPlugins/TRACE] [REI] [REIClientPlugin START] Reloading Section: "start-reload/EntryRendererRegistryImpl/" done in 13.70 μs
[13:59:23] [REI-ReloadPlugins/TRACE] [REI] [REIClientPlugin START] Reloading Section: "start-reload/ViewsImpl/"
[13:59:23] [REI-ReloadPlugins/TRACE] [REI] [REIClientPlugin START] Reloading Section: "start-reload/ViewsImpl/" done in 7.000 μs
[13:59:23] [REI-ReloadPlugins/TRACE] [REI] [REIClientPlugin START] Reloading Section: "start-reload/InputMethodRegistryImpl/"
[13:59:23] [REI-ReloadPlugins/TRACE] [REI] [REIClientPlugin START] Reloading Section: "start-reload/InputMethodRegistryImpl/" done in 7.000 μs
[13:59:23] [REI-ReloadPlugins/TRACE] [REI] [REIClientPlugin START] Reloading Section: "start-reload/SearchProviderImpl/"
[13:59:23] [REI-ReloadPlugins/TRACE] [REI] [REIClientPlugin START] Reloading Section: "start-reload/SearchProviderImpl/" done in 8.500 μs
[13:59:23] [REI-ReloadPlugins/TRACE] [REI] [REIClientPlugin START] Reloading Section: "start-reload/ConfigManagerImpl/"
[13:59:23] [REI-ReloadPlugins/TRACE] [REI] [REIClientPlugin START] Reloading Section: "start-reload/ConfigManagerImpl/" done in 8.000 μs
[13:59:23] [REI-ReloadPlugins/TRACE] [REI] [REIClientPlugin START] Reloading Section: "start-reload/EntryRegistryImpl/"
[13:59:23] [REI-ReloadPlugins/TRACE] [REI] [REIClientPlugin START] Reloading Section: "start-reload/EntryRegistryImpl/" done in 40.00 μs
[13:59:23] [REI-ReloadPlugins/TRACE] [REI] [REIClientPlugin START] Reloading Section: "start-reload/CollapsibleEntryRegistryImpl/"
[13:59:23] [REI-ReloadPlugins/TRACE] [REI] [REIClientPlugin START] Reloading Section: "start-reload/CollapsibleEntryRegistryImpl/" done in 6.900 μs
[13:59:23] [REI-ReloadPlugins/TRACE] [REI] [REIClientPlugin START] Reloading Section: "start-reload/BasicFilteringRuleImpl/"
[13:59:23] [REI-ReloadPlugins/TRACE] [REI] [REIClientPlugin START] Reloading Section: "start-reload/BasicFilteringRuleImpl/" done in 30.90 μs
[13:59:23] [REI-ReloadPlugins/TRACE] [REI] [REIClientPlugin START] Reloading Section: "start-reload/CategoryRegistryImpl/"
[13:59:23] [REI-ReloadPlugins/TRACE] [REI] [REIClientPlugin START] Reloading Section: "start-reload/CategoryRegistryImpl/" done in 6.200 μs
[13:59:23] [REI-ReloadPlugins/TRACE] [REI] [REIClientPlugin START] Reloading Section: "start-reload/DisplayRegistryImpl/"
[13:59:23] [REI-ReloadPlugins/TRACE] [REI] [REIClientPlugin START] Reloading Section: "start-reload/DisplayRegistryImpl/" done in 6.600 μs
[13:59:23] [REI-ReloadPlugins/TRACE] [REI] [REIClientPlugin START] Reloading Section: "start-reload/ScreenRegistryImpl/"
[13:59:23] [REI-ReloadPlugins/DEBUG] [REI] Added overlay decider: me.shedaniel.rei.impl.client.registry.screen.ExclusionZonesImpl@2c0d2fed [-5.00 priority]
[13:59:23] [REI-ReloadPlugins/DEBUG] [REI] Added overlay decider: me.shedaniel.rei.impl.client.registry.screen.ScreenRegistryImpl$1@6515e3a [-10.00 priority]
[13:59:23] [REI-ReloadPlugins/DEBUG] [REI] Added overlay decider: me.shedaniel.rei.impl.client.registry.screen.ScreenRegistryImpl$2@4d29b7a6 [-10.00 priority]
[13:59:23] [REI-ReloadPlugins/DEBUG] [REI] Added overlay decider: me.shedaniel.rei.impl.client.registry.screen.ScreenRegistryImpl$3@94f812 [-20.00 priority]
[13:59:23] [REI-ReloadPlugins/DEBUG] [REI] Added focused stack provider: me.shedaniel.rei.impl.client.registry.screen.ScreenRegistryImpl$4@7614f6b1 [-10.00 priority]
[13:59:23] [REI-ReloadPlugins/DEBUG] [REI] Added draggable component provider: me.shedaniel.rei.api.client.gui.drag.component.DraggableComponentProviderWidget$1@d3a17c4 [0.00 priority]
[13:59:23] [REI-ReloadPlugins/DEBUG] [REI] Added draggable component visitor: me.shedaniel.rei.api.client.gui.drag.component.DraggableComponentVisitorWidget$2@334c2775 [0.00 priority]
[13:59:23] [REI-ReloadPlugins/TRACE] [REI] [REIClientPlugin START] Reloading Section: "start-reload/ScreenRegistryImpl/" done in 15.96 ms
[13:59:23] [REI-ReloadPlugins/TRACE] [REI] [REIClientPlugin START] Reloading Section: "start-reload/FavoriteEntryTypeRegistryImpl/"
[13:59:23] [REI-ReloadPlugins/TRACE] [REI] [REIClientPlugin START] Reloading Section: "start-reload/FavoriteEntryTypeRegistryImpl/" done in 45.50 μs
[13:59:23] [REI-ReloadPlugins/TRACE] [REI] [REIClientPlugin START] Reloading Section: "start-reload/SubsetsRegistryImpl/"
[13:59:23] [REI-ReloadPlugins/TRACE] [REI] [REIClientPlugin START] Reloading Section: "start-reload/SubsetsRegistryImpl/" done in 16.30 μs
[13:59:23] [REI-ReloadPlugins/TRACE] [REI] [REIClientPlugin START] Reloading Section: "start-reload/TransferHandlerRegistryImpl/"
[13:59:23] [REI-ReloadPlugins/TRACE] [REI] [REIClientPlugin START] Reloading Section: "start-reload/TransferHandlerRegistryImpl/" done in 9.500 μs
[13:59:23] [REI-ReloadPlugins/TRACE] [REI] [REIClientPlugin START] Reloading Section: "start-reload/SearchRuntime/"
[13:59:23] [REI-ReloadPlugins/DEBUG] [REI] Preparing collapsed entry groups cache with 0 entries and 0 stacks
[13:59:23] [REI-ReloadPlugins/DEBUG] [REI] Prepared collapsed entry groups cache with 0 entries and 0 stacks
[13:59:23] [REI-ReloadPlugins/TRACE] [REI] [REIClientPlugin START] Reloading Section: "start-reload/SearchRuntime/" done in 4.566 ms
[13:59:23] [REI-ReloadPlugins/TRACE] [REI] [REIClientPlugin START] Reloading Section: "start-reload/REIRuntimeImpl/"
[13:59:23] [REI-ReloadPlugins/TRACE] [REI] [REIClientPlugin START] Reloading Section: "start-reload/REIRuntimeImpl/" done in 3.270 ms
[13:59:23] [REI-ReloadPlugins/TRACE] [REI] [REIClientPlugin START] Reloading Section: "start-reload/ConfigAddonRegistryImpl/"
[13:59:23] [REI-ReloadPlugins/TRACE] [REI] [REIClientPlugin START] Reloading Section: "start-reload/ConfigAddonRegistryImpl/" done in 28.00 μs
[13:59:23] [REI-ReloadPlugins/TRACE] [REI] [REIClientPlugin START] Reloading Section: "start-reload/me.shedaniel.rei.plugin.client.runtime.PluginStageExecutionWatcher$1/"
[13:59:23] [REI-ReloadPlugins/TRACE] [REI] [REIClientPlugin START] Reloading Section: "start-reload/me.shedaniel.rei.plugin.client.runtime.PluginStageExecutionWatcher$1/" done in 18.60 μs
[13:59:23] [REI-ReloadPlugins/TRACE] [REI] [REIClientPlugin START] Reloading Section: "start-reload/" done in 26.23 ms
[13:59:23] [REI-ReloadPlugins/DEBUG] [REI] ========================================
[13:59:23] [REI-ReloadPlugins/DEBUG] [REI] REIClientPlugin started main-reload for START.
[13:59:23] [REI-ReloadPlugins/DEBUG] [REI] ========================================
[13:59:23] [REI-ReloadPlugins/TRACE] [REI] [REIClientPlugin START] Reloading Section: "reloadable-plugin/EntryRendererRegistryImpl/"
[13:59:23] [REI-ReloadPlugins/TRACE] [REI] [REIClientPlugin START] Reloading Section: "reloadable-plugin/EntryRendererRegistryImpl/DefaultClientPlugin of DefaultClientPlugin [roughlyenoughitems]/"
[13:59:23] [REI-ReloadPlugins/TRACE] [REI] [REIClientPlugin START] Reloading Section: "reloadable-plugin/EntryRendererRegistryImpl/DefaultClientPlugin of DefaultClientPlugin [roughlyenoughitems]/" done in 42.80 μs
[13:59:23] [REI-ReloadPlugins/TRACE] [REI] [REIClientPlugin START] Reloading Section: "reloadable-plugin/EntryRendererRegistryImpl/REICompat of REICompat [sliceanddice]/"
[13:59:23] [REI-ReloadPlugins/TRACE] [REI] [REIClientPlugin START] Reloading Section: "reloadable-plugin/EntryRendererRegistryImpl/REICompat of REICompat [sliceanddice]/" done in 20.40 μs
[13:59:23] [REI-ReloadPlugins/TRACE] [REI] [REIClientPlugin START] Reloading Section: "reloadable-plugin/EntryRendererRegistryImpl/HideIngredientsFromTagsPlugin of HideIngredientsFromTagsPlugin [roughlyenoughitems]/"
[13:59:23] [REI-ReloadPlugins/TRACE] [REI] [REIClientPlugin START] Reloading Section: "reloadable-plugin/EntryRendererRegistryImpl/HideIngredientsFromTagsPlugin of HideIngredientsFromTagsPlugin [roughlyenoughitems]/" done in 18.40 μs
[13:59:23] [REI-ReloadPlugins/TRACE] [REI] [REIClientPlugin START] Reloading Section: "reloadable-plugin/EntryRendererRegistryImpl/DefaultClientRuntimePlugin of DefaultClientRuntimePlugin [roughlyenoughitems]/"
[13:59:23] [REI-ReloadPlugins/TRACE] [REI] [REIClientPlugin START] Reloading Section: "reloadable-plugin/EntryRendererRegistryImpl/DefaultClientRuntimePlugin of DefaultClientRuntimePlugin [roughlyenoughitems]/" done in 18.10 μs
[13:59:23] [REI-ReloadPlugins/TRACE] [REI] [REIClientPlugin START] Reloading Section: "reloadable-plugin/EntryRendererRegistryImpl/ClientREIPlugin of ClientREIPlugin [farmersdelight]/"
[13:59:23] [REI-ReloadPlugins/TRACE] [REI] [REIClientPlugin START] Reloading Section: "reloadable-plugin/EntryRendererRegistryImpl/ClientREIPlugin of ClientREIPlugin [farmersdelight]/" done in 17.50 μs
[13:59:23] [REI-ReloadPlugins/TRACE] [REI] [REIClientPlugin START] Reloading Section: "reloadable-plugin/EntryRendererRegistryImpl/ExpandedDelightREI of ExpandedDelightREI [expandeddelight]/"
[13:59:23] [REI-ReloadPlugins/TRACE] [REI] [REIClientPlugin START] Reloading Section: "reloadable-plugin/EntryRendererRegistryImpl/ExpandedDelightREI of ExpandedDelightREI [expandeddelight]/" done in 29.40 μs
[13:59:23] [REI-ReloadPlugins/TRACE] [REI] [REIClientPlugin START] Reloading Section: "reloadable-plugin/EntryRendererRegistryImpl/CreateAdditionREI of CreateAdditionREI [createaddition]/"
[13:59:23] [REI-ReloadPlugins/TRACE] [REI] [REIClientPlugin START] Reloading Section: "reloadable-plugin/EntryRendererRegistryImpl/CreateAdditionREI of CreateAdditionREI [createaddition]/" done in 19.50 μs
[13:59:23] [REI-ReloadPlugins/TRACE] [REI] [REIClientPlugin START] Reloading Section: "reloadable-plugin/EntryRendererRegistryImpl/NewAgeReiPlugin of NewAgeReiPlugin [create_new_age]/"
[13:59:23] [REI-ReloadPlugins/TRACE] [REI] [REIClientPlugin START] Reloading Section: "reloadable-plugin/EntryRendererRegistryImpl/NewAgeReiPlugin of NewAgeReiPlugin [create_new_age]/" done in 33.30 μs
[13:59:23] [REI-ReloadPlugins/TRACE] [REI] [REIClientPlugin START] Reloading Section: "reloadable-plugin/EntryRendererRegistryImpl/create:rei_plugin of create:rei_plugin [create]/"
[13:59:23] [REI-ReloadPlugins/TRACE] [REI] [REIClientPlugin START] Reloading Section: "reloadable-plugin/EntryRendererRegistryImpl/create:rei_plugin of create:rei_plugin [create]/" done in 18.30 μs
[13:59:23] [REI-ReloadPlugins/TRACE] [REI] [REIClientPlugin START] Reloading Section: "reloadable-plugin/EntryRendererRegistryImpl/ChiselREI of ChiselREI [chisel]/"
[13:59:23] [REI-ReloadPlugins/TRACE] [REI] [REIClientPlugin START] Reloading Section: "reloadable-plugin/EntryRendererRegistryImpl/ChiselREI of ChiselREI [chisel]/" done in 28.50 μs
[13:59:23] [REI-ReloadPlugins/TRACE] [REI] [REIClientPlugin START] Reloading Section: "reloadable-plugin/EntryRendererRegistryImpl/REITooltipPlugin of REITooltipPlugin [appleskin]/"
[13:59:23] [REI-ReloadPlugins/TRACE] [REI] [REIClientPlugin START] Reloading Section: "reloadable-plugin/EntryRendererRegistryImpl/REITooltipPlugin of REITooltipPlugin [appleskin]/" done in 18.80 μs
[13:59:23] [REI-ReloadPlugins/TRACE] [REI] [REIClientPlugin START] Reloading Section: "reloadable-plugin/EntryRendererRegistryImpl/AdAstraReiPlugin of AdAstraReiPlugin [ad_astra]/"
[13:59:23] [REI-ReloadPlugins/TRACE] [REI] [REIClientPlugin START] Reloading Section: "reloadable-plugin/EntryRendererRegistryImpl/AdAstraReiPlugin of AdAstraReiPlugin [ad_astra]/" done in 33.80 μs
[13:59:23] [REI-ReloadPlugins/TRACE] [REI] [REIClientPlugin START] Reloading Section: "reloadable-plugin/EntryRendererRegistryImpl/ReiRecipeAction of ReiRecipeAction [wthit]/"
[13:59:23] [REI-ReloadPlugins/TRACE] [REI] [REIClientPlugin START] Reloading Section: "reloadable-plugin/EntryRendererRegistryImpl/ReiRecipeAction of ReiRecipeAction [wthit]/" done in 16.90 μs
[13:59:23] [REI-ReloadPlugins/TRACE] [REI] [REIClientPlugin START] Reloading Section: "reloadable-plugin/EntryRendererRegistryImpl/" done in 1.938 ms
[13:59:23] [REI-ReloadPlugins/TRACE] [REI] [REIClientPlugin START] Reloading Section: "reloadable-plugin/ViewsImpl/"
[13:59:23] [REI-ReloadPlugins/TRACE] [REI] [REIClientPlugin START] Reloading Section: "reloadable-plugin/ViewsImpl/DefaultClientPlugin of DefaultClientPlugin [roughlyenoughitems]/"
[13:59:23] [REI-ReloadPlugins/TRACE] [REI] [REIClientPlugin START] Reloading Section: "reloadable-plugin/ViewsImpl/DefaultClientPlugin of DefaultClientPlugin [roughlyenoughitems]/" done in 101.4 μs
[13:59:23] [REI-ReloadPlugins/TRACE] [REI] [REIClientPlugin START] Reloading Section: "reloadable-plugin/ViewsImpl/REICompat of REICompat [sliceanddice]/"
[13:59:23] [REI-ReloadPlugins/TRACE] [REI] [REIClientPlugin START] Reloading Section: "reloadable-plugin/ViewsImpl/REICompat of REICompat [sliceanddice]/" done in 19.40 μs
[13:59:23] [REI-ReloadPlugins/TRACE] [REI] [REIClientPlugin START] Reloading Section: "reloadable-plugin/ViewsImpl/HideIngredientsFromTagsPlugin of HideIngredientsFromTagsPlugin [roughlyenoughitems]/"
[13:59:23] [REI-ReloadPlugins/TRACE] [REI] [REIClientPlugin START] Reloading Section: "reloadable-plugin/ViewsImpl/HideIngredientsFromTagsPlugin of HideIngredientsFromTagsPlugin [roughlyenoughitems]/" done in 17.70 μs
[13:59:23] [REI-ReloadPlugins/TRACE] [REI] [REIClientPlugin START] Reloading Section: "reloadable-plugin/ViewsImpl/DefaultClientRuntimePlugin of DefaultClientRuntimePlugin [roughlyenoughitems]/"
[13:59:23] [REI-ReloadPlugins/TRACE] [REI] [REIClientPlugin START] Reloading Section: "reloadable-plugin/ViewsImpl/DefaultClientRuntimePlugin of DefaultClientRuntimePlugin [roughlyenoughitems]/" done in 16.20 μs
[13:59:23] [REI-ReloadPlugins/TRACE] [REI] [REIClientPlugin START] Reloading Section: "reloadable-plugin/ViewsImpl/ClientREIPlugin of ClientREIPlugin [farmersdelight]/"
[13:59:23] [REI-ReloadPlugins/TRACE] [REI] [REIClientPlugin START] Reloading Section: "reloadable-plugin/ViewsImpl/ClientREIPlugin of ClientREIPlugin [farmersdelight]/" done in 19.10 μs
[13:59:23] [REI-ReloadPlugins/TRACE] [REI] [REIClientPlugin START] Reloading Section: "reloadable-plugin/ViewsImpl/ExpandedDelightREI of ExpandedDelightREI [expandeddelight]/"
[13:59:23] [REI-ReloadPlugins/TRACE] [REI] [REIClientPlugin START] Reloading Section: "reloadable-plugin/ViewsImpl/ExpandedDelightREI of ExpandedDelightREI [expandeddelight]/" done in 17.00 μs
[13:59:23] [REI-ReloadPlugins/TRACE] [REI] [REIClientPlugin START] Reloading Section: "reloadable-plugin/ViewsImpl/CreateAdditionREI of CreateAdditionREI [createaddition]/"
[13:59:23] [REI-ReloadPlugins/TRACE] [REI] [REIClientPlugin START] Reloading Section: "reloadable-plugin/ViewsImpl/CreateAdditionREI of CreateAdditionREI [createaddition]/" done in 18.20 μs
[13:59:23] [REI-ReloadPlugins/TRACE] [REI] [REIClientPlugin START] Reloading Section: "reloadable-plugin/ViewsImpl/NewAgeReiPlugin of NewAgeReiPlugin [create_new_age]/"
[13:59:23] [REI-ReloadPlugins/TRACE] [REI] [REIClientPlugin START] Reloading Section: "reloadable-plugin/ViewsImpl/NewAgeReiPlugin of NewAgeReiPlugin [create_new_age]/" done in 17.30 μs
[13:59:23] [REI-ReloadPlugins/TRACE] [REI] [REIClientPlugin START] Reloading Section: "reloadable-plugin/ViewsImpl/create:rei_plugin of create:rei_plugin [create]/"
[13:59:23] [REI-ReloadPlugins/TRACE] [REI] [REIClientPlugin START] Reloading Section: "reloadable-plugin/ViewsImpl/create:rei_plugin of create:rei_plugin [create]/" done in 30.00 μs
[13:59:23] [REI-ReloadPlugins/TRACE] [REI] [REIClientPlugin START] Reloading Section: "reloadable-plugin/ViewsImpl/ChiselREI of ChiselREI [chisel]/"
[13:59:23] [REI-ReloadPlugins/TRACE] [REI] [REIClientPlugin START] Reloading Section: "reloadable-plugin/ViewsImpl/ChiselREI of ChiselREI [chisel]/" done in 27.70 μs
[13:59:23] [REI-ReloadPlugins/TRACE] [REI] [REIClientPlugin START] Reloading Section: "reloadable-plugin/ViewsImpl/REITooltipPlugin of REITooltipPlugin [appleskin]/"
[13:59:23] [REI-ReloadPlugins/TRACE] [REI] [REIClientPlugin START] Reloading Section: "reloadable-plugin/ViewsImpl/REITooltipPlugin of REITooltipPlugin [appleskin]/" done in 17.20 μs
[13:59:23] [REI-ReloadPlugins/TRACE] [REI] [REIClientPlugin START] Reloading Section: "reloadable-plugin/ViewsImpl/AdAstraReiPlugin of AdAstraReiPlugin [ad_astra]/"
[13:59:23] [REI-ReloadPlugins/TRACE] [REI] [REIClientPlugin START] Reloading Section: "reloadable-plugin/ViewsImpl/AdAstraReiPlugin of AdAstraReiPlugin [ad_astra]/" done in 17.40 μs
[13:59:23] [REI-ReloadPlugins/TRACE] [REI] [REIClientPlugin START] Reloading Section: "reloadable-plugin/ViewsImpl/ReiRecipeAction of ReiRecipeAction [wthit]/"
[13:59:23] [REI-ReloadPlugins/TRACE] [REI] [REIClientPlugin START] Reloading Section: "reloadable-plugin/ViewsImpl/ReiRecipeAction of ReiRecipeAction [wthit]/" done in 17.80 μs
[13:59:23] [REI-ReloadPlugins/TRACE] [REI] [REIClientPlugin START] Reloading Section: "reloadable-plugin/ViewsImpl/" done in 1.812 ms
[13:59:23] [REI-ReloadPlugins/TRACE] [REI] [REIClientPlugin START] Reloading Section: "reloadable-plugin/InputMethodRegistryImpl/"
[13:59:23] [REI-ReloadPlugins/TRACE] [REI] [REIClientPlugin START] Reloading Section: "reloadable-plugin/InputMethodRegistryImpl/DefaultClientPlugin of DefaultClientPlugin [roughlyenoughitems]/"
[13:59:23] [REI-ReloadPlugins/TRACE] [REI] [REIClientPlugin START] Reloading Section: "reloadable-plugin/InputMethodRegistryImpl/DefaultClientPlugin of DefaultClientPlugin [roughlyenoughitems]/" done in 15.50 μs
[13:59:23] [REI-ReloadPlugins/TRACE] [REI] [REIClientPlugin START] Reloading Section: "reloadable-plugin/InputMethodRegistryImpl/REICompat of REICompat [sliceanddice]/"
[13:59:23] [REI-ReloadPlugins/TRACE] [REI] [REIClientPlugin START] Reloading Section: "reloadable-plugin/InputMethodRegistryImpl/REICompat of REICompat [sliceanddice]/" done in 16.40 μs
[13:59:23] [REI-ReloadPlugins/TRACE] [REI] [REIClientPlugin START] Reloading Section: "reloadable-plugin/InputMethodRegistryImpl/HideIngredientsFromTagsPlugin of HideIngredientsFromTagsPlugin [roughlyenoughitems]/"
[13:59:23] [REI-ReloadPlugins/TRACE] [REI] [REIClientPlugin START] Reloading Section: "reloadable-plugin/InputMethodRegistryImpl/HideIngredientsFromTagsPlugin of HideIngredientsFromTagsPlugin [roughlyenoughitems]/" done in 20.80 μs
[13:59:23] [REI-ReloadPlugins/TRACE] [REI] [REIClientPlugin START] Reloading Section: "reloadable-plugin/InputMethodRegistryImpl/DefaultClientRuntimePlugin of DefaultClientRuntimePlugin [roughlyenoughitems]/"
[13:59:23] [REI-ReloadPlugins/TRACE] [REI] [REIClientPlugin START] Reloading Section: "reloadable-plugin/InputMethodRegistryImpl/DefaultClientRuntimePlugin of DefaultClientRuntimePlugin [roughlyenoughitems]/" done in 16.80 μs
[13:59:23] [REI-ReloadPlugins/TRACE] [REI] [REIClientPlugin START] Reloading Section: "reloadable-plugin/InputMethodRegistryImpl/ClientREIPlugin of ClientREIPlugin [farmersdelight]/"
[13:59:23] [REI-ReloadPlugins/TRACE] [REI] [REIClientPlugin START] Reloading Section: "reloadable-plugin/InputMethodRegistryImpl/ClientREIPlugin of ClientREIPlugin [farmersdelight]/" done in 22.30 μs
[13:59:23] [REI-ReloadPlugins/TRACE] [REI] [REIClientPlugin START] Reloading Section: "reloadable-plugin/InputMethodRegistryImpl/ExpandedDelightREI of ExpandedDelightREI [expandeddelight]/"
[13:59:23] [REI-ReloadPlugins/TRACE] [REI] [REIClientPlugin START] Reloading Section: "reloadable-plugin/InputMethodRegistryImpl/ExpandedDelightREI of ExpandedDelightREI [expandeddelight]/" done in 13.30 μs
[13:59:23] [REI-ReloadPlugins/TRACE] [REI] [REIClientPlugin START] Reloading Section: "reloadable-plugin/InputMethodRegistryImpl/CreateAdditionREI of CreateAdditionREI [createaddition]/"
[13:59:23] [REI-ReloadPlugins/TRACE] [REI] [REIClientPlugin START] Reloading Section: "reloadable-plugin/InputMethodRegistryImpl/CreateAdditionREI of CreateAdditionREI [createaddition]/" done in 13.20 μs
[13:59:23] [REI-ReloadPlugins/TRACE] [REI] [REIClientPlugin START] Reloading Section: "reloadable-plugin/InputMethodRegistryImpl/NewAgeReiPlugin of NewAgeReiPlugin [create_new_age]/"
[13:59:23] [REI-ReloadPlugins/TRACE] [REI] [REIClientPlugin START] Reloading Section: "reloadable-plugin/InputMethodRegistryImpl/NewAgeReiPlugin of NewAgeReiPlugin [create_new_age]/" done in 12.60 μs
[13:59:23] [REI-ReloadPlugins/TRACE] [REI] [REIClientPlugin START] Reloading Section: "reloadable-plugin/InputMethodRegistryImpl/create:rei_plugin of create:rei_plugin [create]/"
[13:59:23] [REI-ReloadPlugins/TRACE] [REI] [REIClientPlugin START] Reloading Section: "reloadable-plugin/InputMethodRegistryImpl/create:rei_plugin of create:rei_plugin [create]/" done in 13.20 μs
[13:59:23] [REI-ReloadPlugins/TRACE] [REI] [REIClientPlugin START] Reloading Section: "reloadable-plugin/InputMethodRegistryImpl/ChiselREI of ChiselREI [chisel]/"
[13:59:23] [REI-ReloadPlugins/TRACE] [REI] [REIClientPlugin START] Reloading Section: "reloadable-plugin/InputMethodRegistryImpl/ChiselREI of ChiselREI [chisel]/" done in 13.10 μs
[13:59:23] [REI-ReloadPlugins/TRACE] [REI] [REIClientPlugin START] Reloading Section: "reloadable-plugin/InputMethodRegistryImpl/REITooltipPlugin of REITooltipPlugin [appleskin]/"
[13:59:23] [REI-ReloadPlugins/TRACE] [REI] [REIClientPlugin START] Reloading Section: "reloadable-plugin/InputMethodRegistryImpl/REITooltipPlugin of REITooltipPlugin [appleskin]/" done in 12.70 μs
[13:59:23] [REI-ReloadPlugins/TRACE] [REI] [REIClientPlugin START] Reloading Section: "reloadable-plugin/InputMethodRegistryImpl/AdAstraReiPlugin of AdAstraReiPlugin [ad_astra]/"
[13:59:23] [REI-ReloadPlugins/TRACE] [REI] [REIClientPlugin START] Reloading Section: "reloadable-plugin/InputMethodRegistryImpl/AdAstraReiPlugin of AdAstraReiPlugin [ad_astra]/" done in 13.10 μs
[13:59:23] [REI-ReloadPlugins/TRACE] [REI] [REIClientPlugin START] Reloading Section: "reloadable-plugin/InputMethodRegistryImpl/ReiRecipeAction of ReiRecipeAction [wthit]/"
[13:59:23] [REI-ReloadPlugins/TRACE] [REI] [REIClientPlugin START] Reloading Section: "reloadable-plugin/InputMethodRegistryImpl/ReiRecipeAction of ReiRecipeAction [wthit]/" done in 12.60 μs
[13:59:23] [REI-ReloadPlugins/TRACE] [REI] [REIClientPlugin START] Reloading Section: "reloadable-plugin/InputMethodRegistryImpl/" done in 1.450 ms
[13:59:23] [REI-ReloadPlugins/TRACE] [REI] [REIClientPlugin START] Reloading Section: "reloadable-plugin/SearchProviderImpl/"
[13:59:23] [REI-ReloadPlugins/TRACE] [REI] [REIClientPlugin START] Reloading Section: "reloadable-plugin/SearchProviderImpl/DefaultClientPlugin of DefaultClientPlugin [roughlyenoughitems]/"
[13:59:23] [REI-ReloadPlugins/TRACE] [REI] [REIClientPlugin START] Reloading Section: "reloadable-plugin/SearchProviderImpl/DefaultClientPlugin of DefaultClientPlugin [roughlyenoughitems]/" done in 12.30 μs
[13:59:23] [REI-ReloadPlugins/TRACE] [REI] [REIClientPlugin START] Reloading Section: "reloadable-plugin/SearchProviderImpl/REICompat of REICompat [sliceanddice]/"
[13:59:23] [REI-ReloadPlugins/TRACE] [REI] [REIClientPlugin START] Reloading Section: "reloadable-plugin/SearchProviderImpl/REICompat of REICompat [sliceanddice]/" done in 12.30 μs
[13:59:23] [REI-ReloadPlugins/TRACE] [REI] [REIClientPlugin START] Reloading Section: "reloadable-plugin/SearchProviderImpl/HideIngredientsFromTagsPlugin of HideIngredientsFromTagsPlugin [roughlyenoughitems]/"
[13:59:23] [REI-ReloadPlugins/TRACE] [REI] [REIClientPlugin START] Reloading Section: "reloadable-plugin/SearchProviderImpl/HideIngredientsFromTagsPlugin of HideIngredientsFromTagsPlugin [roughlyenoughitems]/" done in 12.50 μs
[13:59:23] [REI-ReloadPlugins/TRACE] [REI] [REIClientPlugin START] Reloading Section: "reloadable-plugin/SearchProviderImpl/DefaultClientRuntimePlugin of DefaultClientRuntimePlugin [roughlyenoughitems]/"
[13:59:23] [REI-ReloadPlugins/TRACE] [REI] [REIClientPlugin START] Reloading Section: "reloadable-plugin/SearchProviderImpl/DefaultClientRuntimePlugin of DefaultClientRuntimePlugin [roughlyenoughitems]/" done in 12.50 μs
[13:59:23] [REI-ReloadPlugins/TRACE] [REI] [REIClientPlugin START] Reloading Section: "reloadable-plugin/SearchProviderImpl/ClientREIPlugin of ClientREIPlugin [farmersdelight]/"
[13:59:23] [REI-ReloadPlugins/TRACE] [REI] [REIClientPlugin START] Reloading Section: "reloadable-plugin/SearchProviderImpl/ClientREIPlugin of ClientREIPlugin [farmersdelight]/" done in 12.50 μs
[13:59:23] [REI-ReloadPlugins/TRACE] [REI] [REIClientPlugin START] Reloading Section: "reloadable-plugin/SearchProviderImpl/ExpandedDelightREI of ExpandedDelightREI [expandeddelight]/"
[13:59:23] [REI-ReloadPlugins/TRACE] [REI] [REIClientPlugin START] Reloading Section: "reloadable-plugin/SearchProviderImpl/ExpandedDelightREI of ExpandedDelightREI [expandeddelight]/" done in 14.50 μs
[13:59:23] [REI-ReloadPlugins/TRACE] [REI] [REIClientPlugin START] Reloading Section: "reloadable-plugin/SearchProviderImpl/CreateAdditionREI of CreateAdditionREI [createaddition]/"
[13:59:23] [REI-ReloadPlugins/TRACE] [REI] [REIClientPlugin START] Reloading Section: "reloadable-plugin/SearchProviderImpl/CreateAdditionREI of CreateAdditionREI [createaddition]/" done in 13.00 μs
[13:59:23] [REI-ReloadPlugins/TRACE] [REI] [REIClientPlugin START] Reloading Section: "reloadable-plugin/SearchProviderImpl/NewAgeReiPlugin of NewAgeReiPlugin [create_new_age]/"
[13:59:23] [REI-ReloadPlugins/TRACE] [REI] [REIClientPlugin START] Reloading Section: "reloadable-plugin/SearchProviderImpl/NewAgeReiPlugin of NewAgeReiPlugin [create_new_age]/" done in 12.50 μs
[13:59:23] [REI-ReloadPlugins/TRACE] [REI] [REIClientPlugin START] Reloading Section: "reloadable-plugin/SearchProviderImpl/create:rei_plugin of create:rei_plugin [create]/"
[13:59:23] [REI-ReloadPlugins/TRACE] [REI] [REIClientPlugin START] Reloading Section: "reloadable-plugin/SearchProviderImpl/create:rei_plugin of create:rei_plugin [create]/" done in 14.10 μs
[13:59:23] [REI-ReloadPlugins/TRACE] [REI] [REIClientPlugin START] Reloading Section: "reloadable-plugin/SearchProviderImpl/ChiselREI of ChiselREI [chisel]/"
[13:59:23] [REI-ReloadPlugins/TRACE] [REI] [REIClientPlugin START] Reloading Section: "reloadable-plugin/SearchProviderImpl/ChiselREI of ChiselREI [chisel]/" done in 13.30 μs
[13:59:23] [REI-ReloadPlugins/TRACE] [REI] [REIClientPlugin START] Reloading Section: "reloadable-plugin/SearchProviderImpl/REITooltipPlugin of REITooltipPlugin [appleskin]/"
[13:59:23] [REI-ReloadPlugins/TRACE] [REI] [REIClientPlugin START] Reloading Section: "reloadable-plugin/SearchProviderImpl/REITooltipPlugin of REITooltipPlugin [appleskin]/" done in 13.00 μs
[13:59:23] [REI-ReloadPlugins/TRACE] [REI] [REIClientPlugin START] Reloading Section: "reloadable-plugin/SearchProviderImpl/AdAstraReiPlugin of AdAstraReiPlugin [ad_astra]/"
[13:59:23] [REI-ReloadPlugins/TRACE] [REI] [REIClientPlugin START] Reloading Section: "reloadable-plugin/SearchProviderImpl/AdAstraReiPlugin of AdAstraReiPlugin [ad_astra]/" done in 13.50 μs
[13:59:23] [REI-ReloadPlugins/TRACE] [REI] [REIClientPlugin START] Reloading Section: "reloadable-plugin/SearchProviderImpl/ReiRecipeAction of ReiRecipeAction [wthit]/"
[13:59:23] [REI-ReloadPlugins/TRACE] [REI] [REIClientPlugin START] Reloading Section: "reloadable-plugin/SearchProviderImpl/ReiRecipeAction of ReiRecipeAction [wthit]/" done in 12.90 μs
[13:59:23] [REI-ReloadPlugins/TRACE] [REI] [REIClientPlugin START] Reloading Section: "reloadable-plugin/SearchProviderImpl/" done in 1.288 ms
[13:59:23] [REI-ReloadPlugins/TRACE] [REI] [REIClientPlugin START] Reloading Section: "reloadable-plugin/ConfigManagerImpl/"
[13:59:23] [REI-ReloadPlugins/TRACE] [REI] [REIClientPlugin START] Reloading Section: "reloadable-plugin/ConfigManagerImpl/DefaultClientPlugin of DefaultClientPlugin [roughlyenoughitems]/"
[13:59:23] [REI-ReloadPlugins/TRACE] [REI] [REIClientPlugin START] Reloading Section: "reloadable-plugin/ConfigManagerImpl/DefaultClientPlugin of DefaultClientPlugin [roughlyenoughitems]/" done in 12.80 μs
[13:59:23] [REI-ReloadPlugins/TRACE] [REI] [REIClientPlugin START] Reloading Section: "reloadable-plugin/ConfigManagerImpl/REICompat of REICompat [sliceanddice]/"
[13:59:23] [REI-ReloadPlugins/TRACE] [REI] [REIClientPlugin START] Reloading Section: "reloadable-plugin/ConfigManagerImpl/REICompat of REICompat [sliceanddice]/" done in 12.90 μs
[13:59:23] [REI-ReloadPlugins/TRACE] [REI] [REIClientPlugin START] Reloading Section: "reloadable-plugin/ConfigManagerImpl/HideIngredientsFromTagsPlugin of HideIngredientsFromTagsPlugin [roughlyenoughitems]/"
[13:59:23] [REI-ReloadPlugins/TRACE] [REI] [REIClientPlugin START] Reloading Section: "reloadable-plugin/ConfigManagerImpl/HideIngredientsFromTagsPlugin of HideIngredientsFromTagsPlugin [roughlyenoughitems]/" done in 12.90 μs
[13:59:23] [REI-ReloadPlugins/TRACE] [REI] [REIClientPlugin START] Reloading Section: "reloadable-plugin/ConfigManagerImpl/DefaultClientRuntimePlugin of DefaultClientRuntimePlugin [roughlyenoughitems]/"
[13:59:23] [REI-ReloadPlugins/TRACE] [REI] [REIClientPlugin START] Reloading Section: "reloadable-plugin/ConfigManagerImpl/DefaultClientRuntimePlugin of DefaultClientRuntimePlugin [roughlyenoughitems]/" done in 12.90 μs
[13:59:23] [REI-ReloadPlugins/TRACE] [REI] [REIClientPlugin START] Reloading Section: "reloadable-plugin/ConfigManagerImpl/ClientREIPlugin of ClientREIPlugin [farmersdelight]/"
[13:59:23] [REI-ReloadPlugins/TRACE] [REI] [REIClientPlugin START] Reloading Section: "reloadable-plugin/ConfigManagerImpl/ClientREIPlugin of ClientREIPlugin [farmersdelight]/" done in 15.40 μs
[13:59:23] [REI-ReloadPlugins/TRACE] [REI] [REIClientPlugin START] Reloading Section: "reloadable-plugin/ConfigManagerImpl/ExpandedDelightREI of ExpandedDelightREI [expandeddelight]/"
[13:59:23] [REI-ReloadPlugins/TRACE] [REI] [REIClientPlugin START] Reloading Section: "reloadable-plugin/ConfigManagerImpl/ExpandedDelightREI of ExpandedDelightREI [expandeddelight]/" done in 19.00 μs
[13:59:23] [REI-ReloadPlugins/TRACE] [REI] [REIClientPlugin START] Reloading Section: "reloadable-plugin/ConfigManagerImpl/CreateAdditionREI of CreateAdditionREI [createaddition]/"
[13:59:23] [REI-ReloadPlugins/TRACE] [REI] [REIClientPlugin START] Reloading Section: "reloadable-plugin/ConfigManagerImpl/CreateAdditionREI of CreateAdditionREI [createaddition]/" done in 18.90 μs
[13:59:23] [REI-ReloadPlugins/TRACE] [REI] [REIClientPlugin START] Reloading Section: "reloadable-plugin/ConfigManagerImpl/NewAgeReiPlugin of NewAgeReiPlugin [create_new_age]/"
[13:59:23] [REI-ReloadPlugins/TRACE] [REI] [REIClientPlugin START] Reloading Section: "reloadable-plugin/ConfigManagerImpl/NewAgeReiPlugin of NewAgeReiPlugin [create_new_age]/" done in 20.50 μs
[13:59:23] [REI-ReloadPlugins/TRACE] [REI] [REIClientPlugin START] Reloading Section: "reloadable-plugin/ConfigManagerImpl/create:rei_plugin of create:rei_plugin [create]/"
[13:59:23] [REI-ReloadPlugins/TRACE] [REI] [REIClientPlugin START] Reloading Section: "reloadable-plugin/ConfigManagerImpl/create:rei_plugin of create:rei_plugin [create]/" done in 22.10 μs
[13:59:23] [REI-ReloadPlugins/TRACE] [REI] [REIClientPlugin START] Reloading Section: "reloadable-plugin/ConfigManagerImpl/ChiselREI of ChiselREI [chisel]/"
[13:59:23] [REI-ReloadPlugins/TRACE] [REI] [REIClientPlugin START] Reloading Section: "reloadable-plugin/ConfigManagerImpl/ChiselREI of ChiselREI [chisel]/" done in 20.00 μs
[13:59:23] [REI-ReloadPlugins/TRACE] [REI] [REIClientPlugin START] Reloading Section: "reloadable-plugin/ConfigManagerImpl/REITooltipPlugin of REITooltipPlugin [appleskin]/"
[13:59:23] [REI-ReloadPlugins/TRACE] [REI] [REIClientPlugin START] Reloading Section: "reloadable-plugin/ConfigManagerImpl/REITooltipPlugin of REITooltipPlugin [appleskin]/" done in 19.70 μs
[13:59:23] [REI-ReloadPlugins/TRACE] [REI] [REIClientPlugin START] Reloading Section: "reloadable-plugin/ConfigManagerImpl/AdAstraReiPlugin of AdAstraReiPlugin [ad_astra]/"
[13:59:23] [REI-ReloadPlugins/TRACE] [REI] [REIClientPlugin START] Reloading Section: "reloadable-plugin/ConfigManagerImpl/AdAstraReiPlugin of AdAstraReiPlugin [ad_astra]/" done in 17.30 μs
[13:59:23] [REI-ReloadPlugins/TRACE] [REI] [REIClientPlugin START] Reloading Section: "reloadable-plugin/ConfigManagerImpl/ReiRecipeAction of ReiRecipeAction [wthit]/"
[13:59:23] [REI-ReloadPlugins/TRACE] [REI] [REIClientPlugin START] Reloading Section: "reloadable-plugin/ConfigManagerImpl/ReiRecipeAction of ReiRecipeAction [wthit]/" done in 16.50 μs
[13:59:23] [REI-ReloadPlugins/TRACE] [REI] [REIClientPlugin START] Reloading Section: "reloadable-plugin/ConfigManagerImpl/" done in 1.726 ms
[13:59:23] [REI-ReloadPlugins/TRACE] [REI] [REIClientPlugin START] Reloading Section: "reloadable-plugin/EntryRegistryImpl/"
[13:59:23] [REI-ReloadPlugins/TRACE] [REI] [REIClientPlugin START] Reloading Section: "reloadable-plugin/EntryRegistryImpl/DefaultClientPlugin of DefaultClientPlugin [roughlyenoughitems]/"
[13:59:23] [REI-ReloadPlugins/TRACE] [REI] Registered 5408 entries from plugin DefaultClientPlugin
[13:59:23] [REI-ReloadPlugins/TRACE] [REI] [REIClientPlugin START] Reloading Section: "reloadable-plugin/EntryRegistryImpl/DefaultClientPlugin of DefaultClientPlugin [roughlyenoughitems]/" done in 441.5 ms
[13:59:23] [REI-ReloadPlugins/TRACE] [REI] [REIClientPlugin START] Reloading Section: "reloadable-plugin/EntryRegistryImpl/REICompat of REICompat [sliceanddice]/"
[13:59:23] [REI-ReloadPlugins/TRACE] [REI] Registered 0 entries from plugin REICompat
[13:59:23] [REI-ReloadPlugins/TRACE] [REI] [REIClientPlugin START] Reloading Section: "reloadable-plugin/EntryRegistryImpl/REICompat of REICompat [sliceanddice]/" done in 97.30 μs
[13:59:23] [REI-ReloadPlugins/TRACE] [REI] [REIClientPlugin START] Reloading Section: "reloadable-plugin/EntryRegistryImpl/HideIngredientsFromTagsPlugin of HideIngredientsFromTagsPlugin [roughlyenoughitems]/"
[13:59:23] [REI-ReloadPlugins/TRACE] [REI] Registered 0 entries from plugin HideIngredientsFromTagsPlugin
[13:59:23] [REI-ReloadPlugins/TRACE] [REI] [REIClientPlugin START] Reloading Section: "reloadable-plugin/EntryRegistryImpl/HideIngredientsFromTagsPlugin of HideIngredientsFromTagsPlugin [roughlyenoughitems]/" done in 89.70 μs
[13:59:23] [REI-ReloadPlugins/TRACE] [REI] [REIClientPlugin START] Reloading Section: "reloadable-plugin/EntryRegistryImpl/DefaultClientRuntimePlugin of DefaultClientRuntimePlugin [roughlyenoughitems]/"
[13:59:23] [REI-ReloadPlugins/TRACE] [REI] Registered 0 entries from plugin DefaultClientRuntimePlugin
[13:59:23] [REI-ReloadPlugins/TRACE] [REI] [REIClientPlugin START] Reloading Section: "reloadable-plugin/EntryRegistryImpl/DefaultClientRuntimePlugin of DefaultClientRuntimePlugin [roughlyenoughitems]/" done in 3.823 ms
[13:59:23] [REI-ReloadPlugins/TRACE] [REI] [REIClientPlugin START] Reloading Section: "reloadable-plugin/EntryRegistryImpl/ClientREIPlugin of ClientREIPlugin [farmersdelight]/"
[13:59:23] [REI-ReloadPlugins/TRACE] [REI] Registered 0 entries from plugin ClientREIPlugin
[13:59:23] [REI-ReloadPlugins/TRACE] [REI] [REIClientPlugin START] Reloading Section: "reloadable-plugin/EntryRegistryImpl/ClientREIPlugin of ClientREIPlugin [farmersdelight]/" done in 81.10 μs
[13:59:23] [REI-ReloadPlugins/TRACE] [REI] [REIClientPlugin START] Reloading Section: "reloadable-plugin/EntryRegistryImpl/ExpandedDelightREI of ExpandedDelightREI [expandeddelight]/"
[13:59:23] [REI-ReloadPlugins/TRACE] [REI] Registered 0 entries from plugin ExpandedDelightREI
[13:59:23] [REI-ReloadPlugins/TRACE] [REI] [REIClientPlugin START] Reloading Section: "reloadable-plugin/EntryRegistryImpl/ExpandedDelightREI of ExpandedDelightREI [expandeddelight]/" done in 71.00 μs
[13:59:23] [REI-ReloadPlugins/TRACE] [REI] [REIClientPlugin START] Reloading Section: "reloadable-plugin/EntryRegistryImpl/CreateAdditionREI of CreateAdditionREI [createaddition]/"
[13:59:23] [REI-ReloadPlugins/TRACE] [REI] Registered 0 entries from plugin CreateAdditionREI
[13:59:23] [REI-ReloadPlugins/TRACE] [REI] [REIClientPlugin START] Reloading Section: "reloadable-plugin/EntryRegistryImpl/CreateAdditionREI of CreateAdditionREI [createaddition]/" done in 63.40 μs
[13:59:23] [REI-ReloadPlugins/TRACE] [REI] [REIClientPlugin START] Reloading Section: "reloadable-plugin/EntryRegistryImpl/NewAgeReiPlugin of NewAgeReiPlugin [create_new_age]/"
[13:59:23] [REI-ReloadPlugins/TRACE] [REI] Registered 0 entries from plugin NewAgeReiPlugin
[13:59:23] [REI-ReloadPlugins/TRACE] [REI] [REIClientPlugin START] Reloading Section: "reloadable-plugin/EntryRegistryImpl/NewAgeReiPlugin of NewAgeReiPlugin [create_new_age]/" done in 56.90 μs
[13:59:23] [REI-ReloadPlugins/TRACE] [REI] [REIClientPlugin START] Reloading Section: "reloadable-plugin/EntryRegistryImpl/create:rei_plugin of create:rei_plugin [create]/"
[13:59:23] [REI-ReloadPlugins/TRACE] [REI] Registered -34 entries from plugin create:rei_plugin
[13:59:23] [REI-ReloadPlugins/TRACE] [REI] [REIClientPlugin START] Reloading Section: "reloadable-plugin/EntryRegistryImpl/create:rei_plugin of create:rei_plugin [create]/" done in 37.97 ms
[13:59:23] [REI-ReloadPlugins/TRACE] [REI] [REIClientPlugin START] Reloading Section: "reloadable-plugin/EntryRegistryImpl/ChiselREI of ChiselREI [chisel]/"
[13:59:23] [REI-ReloadPlugins/TRACE] [REI] Registered 0 entries from plugin ChiselREI
[13:59:23] [REI-ReloadPlugins/TRACE] [REI] [REIClientPlugin START] Reloading Section: "reloadable-plugin/EntryRegistryImpl/ChiselREI of ChiselREI [chisel]/" done in 87.90 μs
[13:59:23] [REI-ReloadPlugins/TRACE] [REI] [REIClientPlugin START] Reloading Section: "reloadable-plugin/EntryRegistryImpl/REITooltipPlugin of REITooltipPlugin [appleskin]/"
[13:59:23] [REI-ReloadPlugins/TRACE] [REI] Registered 0 entries from plugin REITooltipPlugin
[13:59:23] [REI-ReloadPlugins/TRACE] [REI] [REIClientPlugin START] Reloading Section: "reloadable-plugin/EntryRegistryImpl/REITooltipPlugin of REITooltipPlugin [appleskin]/" done in 379.0 μs
[13:59:23] [REI-ReloadPlugins/TRACE] [REI] [REIClientPlugin START] Reloading Section: "reloadable-plugin/EntryRegistryImpl/AdAstraReiPlugin of AdAstraReiPlugin [ad_astra]/"
[13:59:23] [REI-ReloadPlugins/TRACE] [REI] Registered 0 entries from plugin AdAstraReiPlugin
[13:59:23] [REI-ReloadPlugins/TRACE] [REI] [REIClientPlugin START] Reloading Section: "reloadable-plugin/EntryRegistryImpl/AdAstraReiPlugin of AdAstraReiPlugin [ad_astra]/" done in 48.70 μs
[13:59:23] [REI-ReloadPlugins/TRACE] [REI] [REIClientPlugin START] Reloading Section: "reloadable-plugin/EntryRegistryImpl/ReiRecipeAction of ReiRecipeAction [wthit]/"
[13:59:23] [REI-ReloadPlugins/TRACE] [REI] Registered 0 entries from plugin ReiRecipeAction
[13:59:23] [REI-ReloadPlugins/TRACE] [REI] [REIClientPlugin START] Reloading Section: "reloadable-plugin/EntryRegistryImpl/ReiRecipeAction of ReiRecipeAction [wthit]/" done in 50.70 μs
[13:59:23] [REI-ReloadPlugins/TRACE] [REI] [REIClientPlugin START] Reloading Section: "reloadable-plugin/EntryRegistryImpl/" done in 486.0 ms
[13:59:23] [REI-ReloadPlugins/TRACE] [REI] [REIClientPlugin START] Reloading Section: "reloadable-plugin/CollapsibleEntryRegistryImpl/"
[13:59:23] [REI-ReloadPlugins/TRACE] [REI] [REIClientPlugin START] Reloading Section: "reloadable-plugin/CollapsibleEntryRegistryImpl/DefaultClientPlugin of DefaultClientPlugin [roughlyenoughitems]/"
[13:59:23] [REI-ReloadPlugins/TRACE] [REI] [REIClientPlugin START] Reloading Section: "reloadable-plugin/CollapsibleEntryRegistryImpl/DefaultClientPlugin of DefaultClientPlugin [roughlyenoughitems]/" done in 16.20 μs
[13:59:23] [REI-ReloadPlugins/TRACE] [REI] [REIClientPlugin START] Reloading Section: "reloadable-plugin/CollapsibleEntryRegistryImpl/REICompat of REICompat [sliceanddice]/"
[13:59:23] [REI-ReloadPlugins/TRACE] [REI] [REIClientPlugin START] Reloading Section: "reloadable-plugin/CollapsibleEntryRegistryImpl/REICompat of REICompat [sliceanddice]/" done in 16.40 μs
[13:59:23] [REI-ReloadPlugins/TRACE] [REI] [REIClientPlugin START] Reloading Section: "reloadable-plugin/CollapsibleEntryRegistryImpl/HideIngredientsFromTagsPlugin of HideIngredientsFromTagsPlugin [roughlyenoughitems]/"
[13:59:23] [REI-ReloadPlugins/TRACE] [REI] [REIClientPlugin START] Reloading Section: "reloadable-plugin/CollapsibleEntryRegistryImpl/HideIngredientsFromTagsPlugin of HideIngredientsFromTagsPlugin [roughlyenoughitems]/" done in 14.30 μs
[13:59:23] [REI-ReloadPlugins/TRACE] [REI] [REIClientPlugin START] Reloading Section: "reloadable-plugin/CollapsibleEntryRegistryImpl/DefaultClientRuntimePlugin of DefaultClientRuntimePlugin [roughlyenoughitems]/"
[13:59:23] [REI-ReloadPlugins/TRACE] [REI] [REIClientPlugin START] Reloading Section: "reloadable-plugin/CollapsibleEntryRegistryImpl/DefaultClientRuntimePlugin of DefaultClientRuntimePlugin [roughlyenoughitems]/" done in 14.10 μs
[13:59:23] [REI-ReloadPlugins/TRACE] [REI] [REIClientPlugin START] Reloading Section: "reloadable-plugin/CollapsibleEntryRegistryImpl/ClientREIPlugin of ClientREIPlugin [farmersdelight]/"
[13:59:23] [REI-ReloadPlugins/TRACE] [REI] [REIClientPlugin START] Reloading Section: "reloadable-plugin/CollapsibleEntryRegistryImpl/ClientREIPlugin of ClientREIPlugin [farmersdelight]/" done in 14.40 μs
[13:59:23] [REI-ReloadPlugins/TRACE] [REI] [REIClientPlugin START] Reloading Section: "reloadable-plugin/CollapsibleEntryRegistryImpl/ExpandedDelightREI of ExpandedDelightREI [expandeddelight]/"
[13:59:23] [REI-ReloadPlugins/TRACE] [REI] [REIClientPlugin START] Reloading Section: "reloadable-plugin/CollapsibleEntryRegistryImpl/ExpandedDelightREI of ExpandedDelightREI [expandeddelight]/" done in 14.30 μs
[13:59:23] [REI-ReloadPlugins/TRACE] [REI] [REIClientPlugin START] Reloading Section: "reloadable-plugin/CollapsibleEntryRegistryImpl/CreateAdditionREI of CreateAdditionREI [createaddition]/"
[13:59:23] [REI-ReloadPlugins/TRACE] [REI] [REIClientPlugin START] Reloading Section: "reloadable-plugin/CollapsibleEntryRegistryImpl/CreateAdditionREI of CreateAdditionREI [createaddition]/" done in 15.30 μs
[13:59:23] [REI-ReloadPlugins/TRACE] [REI] [REIClientPlugin START] Reloading Section: "reloadable-plugin/CollapsibleEntryRegistryImpl/NewAgeReiPlugin of NewAgeReiPlugin [create_new_age]/"
[13:59:23] [REI-ReloadPlugins/TRACE] [REI] [REIClientPlugin START] Reloading Section: "reloadable-plugin/CollapsibleEntryRegistryImpl/NewAgeReiPlugin of NewAgeReiPlugin [create_new_age]/" done in 69.50 μs
[13:59:23] [REI-ReloadPlugins/TRACE] [REI] [REIClientPlugin START] Reloading Section: "reloadable-plugin/CollapsibleEntryRegistryImpl/create:rei_plugin of create:rei_plugin [create]/"
[13:59:23] [REI-ReloadPlugins/TRACE] [REI] [REIClientPlugin START] Reloading Section: "reloadable-plugin/CollapsibleEntryRegistryImpl/create:rei_plugin of create:rei_plugin [create]/" done in 15.70 μs
[13:59:23] [REI-ReloadPlugins/TRACE] [REI] [REIClientPlugin START] Reloading Section: "reloadable-plugin/CollapsibleEntryRegistryImpl/ChiselREI of ChiselREI [chisel]/"
[13:59:23] [REI-ReloadPlugins/TRACE] [REI] [REIClientPlugin START] Reloading Section: "reloadable-plugin/CollapsibleEntryRegistryImpl/ChiselREI of ChiselREI [chisel]/" done in 15.00 μs
[13:59:23] [REI-ReloadPlugins/TRACE] [REI] [REIClientPlugin START] Reloading Section: "reloadable-plugin/CollapsibleEntryRegistryImpl/REITooltipPlugin of REITooltipPlugin [appleskin]/"
[13:59:23] [REI-ReloadPlugins/TRACE] [REI] [REIClientPlugin START] Reloading Section: "reloadable-plugin/CollapsibleEntryRegistryImpl/REITooltipPlugin of REITooltipPlugin [appleskin]/" done in 18.30 μs
[13:59:23] [REI-ReloadPlugins/TRACE] [REI] [REIClientPlugin START] Reloading Section: "reloadable-plugin/CollapsibleEntryRegistryImpl/AdAstraReiPlugin of AdAstraReiPlugin [ad_astra]/"
[13:59:23] [REI-ReloadPlugins/TRACE] [REI] [REIClientPlugin START] Reloading Section: "reloadable-plugin/CollapsibleEntryRegistryImpl/AdAstraReiPlugin of AdAstraReiPlugin [ad_astra]/" done in 16.60 μs
[13:59:23] [REI-ReloadPlugins/TRACE] [REI] [REIClientPlugin START] Reloading Section: "reloadable-plugin/CollapsibleEntryRegistryImpl/ReiRecipeAction of ReiRecipeAction [wthit]/"
[13:59:23] [REI-ReloadPlugins/TRACE] [REI] [REIClientPlugin START] Reloading Section: "reloadable-plugin/CollapsibleEntryRegistryImpl/ReiRecipeAction of ReiRecipeAction [wthit]/" done in 15.20 μs
[13:59:23] [REI-ReloadPlugins/TRACE] [REI] [REIClientPlugin START] Reloading Section: "reloadable-plugin/CollapsibleEntryRegistryImpl/" done in 1.411 ms
[13:59:23] [REI-ReloadPlugins/TRACE] [REI] [REIClientPlugin START] Reloading Section: "reloadable-plugin/BasicFilteringRuleImpl/"
[13:59:23] [REI-ReloadPlugins/TRACE] [REI] [REIClientPlugin START] Reloading Section: "reloadable-plugin/BasicFilteringRuleImpl/DefaultClientPlugin of DefaultClientPlugin [roughlyenoughitems]/"
[13:59:23] [REI-ReloadPlugins/TRACE] [REI] [REIClientPlugin START] Reloading Section: "reloadable-plugin/BasicFilteringRuleImpl/DefaultClientPlugin of DefaultClientPlugin [roughlyenoughitems]/" done in 37.00 μs
[13:59:23] [REI-ReloadPlugins/TRACE] [REI] [REIClientPlugin START] Reloading Section: "reloadable-plugin/BasicFilteringRuleImpl/REICompat of REICompat [sliceanddice]/"
[13:59:23] [REI-ReloadPlugins/TRACE] [REI] [REIClientPlugin START] Reloading Section: "reloadable-plugin/BasicFilteringRuleImpl/REICompat of REICompat [sliceanddice]/" done in 20.40 μs
[13:59:23] [REI-ReloadPlugins/TRACE] [REI] [REIClientPlugin START] Reloading Section: "reloadable-plugin/BasicFilteringRuleImpl/HideIngredientsFromTagsPlugin of HideIngredientsFromTagsPlugin [roughlyenoughitems]/"
[13:59:23] [REI-ReloadPlugins/TRACE] [REI] [REIClientPlugin START] Reloading Section: "reloadable-plugin/BasicFilteringRuleImpl/HideIngredientsFromTagsPlugin of HideIngredientsFromTagsPlugin [roughlyenoughitems]/" done in 158.6 μs
[13:59:23] [REI-ReloadPlugins/TRACE] [REI] [REIClientPlugin START] Reloading Section: "reloadable-plugin/BasicFilteringRuleImpl/DefaultClientRuntimePlugin of DefaultClientRuntimePlugin [roughlyenoughitems]/"
[13:59:23] [REI-ReloadPlugins/TRACE] [REI] [REIClientPlugin START] Reloading Section: "reloadable-plugin/BasicFilteringRuleImpl/DefaultClientRuntimePlugin of DefaultClientRuntimePlugin [roughlyenoughitems]/" done in 10.30 μs
[13:59:23] [REI-ReloadPlugins/TRACE] [REI] [REIClientPlugin START] Reloading Section: "reloadable-plugin/BasicFilteringRuleImpl/ClientREIPlugin of ClientREIPlugin [farmersdelight]/"
[13:59:23] [REI-ReloadPlugins/TRACE] [REI] [REIClientPlugin START] Reloading Section: "reloadable-plugin/BasicFilteringRuleImpl/ClientREIPlugin of ClientREIPlugin [farmersdelight]/" done in 21.50 μs
[13:59:23] [REI-ReloadPlugins/TRACE] [REI] [REIClientPlugin START] Reloading Section: "reloadable-plugin/BasicFilteringRuleImpl/ExpandedDelightREI of ExpandedDelightREI [expandeddelight]/"
[13:59:23] [REI-ReloadPlugins/TRACE] [REI] [REIClientPlugin START] Reloading Section: "reloadable-plugin/BasicFilteringRuleImpl/ExpandedDelightREI of ExpandedDelightREI [expandeddelight]/" done in 11.20 μs
[13:59:23] [REI-ReloadPlugins/TRACE] [REI] [REIClientPlugin START] Reloading Section: "reloadable-plugin/BasicFilteringRuleImpl/CreateAdditionREI of CreateAdditionREI [createaddition]/"
[13:59:23] [REI-ReloadPlugins/TRACE] [REI] [REIClientPlugin START] Reloading Section: "reloadable-plugin/BasicFilteringRuleImpl/CreateAdditionREI of CreateAdditionREI [createaddition]/" done in 10.30 μs
[13:59:23] [REI-ReloadPlugins/TRACE] [REI] [REIClientPlugin START] Reloading Section: "reloadable-plugin/BasicFilteringRuleImpl/NewAgeReiPlugin of NewAgeReiPlugin [create_new_age]/"
[13:59:23] [REI-ReloadPlugins/TRACE] [REI] [REIClientPlugin START] Reloading Section: "reloadable-plugin/BasicFilteringRuleImpl/NewAgeReiPlugin of NewAgeReiPlugin [create_new_age]/" done in 12.40 μs
[13:59:23] [REI-ReloadPlugins/TRACE] [REI] [REIClientPlugin START] Reloading Section: "reloadable-plugin/BasicFilteringRuleImpl/create:rei_plugin of create:rei_plugin [create]/"
[13:59:23] [REI-ReloadPlugins/TRACE] [REI] [REIClientPlugin START] Reloading Section: "reloadable-plugin/BasicFilteringRuleImpl/create:rei_plugin of create:rei_plugin [create]/" done in 12.70 μs
[13:59:23] [REI-ReloadPlugins/TRACE] [REI] [REIClientPlugin START] Reloading Section: "reloadable-plugin/BasicFilteringRuleImpl/ChiselREI of ChiselREI [chisel]/"
[13:59:23] [REI-ReloadPlugins/TRACE] [REI] [REIClientPlugin START] Reloading Section: "reloadable-plugin/BasicFilteringRuleImpl/ChiselREI of ChiselREI [chisel]/" done in 11.00 μs
[13:59:23] [REI-ReloadPlugins/TRACE] [REI] [REIClientPlugin START] Reloading Section: "reloadable-plugin/BasicFilteringRuleImpl/REITooltipPlugin of REITooltipPlugin [appleskin]/"
[13:59:23] [REI-ReloadPlugins/TRACE] [REI] [REIClientPlugin START] Reloading Section: "reloadable-plugin/BasicFilteringRuleImpl/REITooltipPlugin of REITooltipPlugin [appleskin]/" done in 13.10 μs
[13:59:23] [REI-ReloadPlugins/TRACE] [REI] [REIClientPlugin START] Reloading Section: "reloadable-plugin/BasicFilteringRuleImpl/AdAstraReiPlugin of AdAstraReiPlugin [ad_astra]/"
[13:59:23] [REI-ReloadPlugins/TRACE] [REI] [REIClientPlugin START] Reloading Section: "reloadable-plugin/BasicFilteringRuleImpl/AdAstraReiPlugin of AdAstraReiPlugin [ad_astra]/" done in 13.80 μs
[13:59:23] [REI-ReloadPlugins/TRACE] [REI] [REIClientPlugin START] Reloading Section: "reloadable-plugin/BasicFilteringRuleImpl/ReiRecipeAction of ReiRecipeAction [wthit]/"
[13:59:23] [REI-ReloadPlugins/TRACE] [REI] [REIClientPlugin START] Reloading Section: "reloadable-plugin/BasicFilteringRuleImpl/ReiRecipeAction of ReiRecipeAction [wthit]/" done in 11.70 μs
[13:59:23] [REI-ReloadPlugins/TRACE] [REI] [REIClientPlugin START] Reloading Section: "reloadable-plugin/BasicFilteringRuleImpl/" done in 1.569 ms
[13:59:23] [REI-ReloadPlugins/TRACE] [REI] [REIClientPlugin START] Reloading Section: "reloadable-plugin/CategoryRegistryImpl/"
[13:59:23] [REI-ReloadPlugins/TRACE] [REI] [REIClientPlugin START] Reloading Section: "reloadable-plugin/CategoryRegistryImpl/DefaultClientPlugin of DefaultClientPlugin [roughlyenoughitems]/"
[13:59:23] [REI-ReloadPlugins/TRACE] [REI] [REIClientPlugin START] Reloading Section: "reloadable-plugin/CategoryRegistryImpl/DefaultClientPlugin of DefaultClientPlugin [roughlyenoughitems]/" done in 65.20 μs
[13:59:23] [REI-ReloadPlugins/TRACE] [REI] [REIClientPlugin START] Reloading Section: "reloadable-plugin/CategoryRegistryImpl/REICompat of REICompat [sliceanddice]/"
[13:59:23] [REI-ReloadPlugins/TRACE] [REI] [REIClientPlugin START] Reloading Section: "reloadable-plugin/CategoryRegistryImpl/REICompat of REICompat [sliceanddice]/" done in 22.30 μs
[13:59:23] [REI-ReloadPlugins/TRACE] [REI] [REIClientPlugin START] Reloading Section: "reloadable-plugin/CategoryRegistryImpl/HideIngredientsFromTagsPlugin of HideIngredientsFromTagsPlugin [roughlyenoughitems]/"
[13:59:23] [REI-ReloadPlugins/TRACE] [REI] [REIClientPlugin START] Reloading Section: "reloadable-plugin/CategoryRegistryImpl/HideIngredientsFromTagsPlugin of HideIngredientsFromTagsPlugin [roughlyenoughitems]/" done in 12.50 μs
[13:59:23] [REI-ReloadPlugins/TRACE] [REI] [REIClientPlugin START] Reloading Section: "reloadable-plugin/CategoryRegistryImpl/DefaultClientRuntimePlugin of DefaultClientRuntimePlugin [roughlyenoughitems]/"
[13:59:23] [REI-ReloadPlugins/TRACE] [REI] [REIClientPlugin START] Reloading Section: "reloadable-plugin/CategoryRegistryImpl/DefaultClientRuntimePlugin of DefaultClientRuntimePlugin [roughlyenoughitems]/" done in 11.50 μs
[13:59:23] [REI-ReloadPlugins/TRACE] [REI] [REIClientPlugin START] Reloading Section: "reloadable-plugin/CategoryRegistryImpl/ClientREIPlugin of ClientREIPlugin [farmersdelight]/"
[13:59:23] [REI-ReloadPlugins/TRACE] [REI] [REIClientPlugin START] Reloading Section: "reloadable-plugin/CategoryRegistryImpl/ClientREIPlugin of ClientREIPlugin [farmersdelight]/" done in 9.900 μs
[13:59:23] [REI-ReloadPlugins/TRACE] [REI] [REIClientPlugin START] Reloading Section: "reloadable-plugin/CategoryRegistryImpl/ExpandedDelightREI of ExpandedDelightREI [expandeddelight]/"
[13:59:23] [REI-ReloadPlugins/TRACE] [REI] [REIClientPlugin START] Reloading Section: "reloadable-plugin/CategoryRegistryImpl/ExpandedDelightREI of ExpandedDelightREI [expandeddelight]/" done in 9.700 μs
[13:59:23] [REI-ReloadPlugins/TRACE] [REI] [REIClientPlugin START] Reloading Section: "reloadable-plugin/CategoryRegistryImpl/CreateAdditionREI of CreateAdditionREI [createaddition]/"
[13:59:23] [REI-ReloadPlugins/TRACE] [REI] [REIClientPlugin START] Reloading Section: "reloadable-plugin/CategoryRegistryImpl/CreateAdditionREI of CreateAdditionREI [createaddition]/" done in 13.30 μs
[13:59:23] [REI-ReloadPlugins/TRACE] [REI] [REIClientPlugin START] Reloading Section: "reloadable-plugin/CategoryRegistryImpl/NewAgeReiPlugin of NewAgeReiPlugin [create_new_age]/"
[13:59:23] [REI-ReloadPlugins/TRACE] [REI] [REIClientPlugin START] Reloading Section: "reloadable-plugin/CategoryRegistryImpl/NewAgeReiPlugin of NewAgeReiPlugin [create_new_age]/" done in 12.10 μs
[13:59:23] [REI-ReloadPlugins/TRACE] [REI] [REIClientPlugin START] Reloading Section: "reloadable-plugin/CategoryRegistryImpl/create:rei_plugin of create:rei_plugin [create]/"
[13:59:23] [REI-ReloadPlugins/TRACE] [REI] [REIClientPlugin START] Reloading Section: "reloadable-plugin/CategoryRegistryImpl/create:rei_plugin of create:rei_plugin [create]/" done in 10.80 μs
[13:59:23] [REI-ReloadPlugins/TRACE] [REI] [REIClientPlugin START] Reloading Section: "reloadable-plugin/CategoryRegistryImpl/ChiselREI of ChiselREI [chisel]/"
[13:59:23] [REI-ReloadPlugins/TRACE] [REI] [REIClientPlugin START] Reloading Section: "reloadable-plugin/CategoryRegistryImpl/ChiselREI of ChiselREI [chisel]/" done in 10.00 μs
[13:59:23] [REI-ReloadPlugins/TRACE] [REI] [REIClientPlugin START] Reloading Section: "reloadable-plugin/CategoryRegistryImpl/REITooltipPlugin of REITooltipPlugin [appleskin]/"
[13:59:23] [REI-ReloadPlugins/TRACE] [REI] [REIClientPlugin START] Reloading Section: "reloadable-plugin/CategoryRegistryImpl/REITooltipPlugin of REITooltipPlugin [appleskin]/" done in 9.500 μs
[13:59:23] [REI-ReloadPlugins/TRACE] [REI] [REIClientPlugin START] Reloading Section: "reloadable-plugin/CategoryRegistryImpl/AdAstraReiPlugin of AdAstraReiPlugin [ad_astra]/"
[13:59:23] [REI-ReloadPlugins/TRACE] [REI] [REIClientPlugin START] Reloading Section: "reloadable-plugin/CategoryRegistryImpl/AdAstraReiPlugin of AdAstraReiPlugin [ad_astra]/" done in 10.10 μs
[13:59:23] [REI-ReloadPlugins/TRACE] [REI] [REIClientPlugin START] Reloading Section: "reloadable-plugin/CategoryRegistryImpl/ReiRecipeAction of ReiRecipeAction [wthit]/"
[13:59:23] [REI-ReloadPlugins/TRACE] [REI] [REIClientPlugin START] Reloading Section: "reloadable-plugin/CategoryRegistryImpl/ReiRecipeAction of ReiRecipeAction [wthit]/" done in 9.300 μs
[13:59:23] [REI-ReloadPlugins/TRACE] [REI] [REIClientPlugin START] Reloading Section: "reloadable-plugin/CategoryRegistryImpl/" done in 1.621 ms
[13:59:23] [REI-ReloadPlugins/TRACE] [REI] [REIClientPlugin START] Reloading Section: "reloadable-plugin/DisplayRegistryImpl/"
[13:59:23] [REI-ReloadPlugins/TRACE] [REI] [REIClientPlugin START] Reloading Section: "reloadable-plugin/DisplayRegistryImpl/DefaultClientPlugin of DefaultClientPlugin [roughlyenoughitems]/"
[13:59:23] [REI-ReloadPlugins/TRACE] [REI] [REIClientPlugin START] Reloading Section: "reloadable-plugin/DisplayRegistryImpl/DefaultClientPlugin of DefaultClientPlugin [roughlyenoughitems]/" done in 9.000 μs
[13:59:23] [REI-ReloadPlugins/TRACE] [REI] [REIClientPlugin START] Reloading Section: "reloadable-plugin/DisplayRegistryImpl/REICompat of REICompat [sliceanddice]/"
[13:59:23] [REI-ReloadPlugins/TRACE] [REI] [REIClientPlugin START] Reloading Section: "reloadable-plugin/DisplayRegistryImpl/REICompat of REICompat [sliceanddice]/" done in 9.200 μs
[13:59:23] [REI-ReloadPlugins/TRACE] [REI] [REIClientPlugin START] Reloading Section: "reloadable-plugin/DisplayRegistryImpl/HideIngredientsFromTagsPlugin of HideIngredientsFromTagsPlugin [roughlyenoughitems]/"
[13:59:23] [REI-ReloadPlugins/TRACE] [REI] [REIClientPlugin START] Reloading Section: "reloadable-plugin/DisplayRegistryImpl/HideIngredientsFromTagsPlugin of HideIngredientsFromTagsPlugin [roughlyenoughitems]/" done in 9.200 μs
[13:59:23] [REI-ReloadPlugins/TRACE] [REI] [REIClientPlugin START] Reloading Section: "reloadable-plugin/DisplayRegistryImpl/DefaultClientRuntimePlugin of DefaultClientRuntimePlugin [roughlyenoughitems]/"
[13:59:23] [REI-ReloadPlugins/TRACE] [REI] [REIClientPlugin START] Reloading Section: "reloadable-plugin/DisplayRegistryImpl/DefaultClientRuntimePlugin of DefaultClientRuntimePlugin [roughlyenoughitems]/" done in 9.100 μs
[13:59:23] [REI-ReloadPlugins/TRACE] [REI] [REIClientPlugin START] Reloading Section: "reloadable-plugin/DisplayRegistryImpl/ClientREIPlugin of ClientREIPlugin [farmersdelight]/"
[13:59:23] [REI-ReloadPlugins/TRACE] [REI] [REIClientPlugin START] Reloading Section: "reloadable-plugin/DisplayRegistryImpl/ClientREIPlugin of ClientREIPlugin [farmersdelight]/" done in 9.100 μs
[13:59:23] [REI-ReloadPlugins/TRACE] [REI] [REIClientPlugin START] Reloading Section: "reloadable-plugin/DisplayRegistryImpl/ExpandedDelightREI of ExpandedDelightREI [expandeddelight]/"
[13:59:23] [REI-ReloadPlugins/TRACE] [REI] [REIClientPlugin START] Reloading Section: "reloadable-plugin/DisplayRegistryImpl/ExpandedDelightREI of ExpandedDelightREI [expandeddelight]/" done in 9.100 μs
[13:59:23] [REI-ReloadPlugins/TRACE] [REI] [REIClientPlugin START] Reloading Section: "reloadable-plugin/DisplayRegistryImpl/CreateAdditionREI of CreateAdditionREI [createaddition]/"
[13:59:23] [REI-ReloadPlugins/TRACE] [REI] [REIClientPlugin START] Reloading Section: "reloadable-plugin/DisplayRegistryImpl/CreateAdditionREI of CreateAdditionREI [createaddition]/" done in 9.900 μs
[13:59:23] [REI-ReloadPlugins/TRACE] [REI] [REIClientPlugin START] Reloading Section: "reloadable-plugin/DisplayRegistryImpl/NewAgeReiPlugin of NewAgeReiPlugin [create_new_age]/"
[13:59:23] [REI-ReloadPlugins/TRACE] [REI] [REIClientPlugin START] Reloading Section: "reloadable-plugin/DisplayRegistryImpl/NewAgeReiPlugin of NewAgeReiPlugin [create_new_age]/" done in 9.000 μs
[13:59:23] [REI-ReloadPlugins/TRACE] [REI] [REIClientPlugin START] Reloading Section: "reloadable-plugin/DisplayRegistryImpl/create:rei_plugin of create:rei_plugin [create]/"
[13:59:23] [REI-ReloadPlugins/TRACE] [REI] [REIClientPlugin START] Reloading Section: "reloadable-plugin/DisplayRegistryImpl/create:rei_plugin of create:rei_plugin [create]/" done in 32.60 μs
[13:59:23] [REI-ReloadPlugins/TRACE] [REI] [REIClientPlugin START] Reloading Section: "reloadable-plugin/DisplayRegistryImpl/ChiselREI of ChiselREI [chisel]/"
[13:59:23] [REI-ReloadPlugins/TRACE] [REI] [REIClientPlugin START] Reloading Section: "reloadable-plugin/DisplayRegistryImpl/ChiselREI of ChiselREI [chisel]/" done in 13.40 μs
[13:59:23] [REI-ReloadPlugins/TRACE] [REI] [REIClientPlugin START] Reloading Section: "reloadable-plugin/DisplayRegistryImpl/REITooltipPlugin of REITooltipPlugin [appleskin]/"
[13:59:23] [REI-ReloadPlugins/TRACE] [REI] [REIClientPlugin START] Reloading Section: "reloadable-plugin/DisplayRegistryImpl/REITooltipPlugin of REITooltipPlugin [appleskin]/" done in 19.80 μs
[13:59:23] [REI-ReloadPlugins/TRACE] [REI] [REIClientPlugin START] Reloading Section: "reloadable-plugin/DisplayRegistryImpl/AdAstraReiPlugin of AdAstraReiPlugin [ad_astra]/"
[13:59:23] [REI-ReloadPlugins/TRACE] [REI] [REIClientPlugin START] Reloading Section: "reloadable-plugin/DisplayRegistryImpl/AdAstraReiPlugin of AdAstraReiPlugin [ad_astra]/" done in 17.50 μs
[13:59:23] [REI-ReloadPlugins/TRACE] [REI] [REIClientPlugin START] Reloading Section: "reloadable-plugin/DisplayRegistryImpl/ReiRecipeAction of ReiRecipeAction [wthit]/"
[13:59:23] [REI-ReloadPlugins/TRACE] [REI] [REIClientPlugin START] Reloading Section: "reloadable-plugin/DisplayRegistryImpl/ReiRecipeAction of ReiRecipeAction [wthit]/" done in 17.40 μs
[13:59:23] [REI-ReloadPlugins/TRACE] [REI] [REIClientPlugin START] Reloading Section: "reloadable-plugin/DisplayRegistryImpl/" done in 1.291 ms
[13:59:23] [REI-ReloadPlugins/TRACE] [REI] [REIClientPlugin START] Reloading Section: "reloadable-plugin/ScreenRegistryImpl/"
[13:59:23] [REI-ReloadPlugins/TRACE] [REI] [REIClientPlugin START] Reloading Section: "reloadable-plugin/ScreenRegistryImpl/DefaultClientPlugin of DefaultClientPlugin [roughlyenoughitems]/"
[13:59:23] [REI-ReloadPlugins/DEBUG] [REI] Added click area provider for net.minecraft.class_479: me.shedaniel.rei.api.client.registry.screen.SimpleClickArea$$Lambda$18710/0x0000025f4df8aac8@446c2088
[13:59:23] [REI-ReloadPlugins/DEBUG] [REI] Added click area provider for net.minecraft.class_490: me.shedaniel.rei.api.client.registry.screen.SimpleClickArea$$Lambda$18710/0x0000025f4df8aac8@52a541f6
[13:59:23] [REI-ReloadPlugins/DEBUG] [REI] Added click area provider for net.minecraft.class_472: me.shedaniel.rei.api.client.registry.screen.SimpleClickArea$$Lambda$18710/0x0000025f4df8aac8@2c85e65d
[13:59:23] [REI-ReloadPlugins/DEBUG] [REI] Added click area provider for net.minecraft.class_3873: me.shedaniel.rei.api.client.registry.screen.SimpleClickArea$$Lambda$18710/0x0000025f4df8aac8@948fb25
[13:59:23] [REI-ReloadPlugins/DEBUG] [REI] Added click area provider for net.minecraft.class_3874: me.shedaniel.rei.api.client.registry.screen.SimpleClickArea$$Lambda$18710/0x0000025f4df8aac8@79df1f58
[13:59:23] [REI-ReloadPlugins/DEBUG] [REI] Added click area provider for net.minecraft.class_3871: me.shedaniel.rei.api.client.registry.screen.SimpleClickArea$$Lambda$18710/0x0000025f4df8aac8@18d4b64
[13:59:23] [REI-ReloadPlugins/DEBUG] [REI] Added exclusion zones provider: me.shedaniel.rei.plugin.client.exclusionzones.DefaultPotionEffectExclusionZones@149f7107 for net.minecraft.class_485
[13:59:23] [REI-ReloadPlugins/DEBUG] [REI] Added exclusion zones provider: me.shedaniel.rei.plugin.client.exclusionzones.DefaultRecipeBookExclusionZones@5a4c2b31 for net.minecraft.class_518
[13:59:23] [REI-ReloadPlugins/TRACE] [REI] [REIClientPlugin START] Reloading Section: "reloadable-plugin/ScreenRegistryImpl/DefaultClientPlugin of DefaultClientPlugin [roughlyenoughitems]/" done in 12.28 ms
[13:59:23] [REI-ReloadPlugins/TRACE] [REI] [REIClientPlugin START] Reloading Section: "reloadable-plugin/ScreenRegistryImpl/REICompat of REICompat [sliceanddice]/"
[13:59:23] [REI-ReloadPlugins/TRACE] [REI] [REIClientPlugin START] Reloading Section: "reloadable-plugin/ScreenRegistryImpl/REICompat of REICompat [sliceanddice]/" done in 22.80 μs
[13:59:23] [REI-ReloadPlugins/TRACE] [REI] [REIClientPlugin START] Reloading Section: "reloadable-plugin/ScreenRegistryImpl/HideIngredientsFromTagsPlugin of HideIngredientsFromTagsPlugin [roughlyenoughitems]/"
[13:59:23] [REI-ReloadPlugins/TRACE] [REI] [REIClientPlugin START] Reloading Section: "reloadable-plugin/ScreenRegistryImpl/HideIngredientsFromTagsPlugin of HideIngredientsFromTagsPlugin [roughlyenoughitems]/" done in 9.200 μs
[13:59:23] [REI-ReloadPlugins/TRACE] [REI] [REIClientPlugin START] Reloading Section: "reloadable-plugin/ScreenRegistryImpl/DefaultClientRuntimePlugin of DefaultClientRuntimePlugin [roughlyenoughitems]/"
[13:59:23] [REI-ReloadPlugins/DEBUG] [REI] Added exclusion zones provider: me.shedaniel.rei.plugin.client.runtime.DefaultClientRuntimePlugin$$Lambda$18714/0x0000025f4df8b808@2785d12c for me.shedaniel.rei.impl.client.gui.screen.DefaultDisplayViewingScreen
[13:59:23] [REI-ReloadPlugins/DEBUG] [REI] Added exclusion zones provider: me.shedaniel.rei.plugin.client.runtime.DefaultClientRuntimePlugin$$Lambda$18715/0x0000025f4df8ba20@22a79482 for net.minecraft.class_437
[13:59:23] [REI-ReloadPlugins/DEBUG] [REI] Added draggable component provider: me.shedaniel.rei.api.client.gui.drag.component.DraggableComponentProviderWidget$1@cda5836 [0.00 priority]
[13:59:23] [REI-ReloadPlugins/DEBUG] [REI] Added draggable component visitor: me.shedaniel.rei.api.client.gui.drag.component.DraggableComponentVisitorWidget$2@26ec28e3 [0.00 priority]
[13:59:23] [REI-ReloadPlugins/TRACE] [REI] [REIClientPlugin START] Reloading Section: "reloadable-plugin/ScreenRegistryImpl/DefaultClientRuntimePlugin of DefaultClientRuntimePlugin [roughlyenoughitems]/" done in 1.416 ms
[13:59:23] [REI-ReloadPlugins/TRACE] [REI] [REIClientPlugin START] Reloading Section: "reloadable-plugin/ScreenRegistryImpl/ClientREIPlugin of ClientREIPlugin [farmersdelight]/"
[13:59:23] [REI-ReloadPlugins/TRACE] [REI] [REIClientPlugin START] Reloading Section: "reloadable-plugin/ScreenRegistryImpl/ClientREIPlugin of ClientREIPlugin [farmersdelight]/" done in 16.60 μs
[13:59:23] [REI-ReloadPlugins/TRACE] [REI] [REIClientPlugin START] Reloading Section: "reloadable-plugin/ScreenRegistryImpl/ExpandedDelightREI of ExpandedDelightREI [expandeddelight]/"
[13:59:23] [REI-ReloadPlugins/DEBUG] [REI] Added click area provider for com.ianm1647.expandeddelight.util.inventory.screen.JuicerScreen: me.shedaniel.rei.api.client.registry.screen.SimpleClickArea$$Lambda$18710/0x0000025f4df8aac8@1c1e8110
[13:59:23] [REI-ReloadPlugins/TRACE] [REI] [REIClientPlugin START] Reloading Section: "reloadable-plugin/ScreenRegistryImpl/ExpandedDelightREI of ExpandedDelightREI [expandeddelight]/" done in 87.40 μs
[13:59:23] [REI-ReloadPlugins/TRACE] [REI] [REIClientPlugin START] Reloading Section: "reloadable-plugin/ScreenRegistryImpl/CreateAdditionREI of CreateAdditionREI [createaddition]/"
[13:59:23] [REI-ReloadPlugins/TRACE] [REI] [REIClientPlugin START] Reloading Section: "reloadable-plugin/ScreenRegistryImpl/CreateAdditionREI of CreateAdditionREI [createaddition]/" done in 59.70 μs
[13:59:23] [REI-ReloadPlugins/TRACE] [REI] [REIClientPlugin START] Reloading Section: "reloadable-plugin/ScreenRegistryImpl/NewAgeReiPlugin of NewAgeReiPlugin [create_new_age]/"
[13:59:23] [REI-ReloadPlugins/TRACE] [REI] [REIClientPlugin START] Reloading Section: "reloadable-plugin/ScreenRegistryImpl/NewAgeReiPlugin of NewAgeReiPlugin [create_new_age]/" done in 11.20 μs
[13:59:23] [REI-ReloadPlugins/TRACE] [REI] [REIClientPlugin START] Reloading Section: "reloadable-plugin/ScreenRegistryImpl/create:rei_plugin of create:rei_plugin [create]/"
[13:59:23] [REI-ReloadPlugins/DEBUG] [REI] Added draggable component visitor: com.simibubi.create.compat.rei.GhostIngredientHandler@4102f87f [0.00 priority]
[13:59:23] [REI-ReloadPlugins/DEBUG] [REI] Added exclusion zones provider: com.simibubi.create.compat.rei.SlotMover@6a960612 for com.simibubi.create.foundation.gui.menu.AbstractSimiContainerScreen
[13:59:23] [REI-ReloadPlugins/TRACE] [REI] [REIClientPlugin START] Reloading Section: "reloadable-plugin/ScreenRegistryImpl/create:rei_plugin of create:rei_plugin [create]/" done in 4.074 ms
[13:59:23] [REI-ReloadPlugins/TRACE] [REI] [REIClientPlugin START] Reloading Section: "reloadable-plugin/ScreenRegistryImpl/ChiselREI of ChiselREI [chisel]/"
[13:59:23] [REI-ReloadPlugins/TRACE] [REI] [REIClientPlugin START] Reloading Section: "reloadable-plugin/ScreenRegistryImpl/ChiselREI of ChiselREI [chisel]/" done in 25.20 μs
[13:59:23] [REI-ReloadPlugins/TRACE] [REI] [REIClientPlugin START] Reloading Section: "reloadable-plugin/ScreenRegistryImpl/REITooltipPlugin of REITooltipPlugin [appleskin]/"
[13:59:23] [REI-ReloadPlugins/TRACE] [REI] [REIClientPlugin START] Reloading Section: "reloadable-plugin/ScreenRegistryImpl/REITooltipPlugin of REITooltipPlugin [appleskin]/" done in 13.00 μs
[13:59:23] [REI-ReloadPlugins/TRACE] [REI] [REIClientPlugin START] Reloading Section: "reloadable-plugin/ScreenRegistryImpl/AdAstraReiPlugin of AdAstraReiPlugin [ad_astra]/"
[13:59:23] [REI-ReloadPlugins/DEBUG] [REI] Added click area provider for earth.terrarium.adastra.client.screens.machines.CompressorScreen: me.shedaniel.rei.api.client.registry.screen.SimpleClickArea$$Lambda$18710/0x0000025f4df8aac8@7cb26853
[13:59:23] [REI-ReloadPlugins/DEBUG] [REI] Added click area provider for earth.terrarium.adastra.client.screens.machines.EtrionicBlastFurnaceScreen: me.shedaniel.rei.api.client.registry.screen.SimpleClickArea$$Lambda$18710/0x0000025f4df8aac8@302f4f8e
[13:59:23] [REI-ReloadPlugins/DEBUG] [REI] Added click area provider for earth.terrarium.adastra.client.screens.machines.OxygenLoaderScreen: me.shedaniel.rei.api.client.registry.screen.SimpleClickArea$$Lambda$18710/0x0000025f4df8aac8@2db4c85a
[13:59:23] [REI-ReloadPlugins/DEBUG] [REI] Added click area provider for earth.terrarium.adastra.client.screens.machines.OxygenDistributorScreen: me.shedaniel.rei.api.client.registry.screen.SimpleClickArea$$Lambda$18710/0x0000025f4df8aac8@43a3997f
[13:59:23] [REI-ReloadPlugins/DEBUG] [REI] Added click area provider for earth.terrarium.adastra.client.screens.machines.FuelRefineryScreen: me.shedaniel.rei.api.client.registry.screen.SimpleClickArea$$Lambda$18710/0x0000025f4df8aac8@122f2cbf
[13:59:23] [REI-ReloadPlugins/DEBUG] [REI] Added click area provider for earth.terrarium.adastra.client.screens.machines.CryoFreezerScreen: me.shedaniel.rei.api.client.registry.screen.SimpleClickArea$$Lambda$18710/0x0000025f4df8aac8@67f883f3
[13:59:23] [REI-ReloadPlugins/DEBUG] [REI] Added click area provider for earth.terrarium.adastra.client.screens.machines.NasaWorkbenchScreen: me.shedaniel.rei.api.client.registry.screen.SimpleClickArea$$Lambda$18710/0x0000025f4df8aac8@63c7848d
[13:59:23] [REI-ReloadPlugins/DEBUG] [REI] Added overlay decider: earth.terrarium.adastra.common.compat.rei.AdAstraReiPlugin$1@3c47b7e1 [0.00 priority]
[13:59:23] [REI-ReloadPlugins/TRACE] [REI] [REIClientPlugin START] Reloading Section: "reloadable-plugin/ScreenRegistryImpl/AdAstraReiPlugin of AdAstraReiPlugin [ad_astra]/" done in 16.91 ms
[13:59:23] [REI-ReloadPlugins/TRACE] [REI] [REIClientPlugin START] Reloading Section: "reloadable-plugin/ScreenRegistryImpl/ReiRecipeAction of ReiRecipeAction [wthit]/"
[13:59:23] [REI-ReloadPlugins/TRACE] [REI] [REIClientPlugin START] Reloading Section: "reloadable-plugin/ScreenRegistryImpl/ReiRecipeAction of ReiRecipeAction [wthit]/" done in 18.50 μs
[13:59:23] [REI-ReloadPlugins/TRACE] [REI] [REIClientPlugin START] Reloading Section: "reloadable-plugin/ScreenRegistryImpl/" done in 36.70 ms
[13:59:23] [REI-ReloadPlugins/TRACE] [REI] [REIClientPlugin START] Reloading Section: "reloadable-plugin/FavoriteEntryTypeRegistryImpl/"
[13:59:23] [REI-ReloadPlugins/TRACE] [REI] [REIClientPlugin START] Reloading Section: "reloadable-plugin/FavoriteEntryTypeRegistryImpl/DefaultClientPlugin of DefaultClientPlugin [roughlyenoughitems]/"
[13:59:23] [REI-ReloadPlugins/DEBUG] [REI] Added favorite entry type [roughlyenoughitems:gamemode]: INSTANCE
[13:59:23] [REI-ReloadPlugins/DEBUG] [REI] Added favorite entry type [roughlyenoughitems:weather]: INSTANCE
[13:59:23] [REI-ReloadPlugins/DEBUG] [REI] Added favorite entry type [roughlyenoughitems:time]: INSTANCE
[13:59:23] [REI-ReloadPlugins/TRACE] [REI] [REIClientPlugin START] Reloading Section: "reloadable-plugin/FavoriteEntryTypeRegistryImpl/DefaultClientPlugin of DefaultClientPlugin [roughlyenoughitems]/" done in 25.11 ms
[13:59:23] [REI-ReloadPlugins/TRACE] [REI] [REIClientPlugin START] Reloading Section: "reloadable-plugin/FavoriteEntryTypeRegistryImpl/REICompat of REICompat [sliceanddice]/"
[13:59:23] [REI-ReloadPlugins/TRACE] [REI] [REIClientPlugin START] Reloading Section: "reloadable-plugin/FavoriteEntryTypeRegistryImpl/REICompat of REICompat [sliceanddice]/" done in 18.00 μs
[13:59:23] [REI-ReloadPlugins/TRACE] [REI] [REIClientPlugin START] Reloading Section: "reloadable-plugin/FavoriteEntryTypeRegistryImpl/HideIngredientsFromTagsPlugin of HideIngredientsFromTagsPlugin [roughlyenoughitems]/"
[13:59:23] [REI-ReloadPlugins/TRACE] [REI] [REIClientPlugin START] Reloading Section: "reloadable-plugin/FavoriteEntryTypeRegistryImpl/HideIngredientsFromTagsPlugin of HideIngredientsFromTagsPlugin [roughlyenoughitems]/" done in 11.40 μs
[13:59:23] [REI-ReloadPlugins/TRACE] [REI] [REIClientPlugin START] Reloading Section: "reloadable-plugin/FavoriteEntryTypeRegistryImpl/DefaultClientRuntimePlugin of DefaultClientRuntimePlugin [roughlyenoughitems]/"
[13:59:23] [REI-ReloadPlugins/DEBUG] [REI] Added favorite entry type [roughlyenoughitems:entry_stack]: INSTANCE
[13:59:23] [REI-ReloadPlugins/DEBUG] [REI] Added favorite entry type [roughlyenoughitems:display]: INSTANCE
[13:59:23] [REI-ReloadPlugins/TRACE] [REI] [REIClientPlugin START] Reloading Section: "reloadable-plugin/FavoriteEntryTypeRegistryImpl/DefaultClientRuntimePlugin of DefaultClientRuntimePlugin [roughlyenoughitems]/" done in 3.872 ms
[13:59:23] [REI-ReloadPlugins/TRACE] [REI] [REIClientPlugin START] Reloading Section: "reloadable-plugin/FavoriteEntryTypeRegistryImpl/ClientREIPlugin of ClientREIPlugin [farmersdelight]/"
[13:59:23] [REI-ReloadPlugins/TRACE] [REI] [REIClientPlugin START] Reloading Section: "reloadable-plugin/FavoriteEntryTypeRegistryImpl/ClientREIPlugin of ClientREIPlugin [farmersdelight]/" done in 29.70 μs
[13:59:23] [REI-ReloadPlugins/TRACE] [REI] [REIClientPlugin START] Reloading Section: "reloadable-plugin/FavoriteEntryTypeRegistryImpl/ExpandedDelightREI of ExpandedDelightREI [expandeddelight]/"
[13:59:23] [REI-ReloadPlugins/TRACE] [REI] [REIClientPlugin START] Reloading Section: "reloadable-plugin/FavoriteEntryTypeRegistryImpl/ExpandedDelightREI of ExpandedDelightREI [expandeddelight]/" done in 14.20 μs
[13:59:23] [REI-ReloadPlugins/TRACE] [REI] [REIClientPlugin START] Reloading Section: "reloadable-plugin/FavoriteEntryTypeRegistryImpl/CreateAdditionREI of CreateAdditionREI [createaddition]/"
[13:59:23] [REI-ReloadPlugins/TRACE] [REI] [REIClientPlugin START] Reloading Section: "reloadable-plugin/FavoriteEntryTypeRegistryImpl/CreateAdditionREI of CreateAdditionREI [createaddition]/" done in 9.700 μs
[13:59:23] [REI-ReloadPlugins/TRACE] [REI] [REIClientPlugin START] Reloading Section: "reloadable-plugin/FavoriteEntryTypeRegistryImpl/NewAgeReiPlugin of NewAgeReiPlugin [create_new_age]/"
[13:59:23] [REI-ReloadPlugins/TRACE] [REI] [REIClientPlugin START] Reloading Section: "reloadable-plugin/FavoriteEntryTypeRegistryImpl/NewAgeReiPlugin of NewAgeReiPlugin [create_new_age]/" done in 8.000 μs
[13:59:23] [REI-ReloadPlugins/TRACE] [REI] [REIClientPlugin START] Reloading Section: "reloadable-plugin/FavoriteEntryTypeRegistryImpl/create:rei_plugin of create:rei_plugin [create]/"
[13:59:23] [REI-ReloadPlugins/TRACE] [REI] [REIClientPlugin START] Reloading Section: "reloadable-plugin/FavoriteEntryTypeRegistryImpl/create:rei_plugin of create:rei_plugin [create]/" done in 11.60 μs
[13:59:23] [REI-ReloadPlugins/TRACE] [REI] [REIClientPlugin START] Reloading Section: "reloadable-plugin/FavoriteEntryTypeRegistryImpl/ChiselREI of ChiselREI [chisel]/"
[13:59:23] [REI-ReloadPlugins/TRACE] [REI] [REIClientPlugin START] Reloading Section: "reloadable-plugin/FavoriteEntryTypeRegistryImpl/ChiselREI of ChiselREI [chisel]/" done in 14.30 μs
[13:59:23] [REI-ReloadPlugins/TRACE] [REI] [REIClientPlugin START] Reloading Section: "reloadable-plugin/FavoriteEntryTypeRegistryImpl/REITooltipPlugin of REITooltipPlugin [appleskin]/"
[13:59:23] [REI-ReloadPlugins/TRACE] [REI] [REIClientPlugin START] Reloading Section: "reloadable-plugin/FavoriteEntryTypeRegistryImpl/REITooltipPlugin of REITooltipPlugin [appleskin]/" done in 13.80 μs
[13:59:23] [REI-ReloadPlugins/TRACE] [REI] [REIClientPlugin START] Reloading Section: "reloadable-plugin/FavoriteEntryTypeRegistryImpl/AdAstraReiPlugin of AdAstraReiPlugin [ad_astra]/"
[13:59:23] [REI-ReloadPlugins/TRACE] [REI] [REIClientPlugin START] Reloading Section: "reloadable-plugin/FavoriteEntryTypeRegistryImpl/AdAstraReiPlugin of AdAstraReiPlugin [ad_astra]/" done in 20.10 μs
[13:59:23] [REI-ReloadPlugins/TRACE] [REI] [REIClientPlugin START] Reloading Section: "reloadable-plugin/FavoriteEntryTypeRegistryImpl/ReiRecipeAction of ReiRecipeAction [wthit]/"
[13:59:23] [REI-ReloadPlugins/TRACE] [REI] [REIClientPlugin START] Reloading Section: "reloadable-plugin/FavoriteEntryTypeRegistryImpl/ReiRecipeAction of ReiRecipeAction [wthit]/" done in 35.60 μs
[13:59:23] [REI-ReloadPlugins/TRACE] [REI] [REIClientPlugin START] Reloading Section: "reloadable-plugin/FavoriteEntryTypeRegistryImpl/" done in 31.67 ms
[13:59:23] [REI-ReloadPlugins/TRACE] [REI] [REIClientPlugin START] Reloading Section: "reloadable-plugin/SubsetsRegistryImpl/"
[13:59:23] [REI-ReloadPlugins/TRACE] [REI] [REIClientPlugin START] Reloading Section: "reloadable-plugin/SubsetsRegistryImpl/DefaultClientPlugin of DefaultClientPlugin [roughlyenoughitems]/"
[13:59:23] [REI-ReloadPlugins/TRACE] [REI] [REIClientPlugin START] Reloading Section: "reloadable-plugin/SubsetsRegistryImpl/DefaultClientPlugin of DefaultClientPlugin [roughlyenoughitems]/" done in 10.10 μs
[13:59:23] [REI-ReloadPlugins/TRACE] [REI] [REIClientPlugin START] Reloading Section: "reloadable-plugin/SubsetsRegistryImpl/REICompat of REICompat [sliceanddice]/"
[13:59:23] [REI-ReloadPlugins/TRACE] [REI] [REIClientPlugin START] Reloading Section: "reloadable-plugin/SubsetsRegistryImpl/REICompat of REICompat [sliceanddice]/" done in 8.000 μs
[13:59:23] [REI-ReloadPlugins/TRACE] [REI] [REIClientPlugin START] Reloading Section: "reloadable-plugin/SubsetsRegistryImpl/HideIngredientsFromTagsPlugin of HideIngredientsFromTagsPlugin [roughlyenoughitems]/"
[13:59:23] [REI-ReloadPlugins/TRACE] [REI] [REIClientPlugin START] Reloading Section: "reloadable-plugin/SubsetsRegistryImpl/HideIngredientsFromTagsPlugin of HideIngredientsFromTagsPlugin [roughlyenoughitems]/" done in 7.500 μs
[13:59:23] [REI-ReloadPlugins/TRACE] [REI] [REIClientPlugin START] Reloading Section: "reloadable-plugin/SubsetsRegistryImpl/DefaultClientRuntimePlugin of DefaultClientRuntimePlugin [roughlyenoughitems]/"
[13:59:23] [REI-ReloadPlugins/TRACE] [REI] [REIClientPlugin START] Reloading Section: "reloadable-plugin/SubsetsRegistryImpl/DefaultClientRuntimePlugin of DefaultClientRuntimePlugin [roughlyenoughitems]/" done in 8.100 μs
[13:59:23] [REI-ReloadPlugins/TRACE] [REI] [REIClientPlugin START] Reloading Section: "reloadable-plugin/SubsetsRegistryImpl/ClientREIPlugin of ClientREIPlugin [farmersdelight]/"
[13:59:23] [REI-ReloadPlugins/TRACE] [REI] [REIClientPlugin START] Reloading Section: "reloadable-plugin/SubsetsRegistryImpl/ClientREIPlugin of ClientREIPlugin [farmersdelight]/" done in 7.500 μs
[13:59:23] [REI-ReloadPlugins/TRACE] [REI] [REIClientPlugin START] Reloading Section: "reloadable-plugin/SubsetsRegistryImpl/ExpandedDelightREI of ExpandedDelightREI [expandeddelight]/"
[13:59:23] [REI-ReloadPlugins/TRACE] [REI] [REIClientPlugin START] Reloading Section: "reloadable-plugin/SubsetsRegistryImpl/ExpandedDelightREI of ExpandedDelightREI [expandeddelight]/" done in 10.70 μs
[13:59:23] [REI-ReloadPlugins/TRACE] [REI] [REIClientPlugin START] Reloading Section: "reloadable-plugin/SubsetsRegistryImpl/CreateAdditionREI of CreateAdditionREI [createaddition]/"
[13:59:23] [REI-ReloadPlugins/TRACE] [REI] [REIClientPlugin START] Reloading Section: "reloadable-plugin/SubsetsRegistryImpl/CreateAdditionREI of CreateAdditionREI [createaddition]/" done in 11.50 μs
[13:59:23] [REI-ReloadPlugins/TRACE] [REI] [REIClientPlugin START] Reloading Section: "reloadable-plugin/SubsetsRegistryImpl/NewAgeReiPlugin of NewAgeReiPlugin [create_new_age]/"
[13:59:23] [REI-ReloadPlugins/TRACE] [REI] [REIClientPlugin START] Reloading Section: "reloadable-plugin/SubsetsRegistryImpl/NewAgeReiPlugin of NewAgeReiPlugin [create_new_age]/" done in 10.70 μs
[13:59:23] [REI-ReloadPlugins/TRACE] [REI] [REIClientPlugin START] Reloading Section: "reloadable-plugin/SubsetsRegistryImpl/create:rei_plugin of create:rei_plugin [create]/"
[13:59:23] [REI-ReloadPlugins/TRACE] [REI] [REIClientPlugin START] Reloading Section: "reloadable-plugin/SubsetsRegistryImpl/create:rei_plugin of create:rei_plugin [create]/" done in 11.40 μs
[13:59:23] [REI-ReloadPlugins/TRACE] [REI] [REIClientPlugin START] Reloading Section: "reloadable-plugin/SubsetsRegistryImpl/ChiselREI of ChiselREI [chisel]/"
[13:59:23] [REI-ReloadPlugins/TRACE] [REI] [REIClientPlugin START] Reloading Section: "reloadable-plugin/SubsetsRegistryImpl/ChiselREI of ChiselREI [chisel]/" done in 10.40 μs
[13:59:23] [REI-ReloadPlugins/TRACE] [REI] [REIClientPlugin START] Reloading Section: "reloadable-plugin/SubsetsRegistryImpl/REITooltipPlugin of REITooltipPlugin [appleskin]/"
[13:59:23] [REI-ReloadPlugins/TRACE] [REI] [REIClientPlugin START] Reloading Section: "reloadable-plugin/SubsetsRegistryImpl/REITooltipPlugin of REITooltipPlugin [appleskin]/" done in 9.300 μs
[13:59:23] [REI-ReloadPlugins/TRACE] [REI] [REIClientPlugin START] Reloading Section: "reloadable-plugin/SubsetsRegistryImpl/AdAstraReiPlugin of AdAstraReiPlugin [ad_astra]/"
[13:59:23] [REI-ReloadPlugins/TRACE] [REI] [REIClientPlugin START] Reloading Section: "reloadable-plugin/SubsetsRegistryImpl/AdAstraReiPlugin of AdAstraReiPlugin [ad_astra]/" done in 10.90 μs
[13:59:23] [REI-ReloadPlugins/TRACE] [REI] [REIClientPlugin START] Reloading Section: "reloadable-plugin/SubsetsRegistryImpl/ReiRecipeAction of ReiRecipeAction [wthit]/"
[13:59:23] [REI-ReloadPlugins/TRACE] [REI] [REIClientPlugin START] Reloading Section: "reloadable-plugin/SubsetsRegistryImpl/ReiRecipeAction of ReiRecipeAction [wthit]/" done in 10.60 μs
[13:59:23] [REI-ReloadPlugins/TRACE] [REI] [REIClientPlugin START] Reloading Section: "reloadable-plugin/SubsetsRegistryImpl/" done in 1.342 ms
[13:59:23] [REI-ReloadPlugins/TRACE] [REI] [REIClientPlugin START] Reloading Section: "reloadable-plugin/TransferHandlerRegistryImpl/"
[13:59:23] [REI-ReloadPlugins/TRACE] [REI] [REIClientPlugin START] Reloading Section: "reloadable-plugin/TransferHandlerRegistryImpl/DefaultClientPlugin of DefaultClientPlugin [roughlyenoughitems]/"
[13:59:23] [REI-ReloadPlugins/TRACE] [REI] [REIClientPlugin START] Reloading Section: "reloadable-plugin/TransferHandlerRegistryImpl/DefaultClientPlugin of DefaultClientPlugin [roughlyenoughitems]/" done in 17.50 μs
[13:59:23] [REI-ReloadPlugins/TRACE] [REI] [REIClientPlugin START] Reloading Section: "reloadable-plugin/TransferHandlerRegistryImpl/REICompat of REICompat [sliceanddice]/"
[13:59:23] [REI-ReloadPlugins/TRACE] [REI] [REIClientPlugin START] Reloading Section: "reloadable-plugin/TransferHandlerRegistryImpl/REICompat of REICompat [sliceanddice]/" done in 17.80 μs
[13:59:23] [REI-ReloadPlugins/TRACE] [REI] [REIClientPlugin START] Reloading Section: "reloadable-plugin/TransferHandlerRegistryImpl/HideIngredientsFromTagsPlugin of HideIngredientsFromTagsPlugin [roughlyenoughitems]/"
[13:59:23] [REI-ReloadPlugins/TRACE] [REI] [REIClientPlugin START] Reloading Section: "reloadable-plugin/TransferHandlerRegistryImpl/HideIngredientsFromTagsPlugin of HideIngredientsFromTagsPlugin [roughlyenoughitems]/" done in 10.90 μs
[13:59:23] [REI-ReloadPlugins/TRACE] [REI] [REIClientPlugin START] Reloading Section: "reloadable-plugin/TransferHandlerRegistryImpl/DefaultClientRuntimePlugin of DefaultClientRuntimePlugin [roughlyenoughitems]/"
[13:59:23] [REI-ReloadPlugins/TRACE] [REI] [REIClientPlugin START] Reloading Section: "reloadable-plugin/TransferHandlerRegistryImpl/DefaultClientRuntimePlugin of DefaultClientRuntimePlugin [roughlyenoughitems]/" done in 31.60 μs
[13:59:23] [REI-ReloadPlugins/TRACE] [REI] [REIClientPlugin START] Reloading Section: "reloadable-plugin/TransferHandlerRegistryImpl/ClientREIPlugin of ClientREIPlugin [farmersdelight]/"
[13:59:23] [REI-ReloadPlugins/TRACE] [REI] [REIClientPlugin START] Reloading Section: "reloadable-plugin/TransferHandlerRegistryImpl/ClientREIPlugin of ClientREIPlugin [farmersdelight]/" done in 10.70 μs
[13:59:23] [REI-ReloadPlugins/TRACE] [REI] [REIClientPlugin START] Reloading Section: "reloadable-plugin/TransferHandlerRegistryImpl/ExpandedDelightREI of ExpandedDelightREI [expandeddelight]/"
[13:59:23] [REI-ReloadPlugins/TRACE] [REI] [REIClientPlugin START] Reloading Section: "reloadable-plugin/TransferHandlerRegistryImpl/ExpandedDelightREI of ExpandedDelightREI [expandeddelight]/" done in 12.30 μs
[13:59:23] [REI-ReloadPlugins/TRACE] [REI] [REIClientPlugin START] Reloading Section: "reloadable-plugin/TransferHandlerRegistryImpl/CreateAdditionREI of CreateAdditionREI [createaddition]/"
[13:59:23] [REI-ReloadPlugins/TRACE] [REI] [REIClientPlugin START] Reloading Section: "reloadable-plugin/TransferHandlerRegistryImpl/CreateAdditionREI of CreateAdditionREI [createaddition]/" done in 10.60 μs
[13:59:23] [REI-ReloadPlugins/TRACE] [REI] [REIClientPlugin START] Reloading Section: "reloadable-plugin/TransferHandlerRegistryImpl/NewAgeReiPlugin of NewAgeReiPlugin [create_new_age]/"
[13:59:23] [REI-ReloadPlugins/TRACE] [REI] [REIClientPlugin START] Reloading Section: "reloadable-plugin/TransferHandlerRegistryImpl/NewAgeReiPlugin of NewAgeReiPlugin [create_new_age]/" done in 9.900 μs
[13:59:23] [REI-ReloadPlugins/TRACE] [REI] [REIClientPlugin START] Reloading Section: "reloadable-plugin/TransferHandlerRegistryImpl/create:rei_plugin of create:rei_plugin [create]/"
[13:59:23] [REI-ReloadPlugins/TRACE] [REI] [REIClientPlugin START] Reloading Section: "reloadable-plugin/TransferHandlerRegistryImpl/create:rei_plugin of create:rei_plugin [create]/" done in 9.400 μs
[13:59:23] [REI-ReloadPlugins/TRACE] [REI] [REIClientPlugin START] Reloading Section: "reloadable-plugin/TransferHandlerRegistryImpl/ChiselREI of ChiselREI [chisel]/"
[13:59:23] [REI-ReloadPlugins/TRACE] [REI] [REIClientPlugin START] Reloading Section: "reloadable-plugin/TransferHandlerRegistryImpl/ChiselREI of ChiselREI [chisel]/" done in 9.500 μs
[13:59:23] [REI-ReloadPlugins/TRACE] [REI] [REIClientPlugin START] Reloading Section: "reloadable-plugin/TransferHandlerRegistryImpl/REITooltipPlugin of REITooltipPlugin [appleskin]/"
[13:59:23] [REI-ReloadPlugins/TRACE] [REI] [REIClientPlugin START] Reloading Section: "reloadable-plugin/TransferHandlerRegistryImpl/REITooltipPlugin of REITooltipPlugin [appleskin]/" done in 9.300 μs
[13:59:23] [REI-ReloadPlugins/TRACE] [REI] [REIClientPlugin START] Reloading Section: "reloadable-plugin/TransferHandlerRegistryImpl/AdAstraReiPlugin of AdAstraReiPlugin [ad_astra]/"
[13:59:23] [REI-ReloadPlugins/TRACE] [REI] [REIClientPlugin START] Reloading Section: "reloadable-plugin/TransferHandlerRegistryImpl/AdAstraReiPlugin of AdAstraReiPlugin [ad_astra]/" done in 9.100 μs
[13:59:23] [REI-ReloadPlugins/TRACE] [REI] [REIClientPlugin START] Reloading Section: "reloadable-plugin/TransferHandlerRegistryImpl/ReiRecipeAction of ReiRecipeAction [wthit]/"
[13:59:23] [REI-ReloadPlugins/TRACE] [REI] [REIClientPlugin START] Reloading Section: "reloadable-plugin/TransferHandlerRegistryImpl/ReiRecipeAction of ReiRecipeAction [wthit]/" done in 9.000 μs
[13:59:23] [REI-ReloadPlugins/TRACE] [REI] [REIClientPlugin START] Reloading Section: "reloadable-plugin/TransferHandlerRegistryImpl/" done in 7.653 ms
[13:59:23] [REI-ReloadPlugins/TRACE] [REI] [REIClientPlugin START] Reloading Section: "reloadable-plugin/SearchRuntime/"
[13:59:23] [REI-ReloadPlugins/TRACE] [REI] [REIClientPlugin START] Reloading Section: "reloadable-plugin/SearchRuntime/DefaultClientPlugin of DefaultClientPlugin [roughlyenoughitems]/"
[13:59:23] [REI-ReloadPlugins/TRACE] [REI] [REIClientPlugin START] Reloading Section: "reloadable-plugin/SearchRuntime/DefaultClientPlugin of DefaultClientPlugin [roughlyenoughitems]/" done in 9.200 μs
[13:59:23] [REI-ReloadPlugins/TRACE] [REI] [REIClientPlugin START] Reloading Section: "reloadable-plugin/SearchRuntime/REICompat of REICompat [sliceanddice]/"
[13:59:23] [REI-ReloadPlugins/TRACE] [REI] [REIClientPlugin START] Reloading Section: "reloadable-plugin/SearchRuntime/REICompat of REICompat [sliceanddice]/" done in 12.20 μs
[13:59:23] [REI-ReloadPlugins/TRACE] [REI] [REIClientPlugin START] Reloading Section: "reloadable-plugin/SearchRuntime/HideIngredientsFromTagsPlugin of HideIngredientsFromTagsPlugin [roughlyenoughitems]/"
[13:59:23] [REI-ReloadPlugins/TRACE] [REI] [REIClientPlugin START] Reloading Section: "reloadable-plugin/SearchRuntime/HideIngredientsFromTagsPlugin of HideIngredientsFromTagsPlugin [roughlyenoughitems]/" done in 10.70 μs
[13:59:23] [REI-ReloadPlugins/TRACE] [REI] [REIClientPlugin START] Reloading Section: "reloadable-plugin/SearchRuntime/DefaultClientRuntimePlugin of DefaultClientRuntimePlugin [roughlyenoughitems]/"
[13:59:23] [REI-ReloadPlugins/TRACE] [REI] [REIClientPlugin START] Reloading Section: "reloadable-plugin/SearchRuntime/DefaultClientRuntimePlugin of DefaultClientRuntimePlugin [roughlyenoughitems]/" done in 10.80 μs
[13:59:23] [REI-ReloadPlugins/TRACE] [REI] [REIClientPlugin START] Reloading Section: "reloadable-plugin/SearchRuntime/ClientREIPlugin of ClientREIPlugin [farmersdelight]/"
[13:59:23] [REI-ReloadPlugins/TRACE] [REI] [REIClientPlugin START] Reloading Section: "reloadable-plugin/SearchRuntime/ClientREIPlugin of ClientREIPlugin [farmersdelight]/" done in 10.80 μs
[13:59:23] [REI-ReloadPlugins/TRACE] [REI] [REIClientPlugin START] Reloading Section: "reloadable-plugin/SearchRuntime/ExpandedDelightREI of ExpandedDelightREI [expandeddelight]/"
[13:59:23] [REI-ReloadPlugins/TRACE] [REI] [REIClientPlugin START] Reloading Section: "reloadable-plugin/SearchRuntime/ExpandedDelightREI of ExpandedDelightREI [expandeddelight]/" done in 10.90 μs
[13:59:23] [REI-ReloadPlugins/TRACE] [REI] [REIClientPlugin START] Reloading Section: "reloadable-plugin/SearchRuntime/CreateAdditionREI of CreateAdditionREI [createaddition]/"
[13:59:23] [REI-ReloadPlugins/TRACE] [REI] [REIClientPlugin START] Reloading Section: "reloadable-plugin/SearchRuntime/CreateAdditionREI of CreateAdditionREI [createaddition]/" done in 12.10 μs
[13:59:23] [REI-ReloadPlugins/TRACE] [REI] [REIClientPlugin START] Reloading Section: "reloadable-plugin/SearchRuntime/NewAgeReiPlugin of NewAgeReiPlugin [create_new_age]/"
[13:59:23] [REI-ReloadPlugins/TRACE] [REI] [REIClientPlugin START] Reloading Section: "reloadable-plugin/SearchRuntime/NewAgeReiPlugin of NewAgeReiPlugin [create_new_age]/" done in 16.30 μs
[13:59:23] [REI-ReloadPlugins/TRACE] [REI] [REIClientPlugin START] Reloading Section: "reloadable-plugin/SearchRuntime/create:rei_plugin of create:rei_plugin [create]/"
[13:59:23] [REI-ReloadPlugins/TRACE] [REI] [REIClientPlugin START] Reloading Section: "reloadable-plugin/SearchRuntime/create:rei_plugin of create:rei_plugin [create]/" done in 11.10 μs
[13:59:23] [REI-ReloadPlugins/TRACE] [REI] [REIClientPlugin START] Reloading Section: "reloadable-plugin/SearchRuntime/ChiselREI of ChiselREI [chisel]/"
[13:59:23] [REI-ReloadPlugins/TRACE] [REI] [REIClientPlugin START] Reloading Section: "reloadable-plugin/SearchRuntime/ChiselREI of ChiselREI [chisel]/" done in 11.10 μs
[13:59:23] [REI-ReloadPlugins/TRACE] [REI] [REIClientPlugin START] Reloading Section: "reloadable-plugin/SearchRuntime/REITooltipPlugin of REITooltipPlugin [appleskin]/"
[13:59:23] [REI-ReloadPlugins/TRACE] [REI] [REIClientPlugin START] Reloading Section: "reloadable-plugin/SearchRuntime/REITooltipPlugin of REITooltipPlugin [appleskin]/" done in 10.50 μs
[13:59:23] [REI-ReloadPlugins/TRACE] [REI] [REIClientPlugin START] Reloading Section: "reloadable-plugin/SearchRuntime/AdAstraReiPlugin of AdAstraReiPlugin [ad_astra]/"
[13:59:23] [REI-ReloadPlugins/TRACE] [REI] [REIClientPlugin START] Reloading Section: "reloadable-plugin/SearchRuntime/AdAstraReiPlugin of AdAstraReiPlugin [ad_astra]/" done in 10.40 μs
[13:59:23] [REI-ReloadPlugins/TRACE] [REI] [REIClientPlugin START] Reloading Section: "reloadable-plugin/SearchRuntime/ReiRecipeAction of ReiRecipeAction [wthit]/"
[13:59:23] [REI-ReloadPlugins/TRACE] [REI] [REIClientPlugin START] Reloading Section: "reloadable-plugin/SearchRuntime/ReiRecipeAction of ReiRecipeAction [wthit]/" done in 9.900 μs
[13:59:23] [REI-ReloadPlugins/TRACE] [REI] [REIClientPlugin START] Reloading Section: "reloadable-plugin/SearchRuntime/" done in 1.848 ms
[13:59:23] [REI-ReloadPlugins/TRACE] [REI] [REIClientPlugin START] Reloading Section: "reloadable-plugin/REIRuntimeImpl/"
[13:59:23] [REI-ReloadPlugins/TRACE] [REI] [REIClientPlugin START] Reloading Section: "reloadable-plugin/REIRuntimeImpl/DefaultClientPlugin of DefaultClientPlugin [roughlyenoughitems]/"
[13:59:23] [REI-ReloadPlugins/TRACE] [REI] [REIClientPlugin START] Reloading Section: "reloadable-plugin/REIRuntimeImpl/DefaultClientPlugin of DefaultClientPlugin [roughlyenoughitems]/" done in 14.60 μs
[13:59:23] [REI-ReloadPlugins/TRACE] [REI] [REIClientPlugin START] Reloading Section: "reloadable-plugin/REIRuntimeImpl/REICompat of REICompat [sliceanddice]/"
[13:59:23] [REI-ReloadPlugins/TRACE] [REI] [REIClientPlugin START] Reloading Section: "reloadable-plugin/REIRuntimeImpl/REICompat of REICompat [sliceanddice]/" done in 11.10 μs
[13:59:23] [REI-ReloadPlugins/TRACE] [REI] [REIClientPlugin START] Reloading Section: "reloadable-plugin/REIRuntimeImpl/HideIngredientsFromTagsPlugin of HideIngredientsFromTagsPlugin [roughlyenoughitems]/"
[13:59:23] [REI-ReloadPlugins/TRACE] [REI] [REIClientPlugin START] Reloading Section: "reloadable-plugin/REIRuntimeImpl/HideIngredientsFromTagsPlugin of HideIngredientsFromTagsPlugin [roughlyenoughitems]/" done in 11.40 μs
[13:59:23] [REI-ReloadPlugins/TRACE] [REI] [REIClientPlugin START] Reloading Section: "reloadable-plugin/REIRuntimeImpl/DefaultClientRuntimePlugin of DefaultClientRuntimePlugin [roughlyenoughitems]/"
[13:59:23] [REI-ReloadPlugins/TRACE] [REI] [REIClientPlugin START] Reloading Section: "reloadable-plugin/REIRuntimeImpl/DefaultClientRuntimePlugin of DefaultClientRuntimePlugin [roughlyenoughitems]/" done in 11.50 μs
[13:59:23] [REI-ReloadPlugins/TRACE] [REI] [REIClientPlugin START] Reloading Section: "reloadable-plugin/REIRuntimeImpl/ClientREIPlugin of ClientREIPlugin [farmersdelight]/"
[13:59:23] [REI-ReloadPlugins/TRACE] [REI] [REIClientPlugin START] Reloading Section: "reloadable-plugin/REIRuntimeImpl/ClientREIPlugin of ClientREIPlugin [farmersdelight]/" done in 10.00 μs
[13:59:23] [REI-ReloadPlugins/TRACE] [REI] [REIClientPlugin START] Reloading Section: "reloadable-plugin/REIRuntimeImpl/ExpandedDelightREI of ExpandedDelightREI [expandeddelight]/"
[13:59:23] [REI-ReloadPlugins/TRACE] [REI] [REIClientPlugin START] Reloading Section: "reloadable-plugin/REIRuntimeImpl/ExpandedDelightREI of ExpandedDelightREI [expandeddelight]/" done in 10.60 μs
[13:59:23] [REI-ReloadPlugins/TRACE] [REI] [REIClientPlugin START] Reloading Section: "reloadable-plugin/REIRuntimeImpl/CreateAdditionREI of CreateAdditionREI [createaddition]/"
[13:59:23] [REI-ReloadPlugins/TRACE] [REI] [REIClientPlugin START] Reloading Section: "reloadable-plugin/REIRuntimeImpl/CreateAdditionREI of CreateAdditionREI [createaddition]/" done in 11.70 μs
[13:59:23] [REI-ReloadPlugins/TRACE] [REI] [REIClientPlugin START] Reloading Section: "reloadable-plugin/REIRuntimeImpl/NewAgeReiPlugin of NewAgeReiPlugin [create_new_age]/"
[13:59:23] [REI-ReloadPlugins/TRACE] [REI] [REIClientPlugin START] Reloading Section: "reloadable-plugin/REIRuntimeImpl/NewAgeReiPlugin of NewAgeReiPlugin [create_new_age]/" done in 11.10 μs
[13:59:23] [REI-ReloadPlugins/TRACE] [REI] [REIClientPlugin START] Reloading Section: "reloadable-plugin/REIRuntimeImpl/create:rei_plugin of create:rei_plugin [create]/"
[13:59:23] [REI-ReloadPlugins/TRACE] [REI] [REIClientPlugin START] Reloading Section: "reloadable-plugin/REIRuntimeImpl/create:rei_plugin of create:rei_plugin [create]/" done in 12.10 μs
[13:59:23] [REI-ReloadPlugins/TRACE] [REI] [REIClientPlugin START] Reloading Section: "reloadable-plugin/REIRuntimeImpl/ChiselREI of ChiselREI [chisel]/"
[13:59:23] [REI-ReloadPlugins/TRACE] [REI] [REIClientPlugin START] Reloading Section: "reloadable-plugin/REIRuntimeImpl/ChiselREI of ChiselREI [chisel]/" done in 9.800 μs
[13:59:23] [REI-ReloadPlugins/TRACE] [REI] [REIClientPlugin START] Reloading Section: "reloadable-plugin/REIRuntimeImpl/REITooltipPlugin of REITooltipPlugin [appleskin]/"
[13:59:23] [REI-ReloadPlugins/TRACE] [REI] [REIClientPlugin START] Reloading Section: "reloadable-plugin/REIRuntimeImpl/REITooltipPlugin of REITooltipPlugin [appleskin]/" done in 9.500 μs
[13:59:23] [REI-ReloadPlugins/TRACE] [REI] [REIClientPlugin START] Reloading Section: "reloadable-plugin/REIRuntimeImpl/AdAstraReiPlugin of AdAstraReiPlugin [ad_astra]/"
[13:59:23] [REI-ReloadPlugins/TRACE] [REI] [REIClientPlugin START] Reloading Section: "reloadable-plugin/REIRuntimeImpl/AdAstraReiPlugin of AdAstraReiPlugin [ad_astra]/" done in 11.20 μs
[13:59:23] [REI-ReloadPlugins/TRACE] [REI] [REIClientPlugin START] Reloading Section: "reloadable-plugin/REIRuntimeImpl/ReiRecipeAction of ReiRecipeAction [wthit]/"
[13:59:23] [REI-ReloadPlugins/TRACE] [REI] [REIClientPlugin START] Reloading Section: "reloadable-plugin/REIRuntimeImpl/ReiRecipeAction of ReiRecipeAction [wthit]/" done in 10.20 μs
[13:59:23] [REI-ReloadPlugins/TRACE] [REI] [REIClientPlugin START] Reloading Section: "reloadable-plugin/REIRuntimeImpl/" done in 1.820 ms
[13:59:23] [REI-ReloadPlugins/TRACE] [REI] [REIClientPlugin START] Reloading Section: "reloadable-plugin/ConfigAddonRegistryImpl/"
[13:59:23] [REI-ReloadPlugins/TRACE] [REI] [REIClientPlugin START] Reloading Section: "reloadable-plugin/ConfigAddonRegistryImpl/DefaultClientPlugin of DefaultClientPlugin [roughlyenoughitems]/"
[13:59:23] [REI-ReloadPlugins/TRACE] [REI] [REIClientPlugin START] Reloading Section: "reloadable-plugin/ConfigAddonRegistryImpl/DefaultClientPlugin of DefaultClientPlugin [roughlyenoughitems]/" done in 22.80 μs
[13:59:23] [REI-ReloadPlugins/TRACE] [REI] [REIClientPlugin START] Reloading Section: "reloadable-plugin/ConfigAddonRegistryImpl/REICompat of REICompat [sliceanddice]/"
[13:59:23] [REI-ReloadPlugins/TRACE] [REI] [REIClientPlugin START] Reloading Section: "reloadable-plugin/ConfigAddonRegistryImpl/REICompat of REICompat [sliceanddice]/" done in 11.00 μs
[13:59:23] [REI-ReloadPlugins/TRACE] [REI] [REIClientPlugin START] Reloading Section: "reloadable-plugin/ConfigAddonRegistryImpl/HideIngredientsFromTagsPlugin of HideIngredientsFromTagsPlugin [roughlyenoughitems]/"
[13:59:23] [REI-ReloadPlugins/TRACE] [REI] [REIClientPlugin START] Reloading Section: "reloadable-plugin/ConfigAddonRegistryImpl/HideIngredientsFromTagsPlugin of HideIngredientsFromTagsPlugin [roughlyenoughitems]/" done in 10.80 μs
[13:59:23] [REI-ReloadPlugins/TRACE] [REI] [REIClientPlugin START] Reloading Section: "reloadable-plugin/ConfigAddonRegistryImpl/DefaultClientRuntimePlugin of DefaultClientRuntimePlugin [roughlyenoughitems]/"
[13:59:23] [REI-ReloadPlugins/TRACE] [REI] [REIClientPlugin START] Reloading Section: "reloadable-plugin/ConfigAddonRegistryImpl/DefaultClientRuntimePlugin of DefaultClientRuntimePlugin [roughlyenoughitems]/" done in 13.30 μs
[13:59:23] [REI-ReloadPlugins/TRACE] [REI] [REIClientPlugin START] Reloading Section: "reloadable-plugin/ConfigAddonRegistryImpl/ClientREIPlugin of ClientREIPlugin [farmersdelight]/"
[13:59:23] [REI-ReloadPlugins/TRACE] [REI] [REIClientPlugin START] Reloading Section: "reloadable-plugin/ConfigAddonRegistryImpl/ClientREIPlugin of ClientREIPlugin [farmersdelight]/" done in 13.40 μs
[13:59:23] [REI-ReloadPlugins/TRACE] [REI] [REIClientPlugin START] Reloading Section: "reloadable-plugin/ConfigAddonRegistryImpl/ExpandedDelightREI of ExpandedDelightREI [expandeddelight]/"
[13:59:23] [REI-ReloadPlugins/TRACE] [REI] [REIClientPlugin START] Reloading Section: "reloadable-plugin/ConfigAddonRegistryImpl/ExpandedDelightREI of ExpandedDelightREI [expandeddelight]/" done in 9.800 μs
[13:59:23] [REI-ReloadPlugins/TRACE] [REI] [REIClientPlugin START] Reloading Section: "reloadable-plugin/ConfigAddonRegistryImpl/CreateAdditionREI of CreateAdditionREI [createaddition]/"
[13:59:23] [REI-ReloadPlugins/TRACE] [REI] [REIClientPlugin START] Reloading Section: "reloadable-plugin/ConfigAddonRegistryImpl/CreateAdditionREI of CreateAdditionREI [createaddition]/" done in 10.40 μs
[13:59:23] [REI-ReloadPlugins/TRACE] [REI] [REIClientPlugin START] Reloading Section: "reloadable-plugin/ConfigAddonRegistryImpl/NewAgeReiPlugin of NewAgeReiPlugin [create_new_age]/"
[13:59:23] [REI-ReloadPlugins/TRACE] [REI] [REIClientPlugin START] Reloading Section: "reloadable-plugin/ConfigAddonRegistryImpl/NewAgeReiPlugin of NewAgeReiPlugin [create_new_age]/" done in 9.300 μs
[13:59:23] [REI-ReloadPlugins/TRACE] [REI] [REIClientPlugin START] Reloading Section: "reloadable-plugin/ConfigAddonRegistryImpl/create:rei_plugin of create:rei_plugin [create]/"
[13:59:23] [REI-ReloadPlugins/TRACE] [REI] [REIClientPlugin START] Reloading Section: "reloadable-plugin/ConfigAddonRegistryImpl/create:rei_plugin of create:rei_plugin [create]/" done in 9.300 μs
[13:59:23] [REI-ReloadPlugins/TRACE] [REI] [REIClientPlugin START] Reloading Section: "reloadable-plugin/ConfigAddonRegistryImpl/ChiselREI of ChiselREI [chisel]/"
[13:59:23] [REI-ReloadPlugins/TRACE] [REI] [REIClientPlugin START] Reloading Section: "reloadable-plugin/ConfigAddonRegistryImpl/ChiselREI of ChiselREI [chisel]/" done in 9.700 μs
[13:59:23] [REI-ReloadPlugins/TRACE] [REI] [REIClientPlugin START] Reloading Section: "reloadable-plugin/ConfigAddonRegistryImpl/REITooltipPlugin of REITooltipPlugin [appleskin]/"
[13:59:23] [REI-ReloadPlugins/TRACE] [REI] [REIClientPlugin START] Reloading Section: "reloadable-plugin/ConfigAddonRegistryImpl/REITooltipPlugin of REITooltipPlugin [appleskin]/" done in 12.60 μs
[13:59:23] [REI-ReloadPlugins/TRACE] [REI] [REIClientPlugin START] Reloading Section: "reloadable-plugin/ConfigAddonRegistryImpl/AdAstraReiPlugin of AdAstraReiPlugin [ad_astra]/"
[13:59:23] [REI-ReloadPlugins/TRACE] [REI] [REIClientPlugin START] Reloading Section: "reloadable-plugin/ConfigAddonRegistryImpl/AdAstraReiPlugin of AdAstraReiPlugin [ad_astra]/" done in 10.20 μs
[13:59:23] [REI-ReloadPlugins/TRACE] [REI] [REIClientPlugin START] Reloading Section: "reloadable-plugin/ConfigAddonRegistryImpl/ReiRecipeAction of ReiRecipeAction [wthit]/"
[13:59:23] [REI-ReloadPlugins/TRACE] [REI] [REIClientPlugin START] Reloading Section: "reloadable-plugin/ConfigAddonRegistryImpl/ReiRecipeAction of ReiRecipeAction [wthit]/" done in 10.90 μs
[13:59:23] [REI-ReloadPlugins/TRACE] [REI] [REIClientPlugin START] Reloading Section: "reloadable-plugin/ConfigAddonRegistryImpl/" done in 1.685 ms
[13:59:23] [REI-ReloadPlugins/TRACE] [REI] [REIClientPlugin START] Reloading Section: "reloadable-plugin/me.shedaniel.rei.plugin.client.runtime.PluginStageExecutionWatcher$1/"
[13:59:23] [REI-ReloadPlugins/TRACE] [REI] [REIClientPlugin START] Reloading Section: "reloadable-plugin/me.shedaniel.rei.plugin.client.runtime.PluginStageExecutionWatcher$1/DefaultClientPlugin of DefaultClientPlugin [roughlyenoughitems]/"
[13:59:23] [REI-ReloadPlugins/TRACE] [REI] [REIClientPlugin START] Reloading Section: "reloadable-plugin/me.shedaniel.rei.plugin.client.runtime.PluginStageExecutionWatcher$1/DefaultClientPlugin of DefaultClientPlugin [roughlyenoughitems]/" done in 11.00 μs
[13:59:23] [REI-ReloadPlugins/TRACE] [REI] [REIClientPlugin START] Reloading Section: "reloadable-plugin/me.shedaniel.rei.plugin.client.runtime.PluginStageExecutionWatcher$1/REICompat of REICompat [sliceanddice]/"
[13:59:23] [REI-ReloadPlugins/TRACE] [REI] [REIClientPlugin START] Reloading Section: "reloadable-plugin/me.shedaniel.rei.plugin.client.runtime.PluginStageExecutionWatcher$1/REICompat of REICompat [sliceanddice]/" done in 11.60 μs
[13:59:23] [REI-ReloadPlugins/TRACE] [REI] [REIClientPlugin START] Reloading Section: "reloadable-plugin/me.shedaniel.rei.plugin.client.runtime.PluginStageExecutionWatcher$1/HideIngredientsFromTagsPlugin of HideIngredientsFromTagsPlugin [roughlyenoughitems]/"
[13:59:23] [REI-ReloadPlugins/TRACE] [REI] [REIClientPlugin START] Reloading Section: "reloadable-plugin/me.shedaniel.rei.plugin.client.runtime.PluginStageExecutionWatcher$1/HideIngredientsFromTagsPlugin of HideIngredientsFromTagsPlugin [roughlyenoughitems]/" done in 25.80 μs
[13:59:23] [REI-ReloadPlugins/TRACE] [REI] [REIClientPlugin START] Reloading Section: "reloadable-plugin/me.shedaniel.rei.plugin.client.runtime.PluginStageExecutionWatcher$1/DefaultClientRuntimePlugin of DefaultClientRuntimePlugin [roughlyenoughitems]/"
[13:59:23] [REI-ReloadPlugins/TRACE] [REI] [REIClientPlugin START] Reloading Section: "reloadable-plugin/me.shedaniel.rei.plugin.client.runtime.PluginStageExecutionWatcher$1/DefaultClientRuntimePlugin of DefaultClientRuntimePlugin [roughlyenoughitems]/" done in 13.90 μs
[13:59:23] [REI-ReloadPlugins/TRACE] [REI] [REIClientPlugin START] Reloading Section: "reloadable-plugin/me.shedaniel.rei.plugin.client.runtime.PluginStageExecutionWatcher$1/ClientREIPlugin of ClientREIPlugin [farmersdelight]/"
[13:59:23] [REI-ReloadPlugins/TRACE] [REI] [REIClientPlugin START] Reloading Section: "reloadable-plugin/me.shedaniel.rei.plugin.client.runtime.PluginStageExecutionWatcher$1/ClientREIPlugin of ClientREIPlugin [farmersdelight]/" done in 27.00 μs
[13:59:23] [REI-ReloadPlugins/TRACE] [REI] [REIClientPlugin START] Reloading Section: "reloadable-plugin/me.shedaniel.rei.plugin.client.runtime.PluginStageExecutionWatcher$1/ExpandedDelightREI of ExpandedDelightREI [expandeddelight]/"
[13:59:23] [REI-ReloadPlugins/TRACE] [REI] [REIClientPlugin START] Reloading Section: "reloadable-plugin/me.shedaniel.rei.plugin.client.runtime.PluginStageExecutionWatcher$1/ExpandedDelightREI of ExpandedDelightREI [expandeddelight]/" done in 11.70 μs
[13:59:23] [REI-ReloadPlugins/TRACE] [REI] [REIClientPlugin START] Reloading Section: "reloadable-plugin/me.shedaniel.rei.plugin.client.runtime.PluginStageExecutionWatcher$1/CreateAdditionREI of CreateAdditionREI [createaddition]/"
[13:59:23] [REI-ReloadPlugins/TRACE] [REI] [REIClientPlugin START] Reloading Section: "reloadable-plugin/me.shedaniel.rei.plugin.client.runtime.PluginStageExecutionWatcher$1/CreateAdditionREI of CreateAdditionREI [createaddition]/" done in 47.30 μs
[13:59:23] [REI-ReloadPlugins/TRACE] [REI] [REIClientPlugin START] Reloading Section: "reloadable-plugin/me.shedaniel.rei.plugin.client.runtime.PluginStageExecutionWatcher$1/NewAgeReiPlugin of NewAgeReiPlugin [create_new_age]/"
[13:59:23] [REI-ReloadPlugins/TRACE] [REI] [REIClientPlugin START] Reloading Section: "reloadable-plugin/me.shedaniel.rei.plugin.client.runtime.PluginStageExecutionWatcher$1/NewAgeReiPlugin of NewAgeReiPlugin [create_new_age]/" done in 10.50 μs
[13:59:23] [REI-ReloadPlugins/TRACE] [REI] [REIClientPlugin START] Reloading Section: "reloadable-plugin/me.shedaniel.rei.plugin.client.runtime.PluginStageExecutionWatcher$1/create:rei_plugin of create:rei_plugin [create]/"
[13:59:23] [REI-ReloadPlugins/TRACE] [REI] [REIClientPlugin START] Reloading Section: "reloadable-plugin/me.shedaniel.rei.plugin.client.runtime.PluginStageExecutionWatcher$1/create:rei_plugin of create:rei_plugin [create]/" done in 11.30 μs
[13:59:23] [REI-ReloadPlugins/TRACE] [REI] [REIClientPlugin START] Reloading Section: "reloadable-plugin/me.shedaniel.rei.plugin.client.runtime.PluginStageExecutionWatcher$1/ChiselREI of ChiselREI [chisel]/"
[13:59:23] [REI-ReloadPlugins/TRACE] [REI] [REIClientPlugin START] Reloading Section: "reloadable-plugin/me.shedaniel.rei.plugin.client.runtime.PluginStageExecutionWatcher$1/ChiselREI of ChiselREI [chisel]/" done in 10.90 μs
[13:59:23] [REI-ReloadPlugins/TRACE] [REI] [REIClientPlugin START] Reloading Section: "reloadable-plugin/me.shedaniel.rei.plugin.client.runtime.PluginStageExecutionWatcher$1/REITooltipPlugin of REITooltipPlugin [appleskin]/"
[13:59:23] [REI-ReloadPlugins/TRACE] [REI] [REIClientPlugin START] Reloading Section: "reloadable-plugin/me.shedaniel.rei.plugin.client.runtime.PluginStageExecutionWatcher$1/REITooltipPlugin of REITooltipPlugin [appleskin]/" done in 10.20 μs
[13:59:23] [REI-ReloadPlugins/TRACE] [REI] [REIClientPlugin START] Reloading Section: "reloadable-plugin/me.shedaniel.rei.plugin.client.runtime.PluginStageExecutionWatcher$1/AdAstraReiPlugin of AdAstraReiPlugin [ad_astra]/"
[13:59:23] [REI-ReloadPlugins/TRACE] [REI] [REIClientPlugin START] Reloading Section: "reloadable-plugin/me.shedaniel.rei.plugin.client.runtime.PluginStageExecutionWatcher$1/AdAstraReiPlugin of AdAstraReiPlugin [ad_astra]/" done in 16.30 μs
[13:59:23] [REI-ReloadPlugins/TRACE] [REI] [REIClientPlugin START] Reloading Section: "reloadable-plugin/me.shedaniel.rei.plugin.client.runtime.PluginStageExecutionWatcher$1/ReiRecipeAction of ReiRecipeAction [wthit]/"
[13:59:23] [REI-ReloadPlugins/TRACE] [REI] [REIClientPlugin START] Reloading Section: "reloadable-plugin/me.shedaniel.rei.plugin.client.runtime.PluginStageExecutionWatcher$1/ReiRecipeAction of ReiRecipeAction [wthit]/" done in 13.90 μs
[13:59:23] [REI-ReloadPlugins/TRACE] [REI] [REIClientPlugin START] Reloading Section: "reloadable-plugin/me.shedaniel.rei.plugin.client.runtime.PluginStageExecutionWatcher$1/" done in 1.924 ms
[13:59:23] [REI-ReloadPlugins/DEBUG] [REI] ========================================
[13:59:23] [REI-ReloadPlugins/DEBUG] [REI] REIClientPlugin ending main-reload for START.
[13:59:23] [REI-ReloadPlugins/DEBUG] [REI] ========================================
[13:59:23] [REI-ReloadPlugins/TRACE] [REI] [REIClientPlugin START] Reloading Section: "end-reload/"
[13:59:23] [REI-ReloadPlugins/TRACE] [REI] [REIClientPlugin START] Reloading Section: "end-reload/EntryRendererRegistryImpl/"
[13:59:23] [REI-ReloadPlugins/TRACE] [REI] [REIClientPlugin START] Reloading Section: "end-reload/EntryRendererRegistryImpl/" done in 6.000 μs
[13:59:23] [REI-ReloadPlugins/TRACE] [REI] [REIClientPlugin START] Reloading Section: "end-reload/ViewsImpl/"
[13:59:23] [REI-ReloadPlugins/TRACE] [REI] [REIClientPlugin START] Reloading Section: "end-reload/ViewsImpl/" done in 7.900 μs
[13:59:23] [REI-ReloadPlugins/TRACE] [REI] [REIClientPlugin START] Reloading Section: "end-reload/InputMethodRegistryImpl/"
[13:59:23] [REI-ReloadPlugins/TRACE] [REI] [REIClientPlugin START] Reloading Section: "end-reload/InputMethodRegistryImpl/" done in 6.000 μs
[13:59:23] [REI-ReloadPlugins/TRACE] [REI] [REIClientPlugin START] Reloading Section: "end-reload/SearchProviderImpl/"
[13:59:23] [REI-ReloadPlugins/TRACE] [REI] [REIClientPlugin START] Reloading Section: "end-reload/SearchProviderImpl/" done in 10.50 μs
[13:59:23] [REI-ReloadPlugins/TRACE] [REI] [REIClientPlugin START] Reloading Section: "end-reload/ConfigManagerImpl/"
[13:59:23] [REI-ReloadPlugins/TRACE] [REI] [REIClientPlugin START] Reloading Section: "end-reload/ConfigManagerImpl/" done in 8.100 μs
[13:59:23] [REI-ReloadPlugins/TRACE] [REI] [REIClientPlugin START] Reloading Section: "end-reload/EntryRegistryImpl/"
[13:59:23] [REI-ReloadPlugins/DEBUG] [REI] Config saved
[13:59:23] [REI-ReloadPlugins/DEBUG] [REI] Refiltered rule [INSTANCE] in 14.21 ms.
[13:59:23] [REI-ReloadPlugins/DEBUG] [REI] Refiltered rule [INSTANCE] in 4.332 ms.
[13:59:23] [REI-ReloadPlugins/DEBUG] [REI] Refiltered rule [INSTANCE] in 3.953 ms.
[13:59:23] [REI-ReloadPlugins/DEBUG] [REI] Refiltered 5374 entries with 3 rules in 103.9 ms.
[13:59:23] [REI-ReloadPlugins/DEBUG] [REI] Computed existing filtered displays with 3 rules in 11.10 ms
[13:59:23] [REI-ReloadPlugins/DEBUG] [REI] Reloaded entry registry with 5374 entries and 5373 filtered entries
[13:59:23] [REI-ReloadPlugins/TRACE] [REI] [REIClientPlugin START] Reloading Section: "end-reload/EntryRegistryImpl/" done in 123.7 ms
[13:59:23] [REI-ReloadPlugins/TRACE] [REI] [REIClientPlugin START] Reloading Section: "end-reload/CollapsibleEntryRegistryImpl/"
[13:59:23] [REI-ReloadPlugins/TRACE] [REI] [REIClientPlugin START] Reloading Section: "end-reload/CollapsibleEntryRegistryImpl/" done in 10.50 μs
[13:59:23] [REI-ReloadPlugins/TRACE] [REI] [REIClientPlugin START] Reloading Section: "end-reload/BasicFilteringRuleImpl/"
[13:59:23] [REI-ReloadPlugins/TRACE] [REI] [REIClientPlugin START] Reloading Section: "end-reload/BasicFilteringRuleImpl/" done in 6.500 μs
[13:59:23] [REI-ReloadPlugins/TRACE] [REI] [REIClientPlugin START] Reloading Section: "end-reload/CategoryRegistryImpl/"
[13:59:23] [REI-ReloadPlugins/TRACE] [REI] [REIClientPlugin START] Reloading Section: "end-reload/CategoryRegistryImpl/" done in 5.100 μs
[13:59:23] [REI-ReloadPlugins/TRACE] [REI] [REIClientPlugin START] Reloading Section: "end-reload/DisplayRegistryImpl/"
[13:59:23] [REI-ReloadPlugins/TRACE] [REI] [REIClientPlugin START] Reloading Section: "end-reload/DisplayRegistryImpl/" done in 5.300 μs
[13:59:23] [REI-ReloadPlugins/TRACE] [REI] [REIClientPlugin START] Reloading Section: "end-reload/ScreenRegistryImpl/"
[13:59:23] [REI-ReloadPlugins/DEBUG] [REI] Registered 5 overlay deciders and 5 exclusion zones
[13:59:23] [REI-ReloadPlugins/TRACE] [REI] [REIClientPlugin START] Reloading Section: "end-reload/ScreenRegistryImpl/" done in 97.50 μs
[13:59:23] [REI-ReloadPlugins/TRACE] [REI] [REIClientPlugin START] Reloading Section: "end-reload/FavoriteEntryTypeRegistryImpl/"
[13:59:23] [REI-ReloadPlugins/DEBUG] [REI] Config saved
[13:59:23] [REI-ReloadPlugins/DEBUG] [REI] Registered 5 favorite entry types
[13:59:23] [REI-ReloadPlugins/TRACE] [REI] [REIClientPlugin START] Reloading Section: "end-reload/FavoriteEntryTypeRegistryImpl/" done in 8.031 ms
[13:59:23] [REI-ReloadPlugins/TRACE] [REI] [REIClientPlugin START] Reloading Section: "end-reload/SubsetsRegistryImpl/"
[13:59:23] [REI-ReloadPlugins/TRACE] [REI] [REIClientPlugin START] Reloading Section: "end-reload/SubsetsRegistryImpl/" done in 17.00 μs
[13:59:23] [REI-ReloadPlugins/TRACE] [REI] [REIClientPlugin START] Reloading Section: "end-reload/TransferHandlerRegistryImpl/"
[13:59:23] [REI-ReloadPlugins/TRACE] [REI] [REIClientPlugin START] Reloading Section: "end-reload/TransferHandlerRegistryImpl/" done in 4.700 μs
[13:59:23] [REI-ReloadPlugins/TRACE] [REI] [REIClientPlugin START] Reloading Section: "end-reload/SearchRuntime/"
[13:59:23] [REI-ReloadPlugins/TRACE] [REI] Preparing 37618 stacks for search arguments
[13:59:23] [Render thread/WARN] [REI] Suppressing Reload Plugins of stage START
[13:59:25] [REI-ReloadPlugins/TRACE] [REI] Prepared 37618 / 37618 stacks for search arguments in 1116ms
[13:59:25] [REI-ReloadPlugins/DEBUG] [REI] Preparing collapsed entry groups cache with 0 entries and 5374 stacks
[13:59:25] [REI-ReloadPlugins/DEBUG] [REI] Prepared collapsed entry groups cache with 0 entries and 5374 stacks
[13:59:25] [REI-ReloadPlugins/TRACE] [REI] [REIClientPlugin START] Reloading Section: "end-reload/SearchRuntime/" done in 1.138 s
[13:59:25] [REI-ReloadPlugins/TRACE] [REI] [REIClientPlugin START] Reloading Section: "end-reload/REIRuntimeImpl/"
[13:59:25] [REI-ReloadPlugins/TRACE] [REI] [REIClientPlugin START] Reloading Section: "end-reload/REIRuntimeImpl/" done in 543.8 μs
[13:59:25] [REI-ReloadPlugins/TRACE] [REI] [REIClientPlugin START] Reloading Section: "end-reload/ConfigAddonRegistryImpl/"
[13:59:25] [REI-ReloadPlugins/TRACE] [REI] [REIClientPlugin START] Reloading Section: "end-reload/ConfigAddonRegistryImpl/" done in 35.30 μs
[13:59:25] [REI-ReloadPlugins/TRACE] [REI] [REIClientPlugin START] Reloading Section: "end-reload/me.shedaniel.rei.plugin.client.runtime.PluginStageExecutionWatcher$1/"
[13:59:25] [REI-ReloadPlugins/TRACE] [REI] [REIClientPlugin START] Reloading Section: "end-reload/me.shedaniel.rei.plugin.client.runtime.PluginStageExecutionWatcher$1/" done in 5.300 μs
[13:59:25] [REI-ReloadPlugins/TRACE] [REI] [REIClientPlugin START] Reloading Section: "end-reload/" done in 1.273 s
[13:59:25] [REI-ReloadPlugins/DEBUG] [REI] ========================================
[13:59:25] [REI-ReloadPlugins/DEBUG] [REI] REIClientPlugin ended main-reload for START in 1.892 s.
[13:59:25] [REI-ReloadPlugins/DEBUG] [REI] ========================================
[13:59:25] [REI-ReloadPlugins/INFO] [REI] @@@@@@@@@@@@@@@@@@@@@@@@@@@@@@@@@@@@@@@@
[13:59:25] [REI-ReloadPlugins/INFO] [REI] REIServerPlugin starting main-reload for START.
[13:59:25] [REI-ReloadPlugins/DEBUG] [REI] Reloadables (3):
[13:59:25] [REI-ReloadPlugins/DEBUG] [REI]  - MenuInfoRegistryImpl
[13:59:25] [REI-ReloadPlugins/DEBUG] [REI]  - SlotAccessorRegistryImpl
[13:59:25] [REI-ReloadPlugins/DEBUG] [REI]  - me.shedaniel.rei.plugin.client.runtime.PluginStageExecutionWatcher$1
[13:59:25] [REI-ReloadPlugins/INFO] [REI] Plugins (3):
[13:59:25] [REI-ReloadPlugins/INFO] [REI]  - (-100.00) DefaultPlugin of DefaultPlugin [roughlyenoughitems]
[13:59:25] [REI-ReloadPlugins/INFO] [REI]  - (0.00) FabricFluidAPISupportPlugin
[13:59:25] [REI-ReloadPlugins/INFO] [REI]  - (0.00) DefaultRuntimePlugin of DefaultRuntimePlugin [roughlyenoughitems]
[13:59:25] [REI-ReloadPlugins/INFO] [REI] @@@@@@@@@@@@@@@@@@@@@@@@@@@@@@@@@@@@@@@@
[13:59:25] [REI-ReloadPlugins/TRACE] [REI] [REIServerPlugin START] Reloading Section: "start-reload/"
[13:59:25] [REI-ReloadPlugins/TRACE] [REI] [REIServerPlugin START] Reloading Section: "start-reload/MenuInfoRegistryImpl/"
[13:59:25] [REI-ReloadPlugins/TRACE] [REI] [REIServerPlugin START] Reloading Section: "start-reload/MenuInfoRegistryImpl/" done in 14.30 μs
[13:59:25] [REI-ReloadPlugins/TRACE] [REI] [REIServerPlugin START] Reloading Section: "start-reload/SlotAccessorRegistryImpl/"
[13:59:25] [REI-ReloadPlugins/TRACE] [REI] [REIServerPlugin START] Reloading Section: "start-reload/SlotAccessorRegistryImpl/" done in 5.400 μs
[13:59:25] [REI-ReloadPlugins/TRACE] [REI] [REIServerPlugin START] Reloading Section: "start-reload/me.shedaniel.rei.plugin.client.runtime.PluginStageExecutionWatcher$1/"
[13:59:25] [REI-ReloadPlugins/TRACE] [REI] [REIServerPlugin START] Reloading Section: "start-reload/me.shedaniel.rei.plugin.client.runtime.PluginStageExecutionWatcher$1/" done in 6.500 μs
[13:59:25] [REI-ReloadPlugins/TRACE] [REI] [REIServerPlugin START] Reloading Section: "start-reload/" done in 403.3 μs
[13:59:25] [REI-ReloadPlugins/DEBUG] [REI] ========================================
[13:59:25] [REI-ReloadPlugins/DEBUG] [REI] REIServerPlugin started main-reload for START.
[13:59:25] [REI-ReloadPlugins/DEBUG] [REI] ========================================
[13:59:25] [REI-ReloadPlugins/TRACE] [REI] [REIServerPlugin START] Reloading Section: "reloadable-plugin/MenuInfoRegistryImpl/"
[13:59:25] [REI-ReloadPlugins/TRACE] [REI] [REIServerPlugin START] Reloading Section: "reloadable-plugin/MenuInfoRegistryImpl/DefaultPlugin of DefaultPlugin [roughlyenoughitems]/"
[13:59:25] [REI-ReloadPlugins/TRACE] [REI] [REIServerPlugin START] Reloading Section: "reloadable-plugin/MenuInfoRegistryImpl/DefaultPlugin of DefaultPlugin [roughlyenoughitems]/" done in 25.60 μs
[13:59:25] [REI-ReloadPlugins/TRACE] [REI] [REIServerPlugin START] Reloading Section: "reloadable-plugin/MenuInfoRegistryImpl/FabricFluidAPISupportPlugin/"
[13:59:25] [REI-ReloadPlugins/TRACE] [REI] [REIServerPlugin START] Reloading Section: "reloadable-plugin/MenuInfoRegistryImpl/FabricFluidAPISupportPlugin/" done in 83.60 μs
[13:59:25] [REI-ReloadPlugins/TRACE] [REI] [REIServerPlugin START] Reloading Section: "reloadable-plugin/MenuInfoRegistryImpl/DefaultRuntimePlugin of DefaultRuntimePlugin [roughlyenoughitems]/"
[13:59:25] [REI-ReloadPlugins/TRACE] [REI] [REIServerPlugin START] Reloading Section: "reloadable-plugin/MenuInfoRegistryImpl/DefaultRuntimePlugin of DefaultRuntimePlugin [roughlyenoughitems]/" done in 24.60 μs
[13:59:25] [REI-ReloadPlugins/TRACE] [REI] [REIServerPlugin START] Reloading Section: "reloadable-plugin/MenuInfoRegistryImpl/" done in 494.6 μs
[13:59:25] [REI-ReloadPlugins/TRACE] [REI] [REIServerPlugin START] Reloading Section: "reloadable-plugin/SlotAccessorRegistryImpl/"
[13:59:25] [REI-ReloadPlugins/TRACE] [REI] [REIServerPlugin START] Reloading Section: "reloadable-plugin/SlotAccessorRegistryImpl/DefaultPlugin of DefaultPlugin [roughlyenoughitems]/"
[13:59:25] [REI-ReloadPlugins/TRACE] [REI] [REIServerPlugin START] Reloading Section: "reloadable-plugin/SlotAccessorRegistryImpl/DefaultPlugin of DefaultPlugin [roughlyenoughitems]/" done in 8.800 μs
[13:59:25] [REI-ReloadPlugins/TRACE] [REI] [REIServerPlugin START] Reloading Section: "reloadable-plugin/SlotAccessorRegistryImpl/FabricFluidAPISupportPlugin/"
[13:59:25] [REI-ReloadPlugins/TRACE] [REI] [REIServerPlugin START] Reloading Section: "reloadable-plugin/SlotAccessorRegistryImpl/FabricFluidAPISupportPlugin/" done in 8.300 μs
[13:59:25] [REI-ReloadPlugins/TRACE] [REI] [REIServerPlugin START] Reloading Section: "reloadable-plugin/SlotAccessorRegistryImpl/DefaultRuntimePlugin of DefaultRuntimePlugin [roughlyenoughitems]/"
[13:59:25] [REI-ReloadPlugins/TRACE] [REI] [REIServerPlugin START] Reloading Section: "reloadable-plugin/SlotAccessorRegistryImpl/DefaultRuntimePlugin of DefaultRuntimePlugin [roughlyenoughitems]/" done in 8.600 μs
[13:59:25] [REI-ReloadPlugins/TRACE] [REI] [REIServerPlugin START] Reloading Section: "reloadable-plugin/SlotAccessorRegistryImpl/" done in 367.3 μs
[13:59:25] [REI-ReloadPlugins/TRACE] [REI] [REIServerPlugin START] Reloading Section: "reloadable-plugin/me.shedaniel.rei.plugin.client.runtime.PluginStageExecutionWatcher$1/"
[13:59:25] [REI-ReloadPlugins/TRACE] [REI] [REIServerPlugin START] Reloading Section: "reloadable-plugin/me.shedaniel.rei.plugin.client.runtime.PluginStageExecutionWatcher$1/DefaultPlugin of DefaultPlugin [roughlyenoughitems]/"
[13:59:25] [REI-ReloadPlugins/TRACE] [REI] [REIServerPlugin START] Reloading Section: "reloadable-plugin/me.shedaniel.rei.plugin.client.runtime.PluginStageExecutionWatcher$1/DefaultPlugin of DefaultPlugin [roughlyenoughitems]/" done in 8.500 μs
[13:59:25] [REI-ReloadPlugins/TRACE] [REI] [REIServerPlugin START] Reloading Section: "reloadable-plugin/me.shedaniel.rei.plugin.client.runtime.PluginStageExecutionWatcher$1/FabricFluidAPISupportPlugin/"
[13:59:25] [REI-ReloadPlugins/TRACE] [REI] [REIServerPlugin START] Reloading Section: "reloadable-plugin/me.shedaniel.rei.plugin.client.runtime.PluginStageExecutionWatcher$1/FabricFluidAPISupportPlugin/" done in 6.900 μs
[13:59:25] [REI-ReloadPlugins/TRACE] [REI] [REIServerPlugin START] Reloading Section: "reloadable-plugin/me.shedaniel.rei.plugin.client.runtime.PluginStageExecutionWatcher$1/DefaultRuntimePlugin of DefaultRuntimePlugin [roughlyenoughitems]/"
[13:59:25] [REI-ReloadPlugins/TRACE] [REI] [REIServerPlugin START] Reloading Section: "reloadable-plugin/me.shedaniel.rei.plugin.client.runtime.PluginStageExecutionWatcher$1/DefaultRuntimePlugin of DefaultRuntimePlugin [roughlyenoughitems]/" done in 6.900 μs
[13:59:25] [REI-ReloadPlugins/TRACE] [REI] [REIServerPlugin START] Reloading Section: "reloadable-plugin/me.shedaniel.rei.plugin.client.runtime.PluginStageExecutionWatcher$1/" done in 315.4 μs
[13:59:25] [REI-ReloadPlugins/DEBUG] [REI] ========================================
[13:59:25] [REI-ReloadPlugins/DEBUG] [REI] REIServerPlugin ending main-reload for START.
[13:59:25] [REI-ReloadPlugins/DEBUG] [REI] ========================================
[13:59:25] [REI-ReloadPlugins/TRACE] [REI] [REIServerPlugin START] Reloading Section: "end-reload/"
[13:59:25] [REI-ReloadPlugins/TRACE] [REI] [REIServerPlugin START] Reloading Section: "end-reload/MenuInfoRegistryImpl/"
[13:59:25] [REI-ReloadPlugins/TRACE] [REI] [REIServerPlugin START] Reloading Section: "end-reload/MenuInfoRegistryImpl/" done in 5.000 μs
[13:59:25] [REI-ReloadPlugins/TRACE] [REI] [REIServerPlugin START] Reloading Section: "end-reload/SlotAccessorRegistryImpl/"
[13:59:25] [REI-ReloadPlugins/TRACE] [REI] [REIServerPlugin START] Reloading Section: "end-reload/SlotAccessorRegistryImpl/" done in 4.500 μs
[13:59:25] [REI-ReloadPlugins/TRACE] [REI] [REIServerPlugin START] Reloading Section: "end-reload/me.shedaniel.rei.plugin.client.runtime.PluginStageExecutionWatcher$1/"
[13:59:25] [REI-ReloadPlugins/TRACE] [REI] [REIServerPlugin START] Reloading Section: "end-reload/me.shedaniel.rei.plugin.client.runtime.PluginStageExecutionWatcher$1/" done in 4.400 μs
[13:59:25] [REI-ReloadPlugins/TRACE] [REI] [REIServerPlugin START] Reloading Section: "end-reload/" done in 263.8 μs
[13:59:25] [REI-ReloadPlugins/DEBUG] [REI] ========================================
[13:59:25] [REI-ReloadPlugins/DEBUG] [REI] REIServerPlugin ended main-reload for START in 4.375 ms.
[13:59:25] [REI-ReloadPlugins/DEBUG] [REI] ========================================
[13:59:25] [REI-ReloadPlugins/DEBUG] [REI] ========================================
[13:59:25] [REI-ReloadPlugins/DEBUG] [REI] REIPlugin starting post-reload for START.
[13:59:25] [REI-ReloadPlugins/DEBUG] [REI] Reloadables (8):
[13:59:25] [REI-ReloadPlugins/DEBUG] [REI]  - EntryTypeRegistryImpl
[13:59:25] [REI-ReloadPlugins/DEBUG] [REI]  - EntrySettingsAdapterRegistryImpl
[13:59:25] [REI-ReloadPlugins/DEBUG] [REI]  - RecipeManagerContextImpl
[13:59:25] [REI-ReloadPlugins/DEBUG] [REI]  - ItemComparatorRegistryImpl
[13:59:25] [REI-ReloadPlugins/DEBUG] [REI]  - FluidComparatorRegistryImpl
[13:59:25] [REI-ReloadPlugins/DEBUG] [REI]  - DisplaySerializerRegistryImpl
[13:59:25] [REI-ReloadPlugins/DEBUG] [REI]  - FluidSupportProviderImpl
[13:59:25] [REI-ReloadPlugins/DEBUG] [REI]  - me.shedaniel.rei.plugin.client.runtime.PluginStageExecutionWatcher$1
[13:59:25] [REI-ReloadPlugins/DEBUG] [REI] Plugins (16):
[13:59:25] [REI-ReloadPlugins/DEBUG] [REI]  - (-100.00) DefaultClientPlugin of DefaultClientPlugin [roughlyenoughitems]
[13:59:25] [REI-ReloadPlugins/DEBUG] [REI]  - (-100.00) DefaultPlugin of DefaultPlugin [roughlyenoughitems]
[13:59:25] [REI-ReloadPlugins/DEBUG] [REI]  - (0.00) FabricFluidAPISupportPlugin
[13:59:25] [REI-ReloadPlugins/DEBUG] [REI]  - (0.00) REICompat of REICompat [sliceanddice]
[13:59:25] [REI-ReloadPlugins/DEBUG] [REI]  - (0.00) HideIngredientsFromTagsPlugin of HideIngredientsFromTagsPlugin [roughlyenoughitems]
[13:59:25] [REI-ReloadPlugins/DEBUG] [REI]  - (0.00) DefaultClientRuntimePlugin of DefaultClientRuntimePlugin [roughlyenoughitems]
[13:59:25] [REI-ReloadPlugins/DEBUG] [REI]  - (0.00) ClientREIPlugin of ClientREIPlugin [farmersdelight]
[13:59:25] [REI-ReloadPlugins/DEBUG] [REI]  - (0.00) ExpandedDelightREI of ExpandedDelightREI [expandeddelight]
[13:59:25] [REI-ReloadPlugins/DEBUG] [REI]  - (0.00) CreateAdditionREI of CreateAdditionREI [createaddition]
[13:59:25] [REI-ReloadPlugins/DEBUG] [REI]  - (0.00) NewAgeReiPlugin of NewAgeReiPlugin [create_new_age]
[13:59:25] [REI-ReloadPlugins/DEBUG] [REI]  - (0.00) create:rei_plugin of create:rei_plugin [create]
[13:59:25] [REI-ReloadPlugins/DEBUG] [REI]  - (0.00) ChiselREI of ChiselREI [chisel]
[13:59:25] [REI-ReloadPlugins/DEBUG] [REI]  - (0.00) REITooltipPlugin of REITooltipPlugin [appleskin]
[13:59:25] [REI-ReloadPlugins/DEBUG] [REI]  - (0.00) AdAstraReiPlugin of AdAstraReiPlugin [ad_astra]
[13:59:25] [REI-ReloadPlugins/DEBUG] [REI]  - (0.00) DefaultRuntimePlugin of DefaultRuntimePlugin [roughlyenoughitems]
[13:59:25] [REI-ReloadPlugins/DEBUG] [REI]  - (0.00) ReiRecipeAction of ReiRecipeAction [wthit]
[13:59:25] [REI-ReloadPlugins/DEBUG] [REI] ========================================
[13:59:25] [REI-ReloadPlugins/TRACE] [REI] [REIPlugin START] Reloading Section: "post-register/"
[13:59:25] [REI-ReloadPlugins/TRACE] [REI] [REIPlugin START] Reloading Section: "post-register/DefaultClientPlugin of DefaultClientPlugin [roughlyenoughitems]/"
[13:59:25] [REI-ReloadPlugins/TRACE] [REI] [REIPlugin START] Reloading Section: "post-register/DefaultClientPlugin of DefaultClientPlugin [roughlyenoughitems]/" done in 740.0 μs
[13:59:25] [REI-ReloadPlugins/TRACE] [REI] [REIPlugin START] Reloading Section: "post-register/DefaultPlugin of DefaultPlugin [roughlyenoughitems]/"
[13:59:25] [REI-ReloadPlugins/TRACE] [REI] [REIPlugin START] Reloading Section: "post-register/DefaultPlugin of DefaultPlugin [roughlyenoughitems]/" done in 19.70 μs
[13:59:25] [REI-ReloadPlugins/TRACE] [REI] [REIPlugin START] Reloading Section: "post-register/FabricFluidAPISupportPlugin/"
[13:59:25] [REI-ReloadPlugins/TRACE] [REI] [REIPlugin START] Reloading Section: "post-register/FabricFluidAPISupportPlugin/" done in 9.000 μs
[13:59:25] [REI-ReloadPlugins/TRACE] [REI] [REIPlugin START] Reloading Section: "post-register/REICompat of REICompat [sliceanddice]/"
[13:59:25] [REI-ReloadPlugins/TRACE] [REI] [REIPlugin START] Reloading Section: "post-register/REICompat of REICompat [sliceanddice]/" done in 7.800 μs
[13:59:25] [REI-ReloadPlugins/TRACE] [REI] [REIPlugin START] Reloading Section: "post-register/HideIngredientsFromTagsPlugin of HideIngredientsFromTagsPlugin [roughlyenoughitems]/"
[13:59:25] [REI-ReloadPlugins/TRACE] [REI] [REIPlugin START] Reloading Section: "post-register/HideIngredientsFromTagsPlugin of HideIngredientsFromTagsPlugin [roughlyenoughitems]/" done in 8.300 μs
[13:59:25] [REI-ReloadPlugins/TRACE] [REI] [REIPlugin START] Reloading Section: "post-register/DefaultClientRuntimePlugin of DefaultClientRuntimePlugin [roughlyenoughitems]/"
[13:59:25] [REI-ReloadPlugins/TRACE] [REI] [REIPlugin START] Reloading Section: "post-register/DefaultClientRuntimePlugin of DefaultClientRuntimePlugin [roughlyenoughitems]/" done in 10.80 μs
[13:59:25] [REI-ReloadPlugins/TRACE] [REI] [REIPlugin START] Reloading Section: "post-register/ClientREIPlugin of ClientREIPlugin [farmersdelight]/"
[13:59:25] [REI-ReloadPlugins/TRACE] [REI] [REIPlugin START] Reloading Section: "post-register/ClientREIPlugin of ClientREIPlugin [farmersdelight]/" done in 8.700 μs
[13:59:25] [REI-ReloadPlugins/TRACE] [REI] [REIPlugin START] Reloading Section: "post-register/ExpandedDelightREI of ExpandedDelightREI [expandeddelight]/"
[13:59:25] [REI-ReloadPlugins/TRACE] [REI] [REIPlugin START] Reloading Section: "post-register/ExpandedDelightREI of ExpandedDelightREI [expandeddelight]/" done in 7.800 μs
[13:59:25] [REI-ReloadPlugins/TRACE] [REI] [REIPlugin START] Reloading Section: "post-register/CreateAdditionREI of CreateAdditionREI [createaddition]/"
[13:59:25] [REI-ReloadPlugins/TRACE] [REI] [REIPlugin START] Reloading Section: "post-register/CreateAdditionREI of CreateAdditionREI [createaddition]/" done in 8.000 μs
[13:59:25] [REI-ReloadPlugins/TRACE] [REI] [REIPlugin START] Reloading Section: "post-register/NewAgeReiPlugin of NewAgeReiPlugin [create_new_age]/"
[13:59:25] [REI-ReloadPlugins/TRACE] [REI] [REIPlugin START] Reloading Section: "post-register/NewAgeReiPlugin of NewAgeReiPlugin [create_new_age]/" done in 8.500 μs
[13:59:25] [REI-ReloadPlugins/TRACE] [REI] [REIPlugin START] Reloading Section: "post-register/create:rei_plugin of create:rei_plugin [create]/"
[13:59:25] [REI-ReloadPlugins/TRACE] [REI] [REIPlugin START] Reloading Section: "post-register/create:rei_plugin of create:rei_plugin [create]/" done in 7.500 μs
[13:59:25] [REI-ReloadPlugins/TRACE] [REI] [REIPlugin START] Reloading Section: "post-register/ChiselREI of ChiselREI [chisel]/"
[13:59:25] [REI-ReloadPlugins/TRACE] [REI] [REIPlugin START] Reloading Section: "post-register/ChiselREI of ChiselREI [chisel]/" done in 9.600 μs
[13:59:25] [REI-ReloadPlugins/TRACE] [REI] [REIPlugin START] Reloading Section: "post-register/REITooltipPlugin of REITooltipPlugin [appleskin]/"
[13:59:25] [REI-ReloadPlugins/TRACE] [REI] [REIPlugin START] Reloading Section: "post-register/REITooltipPlugin of REITooltipPlugin [appleskin]/" done in 7.300 μs
[13:59:25] [REI-ReloadPlugins/TRACE] [REI] [REIPlugin START] Reloading Section: "post-register/AdAstraReiPlugin of AdAstraReiPlugin [ad_astra]/"
[13:59:25] [REI-ReloadPlugins/TRACE] [REI] [REIPlugin START] Reloading Section: "post-register/AdAstraReiPlugin of AdAstraReiPlugin [ad_astra]/" done in 7.300 μs
[13:59:25] [REI-ReloadPlugins/TRACE] [REI] [REIPlugin START] Reloading Section: "post-register/DefaultRuntimePlugin of DefaultRuntimePlugin [roughlyenoughitems]/"
[13:59:25] [REI-ReloadPlugins/TRACE] [REI] [REIPlugin START] Reloading Section: "post-register/DefaultRuntimePlugin of DefaultRuntimePlugin [roughlyenoughitems]/" done in 97.20 μs
[13:59:25] [REI-ReloadPlugins/TRACE] [REI] [REIPlugin START] Reloading Section: "post-register/ReiRecipeAction of ReiRecipeAction [wthit]/"
[13:59:25] [REI-ReloadPlugins/TRACE] [REI] [REIPlugin START] Reloading Section: "post-register/ReiRecipeAction of ReiRecipeAction [wthit]/" done in 1.575 ms
[13:59:25] [REI-ReloadPlugins/TRACE] [REI] [REIPlugin START] Reloading Section: "post-register/" done in 6.001 ms
[13:59:25] [REI-ReloadPlugins/TRACE] [REI] [REIPlugin START] Reloading Section: "post-stage/"
[13:59:25] [REI-ReloadPlugins/TRACE] [REI] [REIPlugin START] Reloading Section: "post-stage/EntryTypeRegistryImpl/"
[13:59:25] [REI-ReloadPlugins/TRACE] [REI] [REIPlugin START] Reloading Section: "post-stage/EntryTypeRegistryImpl/" done in 38.30 μs
[13:59:25] [REI-ReloadPlugins/TRACE] [REI] [REIPlugin START] Reloading Section: "post-stage/EntrySettingsAdapterRegistryImpl/"
[13:59:25] [REI-ReloadPlugins/TRACE] [REI] [REIPlugin START] Reloading Section: "post-stage/EntrySettingsAdapterRegistryImpl/" done in 14.10 μs
[13:59:25] [REI-ReloadPlugins/TRACE] [REI] [REIPlugin START] Reloading Section: "post-stage/RecipeManagerContextImpl/"
[13:59:25] [REI-ReloadPlugins/TRACE] [REI] [REIPlugin START] Reloading Section: "post-stage/RecipeManagerContextImpl/" done in 10.80 μs
[13:59:25] [REI-ReloadPlugins/TRACE] [REI] [REIPlugin START] Reloading Section: "post-stage/ItemComparatorRegistryImpl/"
[13:59:25] [REI-ReloadPlugins/TRACE] [REI] [REIPlugin START] Reloading Section: "post-stage/ItemComparatorRegistryImpl/" done in 5.700 μs
[13:59:25] [REI-ReloadPlugins/TRACE] [REI] [REIPlugin START] Reloading Section: "post-stage/FluidComparatorRegistryImpl/"
[13:59:25] [REI-ReloadPlugins/TRACE] [REI] [REIPlugin START] Reloading Section: "post-stage/FluidComparatorRegistryImpl/" done in 5.300 μs
[13:59:25] [REI-ReloadPlugins/TRACE] [REI] [REIPlugin START] Reloading Section: "post-stage/DisplaySerializerRegistryImpl/"
[13:59:25] [REI-ReloadPlugins/TRACE] [REI] [REIPlugin START] Reloading Section: "post-stage/DisplaySerializerRegistryImpl/" done in 5.300 μs
[13:59:25] [REI-ReloadPlugins/TRACE] [REI] [REIPlugin START] Reloading Section: "post-stage/FluidSupportProviderImpl/"
[13:59:25] [REI-ReloadPlugins/TRACE] [REI] [REIPlugin START] Reloading Section: "post-stage/FluidSupportProviderImpl/" done in 6.000 μs
[13:59:25] [REI-ReloadPlugins/TRACE] [REI] [REIPlugin START] Reloading Section: "post-stage/me.shedaniel.rei.plugin.client.runtime.PluginStageExecutionWatcher$1/"
[13:59:25] [REI-ReloadPlugins/TRACE] [REI] [REIPlugin START] Reloading Section: "post-stage/me.shedaniel.rei.plugin.client.runtime.PluginStageExecutionWatcher$1/" done in 63.70 μs
[13:59:25] [REI-ReloadPlugins/TRACE] [REI] [REIPlugin START] Reloading Section: "post-stage/" done in 1.858 ms
[13:59:25] [REI-ReloadPlugins/DEBUG] [REI] ========================================
[13:59:25] [REI-ReloadPlugins/INFO] [REI] REIPlugin finished post-reload for START in 8.691 ms, totaling 181.0 ms.
[13:59:25] [REI-ReloadPlugins/DEBUG] [REI] ========================================
[13:59:25] [REI-ReloadPlugins/DEBUG] [REI] ========================================
[13:59:25] [REI-ReloadPlugins/DEBUG] [REI] REIClientPlugin starting post-reload for START.
[13:59:25] [REI-ReloadPlugins/DEBUG] [REI] Reloadables (18):
[13:59:25] [REI-ReloadPlugins/DEBUG] [REI]  - EntryRendererRegistryImpl
[13:59:25] [REI-ReloadPlugins/DEBUG] [REI]  - ViewsImpl
[13:59:25] [REI-ReloadPlugins/DEBUG] [REI]  - InputMethodRegistryImpl
[13:59:25] [REI-ReloadPlugins/DEBUG] [REI]  - SearchProviderImpl
[13:59:25] [REI-ReloadPlugins/DEBUG] [REI]  - ConfigManagerImpl
[13:59:25] [REI-ReloadPlugins/DEBUG] [REI]  - EntryRegistryImpl
[13:59:25] [REI-ReloadPlugins/DEBUG] [REI]  - CollapsibleEntryRegistryImpl
[13:59:25] [REI-ReloadPlugins/DEBUG] [REI]  - BasicFilteringRuleImpl
[13:59:25] [REI-ReloadPlugins/DEBUG] [REI]  - CategoryRegistryImpl
[13:59:25] [REI-ReloadPlugins/DEBUG] [REI]  - DisplayRegistryImpl
[13:59:25] [REI-ReloadPlugins/DEBUG] [REI]  - ScreenRegistryImpl
[13:59:25] [REI-ReloadPlugins/DEBUG] [REI]  - FavoriteEntryTypeRegistryImpl
[13:59:25] [REI-ReloadPlugins/DEBUG] [REI]  - SubsetsRegistryImpl
[13:59:25] [REI-ReloadPlugins/DEBUG] [REI]  - TransferHandlerRegistryImpl
[13:59:25] [REI-ReloadPlugins/DEBUG] [REI]  - SearchRuntime
[13:59:25] [REI-ReloadPlugins/DEBUG] [REI]  - REIRuntimeImpl
[13:59:25] [REI-ReloadPlugins/DEBUG] [REI]  - ConfigAddonRegistryImpl
[13:59:25] [REI-ReloadPlugins/DEBUG] [REI]  - me.shedaniel.rei.plugin.client.runtime.PluginStageExecutionWatcher$1
[13:59:25] [REI-ReloadPlugins/DEBUG] [REI] Plugins (13):
[13:59:25] [REI-ReloadPlugins/DEBUG] [REI]  - (-100.00) DefaultClientPlugin of DefaultClientPlugin [roughlyenoughitems]
[13:59:25] [REI-ReloadPlugins/DEBUG] [REI]  - (0.00) REICompat of REICompat [sliceanddice]
[13:59:25] [REI-ReloadPlugins/DEBUG] [REI]  - (0.00) HideIngredientsFromTagsPlugin of HideIngredientsFromTagsPlugin [roughlyenoughitems]
[13:59:25] [REI-ReloadPlugins/DEBUG] [REI]  - (0.00) DefaultClientRuntimePlugin of DefaultClientRuntimePlugin [roughlyenoughitems]
[13:59:25] [REI-ReloadPlugins/DEBUG] [REI]  - (0.00) ClientREIPlugin of ClientREIPlugin [farmersdelight]
[13:59:25] [REI-ReloadPlugins/DEBUG] [REI]  - (0.00) ExpandedDelightREI of ExpandedDelightREI [expandeddelight]
[13:59:25] [REI-ReloadPlugins/DEBUG] [REI]  - (0.00) CreateAdditionREI of CreateAdditionREI [createaddition]
[13:59:25] [REI-ReloadPlugins/DEBUG] [REI]  - (0.00) NewAgeReiPlugin of NewAgeReiPlugin [create_new_age]
[13:59:25] [REI-ReloadPlugins/DEBUG] [REI]  - (0.00) create:rei_plugin of create:rei_plugin [create]
[13:59:25] [REI-ReloadPlugins/DEBUG] [REI]  - (0.00) ChiselREI of ChiselREI [chisel]
[13:59:25] [REI-ReloadPlugins/DEBUG] [REI]  - (0.00) REITooltipPlugin of REITooltipPlugin [appleskin]
[13:59:25] [REI-ReloadPlugins/DEBUG] [REI]  - (0.00) AdAstraReiPlugin of AdAstraReiPlugin [ad_astra]
[13:59:25] [REI-ReloadPlugins/DEBUG] [REI]  - (0.00) ReiRecipeAction of ReiRecipeAction [wthit]
[13:59:25] [REI-ReloadPlugins/DEBUG] [REI] ========================================
[13:59:25] [REI-ReloadPlugins/TRACE] [REI] [REIClientPlugin START] Reloading Section: "post-register/"
[13:59:25] [REI-ReloadPlugins/TRACE] [REI] [REIClientPlugin START] Reloading Section: "post-register/DefaultClientPlugin of DefaultClientPlugin [roughlyenoughitems]/"
[13:59:25] [REI-ReloadPlugins/TRACE] [REI] [REIClientPlugin START] Reloading Section: "post-register/DefaultClientPlugin of DefaultClientPlugin [roughlyenoughitems]/" done in 17.40 μs
[13:59:25] [REI-ReloadPlugins/TRACE] [REI] [REIClientPlugin START] Reloading Section: "post-register/REICompat of REICompat [sliceanddice]/"
[13:59:25] [REI-ReloadPlugins/TRACE] [REI] [REIClientPlugin START] Reloading Section: "post-register/REICompat of REICompat [sliceanddice]/" done in 7.700 μs
[13:59:25] [REI-ReloadPlugins/TRACE] [REI] [REIClientPlugin START] Reloading Section: "post-register/HideIngredientsFromTagsPlugin of HideIngredientsFromTagsPlugin [roughlyenoughitems]/"
[13:59:25] [REI-ReloadPlugins/TRACE] [REI] [REIClientPlugin START] Reloading Section: "post-register/HideIngredientsFromTagsPlugin of HideIngredientsFromTagsPlugin [roughlyenoughitems]/" done in 10.30 μs
[13:59:25] [REI-ReloadPlugins/TRACE] [REI] [REIClientPlugin START] Reloading Section: "post-register/DefaultClientRuntimePlugin of DefaultClientRuntimePlugin [roughlyenoughitems]/"
[13:59:25] [REI-ReloadPlugins/TRACE] [REI] [REIClientPlugin START] Reloading Section: "post-register/DefaultClientRuntimePlugin of DefaultClientRuntimePlugin [roughlyenoughitems]/" done in 7.000 μs
[13:59:25] [REI-ReloadPlugins/TRACE] [REI] [REIClientPlugin START] Reloading Section: "post-register/ClientREIPlugin of ClientREIPlugin [farmersdelight]/"
[13:59:25] [REI-ReloadPlugins/TRACE] [REI] [REIClientPlugin START] Reloading Section: "post-register/ClientREIPlugin of ClientREIPlugin [farmersdelight]/" done in 9.100 μs
[13:59:25] [REI-ReloadPlugins/TRACE] [REI] [REIClientPlugin START] Reloading Section: "post-register/ExpandedDelightREI of ExpandedDelightREI [expandeddelight]/"
[13:59:25] [REI-ReloadPlugins/TRACE] [REI] [REIClientPlugin START] Reloading Section: "post-register/ExpandedDelightREI of ExpandedDelightREI [expandeddelight]/" done in 8.200 μs
[13:59:25] [REI-ReloadPlugins/TRACE] [REI] [REIClientPlugin START] Reloading Section: "post-register/CreateAdditionREI of CreateAdditionREI [createaddition]/"
[13:59:25] [REI-ReloadPlugins/TRACE] [REI] [REIClientPlugin START] Reloading Section: "post-register/CreateAdditionREI of CreateAdditionREI [createaddition]/" done in 7.900 μs
[13:59:25] [REI-ReloadPlugins/TRACE] [REI] [REIClientPlugin START] Reloading Section: "post-register/NewAgeReiPlugin of NewAgeReiPlugin [create_new_age]/"
[13:59:25] [REI-ReloadPlugins/TRACE] [REI] [REIClientPlugin START] Reloading Section: "post-register/NewAgeReiPlugin of NewAgeReiPlugin [create_new_age]/" done in 7.800 μs
[13:59:25] [REI-ReloadPlugins/TRACE] [REI] [REIClientPlugin START] Reloading Section: "post-register/create:rei_plugin of create:rei_plugin [create]/"
[13:59:25] [REI-ReloadPlugins/TRACE] [REI] [REIClientPlugin START] Reloading Section: "post-register/create:rei_plugin of create:rei_plugin [create]/" done in 47.10 μs
[13:59:25] [REI-ReloadPlugins/TRACE] [REI] [REIClientPlugin START] Reloading Section: "post-register/ChiselREI of ChiselREI [chisel]/"
[13:59:25] [REI-ReloadPlugins/TRACE] [REI] [REIClientPlugin START] Reloading Section: "post-register/ChiselREI of ChiselREI [chisel]/" done in 8.900 μs
[13:59:25] [REI-ReloadPlugins/TRACE] [REI] [REIClientPlugin START] Reloading Section: "post-register/REITooltipPlugin of REITooltipPlugin [appleskin]/"
[13:59:25] [REI-ReloadPlugins/TRACE] [REI] [REIClientPlugin START] Reloading Section: "post-register/REITooltipPlugin of REITooltipPlugin [appleskin]/" done in 7.900 μs
[13:59:25] [REI-ReloadPlugins/TRACE] [REI] [REIClientPlugin START] Reloading Section: "post-register/AdAstraReiPlugin of AdAstraReiPlugin [ad_astra]/"
[13:59:25] [REI-ReloadPlugins/TRACE] [REI] [REIClientPlugin START] Reloading Section: "post-register/AdAstraReiPlugin of AdAstraReiPlugin [ad_astra]/" done in 7.500 μs
[13:59:25] [REI-ReloadPlugins/TRACE] [REI] [REIClientPlugin START] Reloading Section: "post-register/ReiRecipeAction of ReiRecipeAction [wthit]/"
[13:59:25] [REI-ReloadPlugins/TRACE] [REI] [REIClientPlugin START] Reloading Section: "post-register/ReiRecipeAction of ReiRecipeAction [wthit]/" done in 49.60 μs
[13:59:25] [REI-ReloadPlugins/TRACE] [REI] [REIClientPlugin START] Reloading Section: "post-register/" done in 2.107 ms
[13:59:25] [REI-ReloadPlugins/TRACE] [REI] [REIClientPlugin START] Reloading Section: "post-stage/"
[13:59:25] [REI-ReloadPlugins/TRACE] [REI] [REIClientPlugin START] Reloading Section: "post-stage/EntryRendererRegistryImpl/"
[13:59:25] [REI-ReloadPlugins/TRACE] [REI] [REIClientPlugin START] Reloading Section: "post-stage/EntryRendererRegistryImpl/" done in 18.70 μs
[13:59:25] [REI-ReloadPlugins/TRACE] [REI] [REIClientPlugin START] Reloading Section: "post-stage/ViewsImpl/"
[13:59:25] [REI-ReloadPlugins/TRACE] [REI] [REIClientPlugin START] Reloading Section: "post-stage/ViewsImpl/" done in 5.000 μs
[13:59:25] [REI-ReloadPlugins/TRACE] [REI] [REIClientPlugin START] Reloading Section: "post-stage/InputMethodRegistryImpl/"
[13:59:25] [REI-ReloadPlugins/TRACE] [REI] [REIClientPlugin START] Reloading Section: "post-stage/InputMethodRegistryImpl/" done in 5.300 μs
[13:59:25] [REI-ReloadPlugins/TRACE] [REI] [REIClientPlugin START] Reloading Section: "post-stage/SearchProviderImpl/"
[13:59:25] [REI-ReloadPlugins/TRACE] [REI] [REIClientPlugin START] Reloading Section: "post-stage/SearchProviderImpl/" done in 5.000 μs
[13:59:25] [REI-ReloadPlugins/TRACE] [REI] [REIClientPlugin START] Reloading Section: "post-stage/ConfigManagerImpl/"
[13:59:25] [REI-ReloadPlugins/TRACE] [REI] [REIClientPlugin START] Reloading Section: "post-stage/ConfigManagerImpl/" done in 4.800 μs
[13:59:25] [REI-ReloadPlugins/TRACE] [REI] [REIClientPlugin START] Reloading Section: "post-stage/EntryRegistryImpl/"
[13:59:25] [REI-ReloadPlugins/TRACE] [REI] [REIClientPlugin START] Reloading Section: "post-stage/EntryRegistryImpl/" done in 4.800 μs
[13:59:25] [REI-ReloadPlugins/TRACE] [REI] [REIClientPlugin START] Reloading Section: "post-stage/CollapsibleEntryRegistryImpl/"
[13:59:25] [REI-ReloadPlugins/TRACE] [REI] [REIClientPlugin START] Reloading Section: "post-stage/CollapsibleEntryRegistryImpl/" done in 5.900 μs
[13:59:25] [REI-ReloadPlugins/TRACE] [REI] [REIClientPlugin START] Reloading Section: "post-stage/BasicFilteringRuleImpl/"
[13:59:25] [REI-ReloadPlugins/TRACE] [REI] [REIClientPlugin START] Reloading Section: "post-stage/BasicFilteringRuleImpl/" done in 5.900 μs
[13:59:25] [REI-ReloadPlugins/TRACE] [REI] [REIClientPlugin START] Reloading Section: "post-stage/CategoryRegistryImpl/"
[13:59:25] [REI-ReloadPlugins/TRACE] [REI] [REIClientPlugin START] Reloading Section: "post-stage/CategoryRegistryImpl/" done in 5.200 μs
[13:59:25] [REI-ReloadPlugins/TRACE] [REI] [REIClientPlugin START] Reloading Section: "post-stage/DisplayRegistryImpl/"
[13:59:25] [REI-ReloadPlugins/TRACE] [REI] [REIClientPlugin START] Reloading Section: "post-stage/DisplayRegistryImpl/" done in 5.500 μs
[13:59:25] [REI-ReloadPlugins/TRACE] [REI] [REIClientPlugin START] Reloading Section: "post-stage/ScreenRegistryImpl/"
[13:59:25] [REI-ReloadPlugins/TRACE] [REI] [REIClientPlugin START] Reloading Section: "post-stage/ScreenRegistryImpl/" done in 4.800 μs
[13:59:25] [REI-ReloadPlugins/TRACE] [REI] [REIClientPlugin START] Reloading Section: "post-stage/FavoriteEntryTypeRegistryImpl/"
[13:59:25] [REI-ReloadPlugins/TRACE] [REI] [REIClientPlugin START] Reloading Section: "post-stage/FavoriteEntryTypeRegistryImpl/" done in 4.700 μs
[13:59:25] [REI-ReloadPlugins/TRACE] [REI] [REIClientPlugin START] Reloading Section: "post-stage/SubsetsRegistryImpl/"
[13:59:25] [REI-ReloadPlugins/TRACE] [REI] [REIClientPlugin START] Reloading Section: "post-stage/SubsetsRegistryImpl/" done in 5.200 μs
[13:59:25] [REI-ReloadPlugins/TRACE] [REI] [REIClientPlugin START] Reloading Section: "post-stage/TransferHandlerRegistryImpl/"
[13:59:25] [REI-ReloadPlugins/TRACE] [REI] [REIClientPlugin START] Reloading Section: "post-stage/TransferHandlerRegistryImpl/" done in 5.100 μs
[13:59:25] [REI-ReloadPlugins/TRACE] [REI] [REIClientPlugin START] Reloading Section: "post-stage/SearchRuntime/"
[13:59:25] [REI-ReloadPlugins/TRACE] [REI] [REIClientPlugin START] Reloading Section: "post-stage/SearchRuntime/" done in 4.900 μs
[13:59:25] [REI-ReloadPlugins/TRACE] [REI] [REIClientPlugin START] Reloading Section: "post-stage/REIRuntimeImpl/"
[13:59:25] [REI-ReloadPlugins/TRACE] [REI] [REIClientPlugin START] Reloading Section: "post-stage/REIRuntimeImpl/" done in 4.600 μs
[13:59:25] [REI-ReloadPlugins/TRACE] [REI] [REIClientPlugin START] Reloading Section: "post-stage/ConfigAddonRegistryImpl/"
[13:59:25] [REI-ReloadPlugins/TRACE] [REI] [REIClientPlugin START] Reloading Section: "post-stage/ConfigAddonRegistryImpl/" done in 23.40 μs
[13:59:25] [REI-ReloadPlugins/TRACE] [REI] [REIClientPlugin START] Reloading Section: "post-stage/me.shedaniel.rei.plugin.client.runtime.PluginStageExecutionWatcher$1/"
[13:59:25] [REI-ReloadPlugins/TRACE] [REI] [REIClientPlugin START] Reloading Section: "post-stage/me.shedaniel.rei.plugin.client.runtime.PluginStageExecutionWatcher$1/" done in 13.00 μs
[13:59:25] [REI-ReloadPlugins/TRACE] [REI] [REIClientPlugin START] Reloading Section: "post-stage/" done in 1.922 ms
[13:59:25] [REI-ReloadPlugins/DEBUG] [REI] ========================================
[13:59:25] [REI-ReloadPlugins/INFO] [REI] REIClientPlugin finished post-reload for START in 4.243 ms, totaling 1.900 s.
[13:59:25] [REI-ReloadPlugins/DEBUG] [REI] ========================================
[13:59:25] [REI-ReloadPlugins/DEBUG] [REI] ========================================
[13:59:25] [REI-ReloadPlugins/DEBUG] [REI] REIServerPlugin starting post-reload for START.
[13:59:25] [REI-ReloadPlugins/DEBUG] [REI] Reloadables (3):
[13:59:25] [REI-ReloadPlugins/DEBUG] [REI]  - MenuInfoRegistryImpl
[13:59:25] [REI-ReloadPlugins/DEBUG] [REI]  - SlotAccessorRegistryImpl
[13:59:25] [REI-ReloadPlugins/DEBUG] [REI]  - me.shedaniel.rei.plugin.client.runtime.PluginStageExecutionWatcher$1
[13:59:25] [REI-ReloadPlugins/DEBUG] [REI] Plugins (3):
[13:59:25] [REI-ReloadPlugins/DEBUG] [REI]  - (-100.00) DefaultPlugin of DefaultPlugin [roughlyenoughitems]
[13:59:25] [REI-ReloadPlugins/DEBUG] [REI]  - (0.00) FabricFluidAPISupportPlugin
[13:59:25] [REI-ReloadPlugins/DEBUG] [REI]  - (0.00) DefaultRuntimePlugin of DefaultRuntimePlugin [roughlyenoughitems]
[13:59:25] [REI-ReloadPlugins/DEBUG] [REI] ========================================
[13:59:25] [REI-ReloadPlugins/TRACE] [REI] [REIServerPlugin START] Reloading Section: "post-register/"
[13:59:25] [REI-ReloadPlugins/TRACE] [REI] [REIServerPlugin START] Reloading Section: "post-register/DefaultPlugin of DefaultPlugin [roughlyenoughitems]/"
[13:59:25] [REI-ReloadPlugins/TRACE] [REI] [REIServerPlugin START] Reloading Section: "post-register/DefaultPlugin of DefaultPlugin [roughlyenoughitems]/" done in 19.20 μs
[13:59:25] [REI-ReloadPlugins/TRACE] [REI] [REIServerPlugin START] Reloading Section: "post-register/FabricFluidAPISupportPlugin/"
[13:59:25] [REI-ReloadPlugins/TRACE] [REI] [REIServerPlugin START] Reloading Section: "post-register/FabricFluidAPISupportPlugin/" done in 9.300 μs
[13:59:25] [REI-ReloadPlugins/TRACE] [REI] [REIServerPlugin START] Reloading Section: "post-register/DefaultRuntimePlugin of DefaultRuntimePlugin [roughlyenoughitems]/"
[13:59:25] [REI-ReloadPlugins/TRACE] [REI] [REIServerPlugin START] Reloading Section: "post-register/DefaultRuntimePlugin of DefaultRuntimePlugin [roughlyenoughitems]/" done in 8.000 μs
[13:59:25] [REI-ReloadPlugins/TRACE] [REI] [REIServerPlugin START] Reloading Section: "post-register/" done in 349.2 μs
[13:59:25] [REI-ReloadPlugins/TRACE] [REI] [REIServerPlugin START] Reloading Section: "post-stage/"
[13:59:25] [REI-ReloadPlugins/TRACE] [REI] [REIServerPlugin START] Reloading Section: "post-stage/MenuInfoRegistryImpl/"
[13:59:25] [REI-ReloadPlugins/TRACE] [REI] [REIServerPlugin START] Reloading Section: "post-stage/MenuInfoRegistryImpl/" done in 10.90 μs
[13:59:25] [REI-ReloadPlugins/TRACE] [REI] [REIServerPlugin START] Reloading Section: "post-stage/SlotAccessorRegistryImpl/"
[13:59:25] [REI-ReloadPlugins/TRACE] [REI] [REIServerPlugin START] Reloading Section: "post-stage/SlotAccessorRegistryImpl/" done in 7.700 μs
[13:59:25] [REI-ReloadPlugins/TRACE] [REI] [REIServerPlugin START] Reloading Section: "post-stage/me.shedaniel.rei.plugin.client.runtime.PluginStageExecutionWatcher$1/"
[13:59:25] [REI-ReloadPlugins/TRACE] [REI] [REIServerPlugin START] Reloading Section: "post-stage/me.shedaniel.rei.plugin.client.runtime.PluginStageExecutionWatcher$1/" done in 12.50 μs
[13:59:25] [REI-ReloadPlugins/TRACE] [REI] [REIServerPlugin START] Reloading Section: "post-stage/" done in 302.6 μs
[13:59:25] [REI-ReloadPlugins/DEBUG] [REI] ========================================
[13:59:25] [REI-ReloadPlugins/INFO] [REI] REIServerPlugin finished post-reload for START in 828.8 μs, totaling 6.325 ms.
[13:59:25] [REI-ReloadPlugins/DEBUG] [REI] ========================================
[13:59:25] [Render thread/DEBUG] [REI] Starting Reload Plugins of stage END
java.lang.Throwable
	at me.shedaniel.rei.RoughlyEnoughItemsCoreClient.reloadPlugins(RoughlyEnoughItemsCoreClient.java:482)
	at me.shedaniel.rei.RoughlyEnoughItemsCoreClient.lambda$registerEvents$12(RoughlyEnoughItemsCoreClient.java:327)
	at net.minecraft.class_634.handler$zmp000$architectury$handleUpdateRecipes(class_634.java:5280)
	at net.minecraft.class_634.method_11106(class_634.java:1445)
	at net.minecraft.class_2788.method_11997(class_2788.java:32)
	at net.minecraft.class_2788.method_11054(class_2788.java:14)
	at net.minecraft.class_2600.method_11072(class_2600.java:22)
	at net.minecraft.class_1255.method_18859(class_1255.java:156)
	at net.minecraft.class_4093.method_18859(class_4093.java:23)
	at net.minecraft.class_1255.method_16075(class_1255.java:130)
	at net.minecraft.class_1255.method_5383(class_1255.java:115)
	at net.minecraft.class_310.method_1523(class_310.java:1175)
	at net.minecraft.class_310.method_1514(class_310.java:802)
	at net.minecraft.client.main.Main.main(Main.java:250)
	at net.fabricmc.loader.impl.game.minecraft.MinecraftGameProvider.launch(MinecraftGameProvider.java:480)
	at net.fabricmc.loader.impl.launch.knot.Knot.launch(Knot.java:74)
	at net.fabricmc.loader.impl.launch.knot.KnotClient.main(KnotClient.java:23)
[13:59:25] [Render thread/DEBUG] [REI] Marking hidden ingredients from tag cache as dirty.
[13:59:25] [REI-ReloadPlugins/DEBUG] [REI] ========================================
[13:59:25] [REI-ReloadPlugins/DEBUG] [REI] REIPlugin starting pre-reload for END.
[13:59:25] [REI-ReloadPlugins/DEBUG] [REI] Reloadables (8):
[13:59:25] [REI-ReloadPlugins/DEBUG] [REI]  - EntryTypeRegistryImpl
[13:59:25] [REI-ReloadPlugins/DEBUG] [REI]  - EntrySettingsAdapterRegistryImpl
[13:59:25] [REI-ReloadPlugins/DEBUG] [REI]  - RecipeManagerContextImpl
[13:59:25] [REI-ReloadPlugins/DEBUG] [REI]  - ItemComparatorRegistryImpl
[13:59:25] [REI-ReloadPlugins/DEBUG] [REI]  - FluidComparatorRegistryImpl
[13:59:25] [REI-ReloadPlugins/DEBUG] [REI]  - DisplaySerializerRegistryImpl
[13:59:25] [REI-ReloadPlugins/DEBUG] [REI]  - FluidSupportProviderImpl
[13:59:25] [Render thread/DEBUG] [REI] Marked 0 hidden ingredients from tag cache as dirty.
[13:59:25] [REI-ReloadPlugins/DEBUG] [REI]  - me.shedaniel.rei.plugin.client.runtime.PluginStageExecutionWatcher$1
[13:59:25] [REI-ReloadPlugins/DEBUG] [REI] Plugins (16):
[13:59:25] [REI-ReloadPlugins/DEBUG] [REI]  - (-100.00) DefaultClientPlugin of DefaultClientPlugin [roughlyenoughitems]
[13:59:25] [REI-ReloadPlugins/DEBUG] [REI]  - (-100.00) DefaultPlugin of DefaultPlugin [roughlyenoughitems]
[13:59:25] [REI-ReloadPlugins/DEBUG] [REI]  - (0.00) FabricFluidAPISupportPlugin
[13:59:25] [REI-ReloadPlugins/DEBUG] [REI]  - (0.00) REICompat of REICompat [sliceanddice]
[13:59:25] [REI-ReloadPlugins/DEBUG] [REI]  - (0.00) HideIngredientsFromTagsPlugin of HideIngredientsFromTagsPlugin [roughlyenoughitems]
[13:59:25] [REI-ReloadPlugins/DEBUG] [REI]  - (0.00) DefaultClientRuntimePlugin of DefaultClientRuntimePlugin [roughlyenoughitems]
[13:59:25] [REI-ReloadPlugins/DEBUG] [REI]  - (0.00) ClientREIPlugin of ClientREIPlugin [farmersdelight]
[13:59:25] [REI-ReloadPlugins/DEBUG] [REI]  - (0.00) ExpandedDelightREI of ExpandedDelightREI [expandeddelight]
[13:59:25] [REI-ReloadPlugins/DEBUG] [REI]  - (0.00) CreateAdditionREI of CreateAdditionREI [createaddition]
[13:59:25] [REI-ReloadPlugins/DEBUG] [REI]  - (0.00) NewAgeReiPlugin of NewAgeReiPlugin [create_new_age]
[13:59:25] [REI-ReloadPlugins/DEBUG] [REI]  - (0.00) create:rei_plugin of create:rei_plugin [create]
[13:59:25] [REI-ReloadPlugins/DEBUG] [REI]  - (0.00) ChiselREI of ChiselREI [chisel]
[13:59:25] [REI-ReloadPlugins/DEBUG] [REI]  - (0.00) REITooltipPlugin of REITooltipPlugin [appleskin]
[13:59:25] [REI-ReloadPlugins/DEBUG] [REI]  - (0.00) AdAstraReiPlugin of AdAstraReiPlugin [ad_astra]
[13:59:25] [REI-ReloadPlugins/DEBUG] [REI]  - (0.00) DefaultRuntimePlugin of DefaultRuntimePlugin [roughlyenoughitems]
[13:59:25] [REI-ReloadPlugins/DEBUG] [REI]  - (0.00) ReiRecipeAction of ReiRecipeAction [wthit]
[13:59:25] [REI-ReloadPlugins/DEBUG] [REI] ========================================
[13:59:25] [REI-ReloadPlugins/TRACE] [REI] [REIPlugin END] Reloading Section: "pre-register/"
[13:59:25] [REI-ReloadPlugins/TRACE] [REI] [REIPlugin END] Reloading Section: "pre-register/DefaultClientPlugin of DefaultClientPlugin [roughlyenoughitems]/"
[13:59:25] [REI-ReloadPlugins/TRACE] [REI] [REIPlugin END] Reloading Section: "pre-register/DefaultClientPlugin of DefaultClientPlugin [roughlyenoughitems]/" done in 23.30 μs
[13:59:25] [REI-ReloadPlugins/TRACE] [REI] [REIPlugin END] Reloading Section: "pre-register/DefaultPlugin of DefaultPlugin [roughlyenoughitems]/"
[13:59:25] [REI-ReloadPlugins/TRACE] [REI] [REIPlugin END] Reloading Section: "pre-register/DefaultPlugin of DefaultPlugin [roughlyenoughitems]/" done in 7.700 μs
[13:59:25] [REI-ReloadPlugins/TRACE] [REI] [REIPlugin END] Reloading Section: "pre-register/FabricFluidAPISupportPlugin/"
[13:59:25] [REI-ReloadPlugins/TRACE] [REI] [REIPlugin END] Reloading Section: "pre-register/FabricFluidAPISupportPlugin/" done in 7.200 μs
[13:59:25] [REI-ReloadPlugins/TRACE] [REI] [REIPlugin END] Reloading Section: "pre-register/REICompat of REICompat [sliceanddice]/"
[13:59:25] [REI-ReloadPlugins/TRACE] [REI] [REIPlugin END] Reloading Section: "pre-register/REICompat of REICompat [sliceanddice]/" done in 7.000 μs
[13:59:25] [REI-ReloadPlugins/TRACE] [REI] [REIPlugin END] Reloading Section: "pre-register/HideIngredientsFromTagsPlugin of HideIngredientsFromTagsPlugin [roughlyenoughitems]/"
[13:59:25] [REI-ReloadPlugins/TRACE] [REI] [REIPlugin END] Reloading Section: "pre-register/HideIngredientsFromTagsPlugin of HideIngredientsFromTagsPlugin [roughlyenoughitems]/" done in 6.700 μs
[13:59:25] [REI-ReloadPlugins/TRACE] [REI] [REIPlugin END] Reloading Section: "pre-register/DefaultClientRuntimePlugin of DefaultClientRuntimePlugin [roughlyenoughitems]/"
[13:59:25] [REI-ReloadPlugins/TRACE] [REI] [REIPlugin END] Reloading Section: "pre-register/DefaultClientRuntimePlugin of DefaultClientRuntimePlugin [roughlyenoughitems]/" done in 8.200 μs
[13:59:25] [REI-ReloadPlugins/TRACE] [REI] [REIPlugin END] Reloading Section: "pre-register/ClientREIPlugin of ClientREIPlugin [farmersdelight]/"
[13:59:25] [REI-ReloadPlugins/TRACE] [REI] [REIPlugin END] Reloading Section: "pre-register/ClientREIPlugin of ClientREIPlugin [farmersdelight]/" done in 7.300 μs
[13:59:25] [REI-ReloadPlugins/TRACE] [REI] [REIPlugin END] Reloading Section: "pre-register/ExpandedDelightREI of ExpandedDelightREI [expandeddelight]/"
[13:59:25] [REI-ReloadPlugins/TRACE] [REI] [REIPlugin END] Reloading Section: "pre-register/ExpandedDelightREI of ExpandedDelightREI [expandeddelight]/" done in 6.400 μs
[13:59:25] [REI-ReloadPlugins/TRACE] [REI] [REIPlugin END] Reloading Section: "pre-register/CreateAdditionREI of CreateAdditionREI [createaddition]/"
[13:59:25] [REI-ReloadPlugins/TRACE] [REI] [REIPlugin END] Reloading Section: "pre-register/CreateAdditionREI of CreateAdditionREI [createaddition]/" done in 7.400 μs
[13:59:25] [REI-ReloadPlugins/TRACE] [REI] [REIPlugin END] Reloading Section: "pre-register/NewAgeReiPlugin of NewAgeReiPlugin [create_new_age]/"
[13:59:25] [REI-ReloadPlugins/TRACE] [REI] [REIPlugin END] Reloading Section: "pre-register/NewAgeReiPlugin of NewAgeReiPlugin [create_new_age]/" done in 9.200 μs
[13:59:25] [REI-ReloadPlugins/TRACE] [REI] [REIPlugin END] Reloading Section: "pre-register/create:rei_plugin of create:rei_plugin [create]/"
[13:59:25] [REI-ReloadPlugins/TRACE] [REI] [REIPlugin END] Reloading Section: "pre-register/create:rei_plugin of create:rei_plugin [create]/" done in 8.800 μs
[13:59:25] [REI-ReloadPlugins/TRACE] [REI] [REIPlugin END] Reloading Section: "pre-register/ChiselREI of ChiselREI [chisel]/"
[13:59:25] [REI-ReloadPlugins/TRACE] [REI] [REIPlugin END] Reloading Section: "pre-register/ChiselREI of ChiselREI [chisel]/" done in 7.200 μs
[13:59:25] [REI-ReloadPlugins/TRACE] [REI] [REIPlugin END] Reloading Section: "pre-register/REITooltipPlugin of REITooltipPlugin [appleskin]/"
[13:59:25] [REI-ReloadPlugins/TRACE] [REI] [REIPlugin END] Reloading Section: "pre-register/REITooltipPlugin of REITooltipPlugin [appleskin]/" done in 47.00 μs
[13:59:25] [REI-ReloadPlugins/TRACE] [REI] [REIPlugin END] Reloading Section: "pre-register/AdAstraReiPlugin of AdAstraReiPlugin [ad_astra]/"
[13:59:25] [REI-ReloadPlugins/TRACE] [REI] [REIPlugin END] Reloading Section: "pre-register/AdAstraReiPlugin of AdAstraReiPlugin [ad_astra]/" done in 7.900 μs
[13:59:25] [REI-ReloadPlugins/TRACE] [REI] [REIPlugin END] Reloading Section: "pre-register/DefaultRuntimePlugin of DefaultRuntimePlugin [roughlyenoughitems]/"
[13:59:25] [REI-ReloadPlugins/TRACE] [REI] [REIPlugin END] Reloading Section: "pre-register/DefaultRuntimePlugin of DefaultRuntimePlugin [roughlyenoughitems]/" done in 7.500 μs
[13:59:25] [REI-ReloadPlugins/TRACE] [REI] [REIPlugin END] Reloading Section: "pre-register/ReiRecipeAction of ReiRecipeAction [wthit]/"
[13:59:25] [REI-ReloadPlugins/TRACE] [REI] [REIPlugin END] Reloading Section: "pre-register/ReiRecipeAction of ReiRecipeAction [wthit]/" done in 8.000 μs
[13:59:25] [REI-ReloadPlugins/TRACE] [REI] [REIPlugin END] Reloading Section: "pre-register/" done in 2.103 ms
[13:59:25] [REI-ReloadPlugins/TRACE] [REI] [REIPlugin END] Reloading Section: "pre-stage/"
[13:59:25] [REI-ReloadPlugins/TRACE] [REI] [REIPlugin END] Reloading Section: "pre-stage/EntryTypeRegistryImpl/"
[13:59:25] [REI-ReloadPlugins/TRACE] [REI] [REIPlugin END] Reloading Section: "pre-stage/EntryTypeRegistryImpl/" done in 8.800 μs
[13:59:25] [REI-ReloadPlugins/TRACE] [REI] [REIPlugin END] Reloading Section: "pre-stage/EntrySettingsAdapterRegistryImpl/"
[13:59:25] [REI-ReloadPlugins/TRACE] [REI] [REIPlugin END] Reloading Section: "pre-stage/EntrySettingsAdapterRegistryImpl/" done in 4.800 μs
[13:59:25] [REI-ReloadPlugins/TRACE] [REI] [REIPlugin END] Reloading Section: "pre-stage/RecipeManagerContextImpl/"
[13:59:25] [REI-ReloadPlugins/TRACE] [REI] [REIPlugin END] Reloading Section: "pre-stage/RecipeManagerContextImpl/" done in 4.700 μs
[13:59:25] [REI-ReloadPlugins/TRACE] [REI] [REIPlugin END] Reloading Section: "pre-stage/ItemComparatorRegistryImpl/"
[13:59:25] [REI-ReloadPlugins/TRACE] [REI] [REIPlugin END] Reloading Section: "pre-stage/ItemComparatorRegistryImpl/" done in 4.900 μs
[13:59:25] [REI-ReloadPlugins/TRACE] [REI] [REIPlugin END] Reloading Section: "pre-stage/FluidComparatorRegistryImpl/"
[13:59:25] [REI-ReloadPlugins/TRACE] [REI] [REIPlugin END] Reloading Section: "pre-stage/FluidComparatorRegistryImpl/" done in 4.900 μs
[13:59:25] [REI-ReloadPlugins/TRACE] [REI] [REIPlugin END] Reloading Section: "pre-stage/DisplaySerializerRegistryImpl/"
[13:59:25] [REI-ReloadPlugins/TRACE] [REI] [REIPlugin END] Reloading Section: "pre-stage/DisplaySerializerRegistryImpl/" done in 5.000 μs
[13:59:25] [REI-ReloadPlugins/TRACE] [REI] [REIPlugin END] Reloading Section: "pre-stage/FluidSupportProviderImpl/"
[13:59:25] [REI-ReloadPlugins/TRACE] [REI] [REIPlugin END] Reloading Section: "pre-stage/FluidSupportProviderImpl/" done in 4.900 μs
[13:59:25] [REI-ReloadPlugins/TRACE] [REI] [REIPlugin END] Reloading Section: "pre-stage/me.shedaniel.rei.plugin.client.runtime.PluginStageExecutionWatcher$1/"
[13:59:25] [REI-ReloadPlugins/TRACE] [REI] [REIPlugin END] Reloading Section: "pre-stage/me.shedaniel.rei.plugin.client.runtime.PluginStageExecutionWatcher$1/" done in 13.60 μs
[13:59:25] [REI-ReloadPlugins/TRACE] [REI] [REIPlugin END] Reloading Section: "pre-stage/" done in 1.071 ms
[13:59:25] [REI-ReloadPlugins/DEBUG] [REI] ========================================
[13:59:25] [REI-ReloadPlugins/DEBUG] [REI] REIPlugin finished pre-reload for END in 3.542 ms.
[13:59:25] [REI-ReloadPlugins/DEBUG] [REI] ========================================
[13:59:25] [REI-ReloadPlugins/DEBUG] [REI] ========================================
[13:59:25] [REI-ReloadPlugins/DEBUG] [REI] REIClientPlugin starting pre-reload for END.
[13:59:25] [REI-ReloadPlugins/DEBUG] [REI] Reloadables (18):
[13:59:25] [REI-ReloadPlugins/DEBUG] [REI]  - EntryRendererRegistryImpl
[13:59:25] [REI-ReloadPlugins/DEBUG] [REI]  - ViewsImpl
[13:59:25] [REI-ReloadPlugins/DEBUG] [REI]  - InputMethodRegistryImpl
[13:59:25] [REI-ReloadPlugins/DEBUG] [REI]  - SearchProviderImpl
[13:59:25] [REI-ReloadPlugins/DEBUG] [REI]  - ConfigManagerImpl
[13:59:25] [REI-ReloadPlugins/DEBUG] [REI]  - EntryRegistryImpl
[13:59:25] [REI-ReloadPlugins/DEBUG] [REI]  - CollapsibleEntryRegistryImpl
[13:59:25] [REI-ReloadPlugins/DEBUG] [REI]  - BasicFilteringRuleImpl
[13:59:25] [REI-ReloadPlugins/DEBUG] [REI]  - CategoryRegistryImpl
[13:59:25] [REI-ReloadPlugins/DEBUG] [REI]  - DisplayRegistryImpl
[13:59:25] [REI-ReloadPlugins/DEBUG] [REI]  - ScreenRegistryImpl
[13:59:25] [REI-ReloadPlugins/DEBUG] [REI]  - FavoriteEntryTypeRegistryImpl
[13:59:25] [REI-ReloadPlugins/DEBUG] [REI]  - SubsetsRegistryImpl
[13:59:25] [REI-ReloadPlugins/DEBUG] [REI]  - TransferHandlerRegistryImpl
[13:59:25] [REI-ReloadPlugins/DEBUG] [REI]  - SearchRuntime
[13:59:25] [REI-ReloadPlugins/DEBUG] [REI]  - REIRuntimeImpl
[13:59:25] [REI-ReloadPlugins/DEBUG] [REI]  - ConfigAddonRegistryImpl
[13:59:25] [REI-ReloadPlugins/DEBUG] [REI]  - me.shedaniel.rei.plugin.client.runtime.PluginStageExecutionWatcher$1
[13:59:25] [REI-ReloadPlugins/DEBUG] [REI] Plugins (13):
[13:59:25] [REI-ReloadPlugins/DEBUG] [REI]  - (-100.00) DefaultClientPlugin of DefaultClientPlugin [roughlyenoughitems]
[13:59:25] [REI-ReloadPlugins/DEBUG] [REI]  - (0.00) REICompat of REICompat [sliceanddice]
[13:59:25] [REI-ReloadPlugins/DEBUG] [REI]  - (0.00) HideIngredientsFromTagsPlugin of HideIngredientsFromTagsPlugin [roughlyenoughitems]
[13:59:25] [REI-ReloadPlugins/DEBUG] [REI]  - (0.00) DefaultClientRuntimePlugin of DefaultClientRuntimePlugin [roughlyenoughitems]
[13:59:25] [REI-ReloadPlugins/DEBUG] [REI]  - (0.00) ClientREIPlugin of ClientREIPlugin [farmersdelight]
[13:59:25] [REI-ReloadPlugins/DEBUG] [REI]  - (0.00) ExpandedDelightREI of ExpandedDelightREI [expandeddelight]
[13:59:25] [REI-ReloadPlugins/DEBUG] [REI]  - (0.00) CreateAdditionREI of CreateAdditionREI [createaddition]
[13:59:25] [REI-ReloadPlugins/DEBUG] [REI]  - (0.00) NewAgeReiPlugin of NewAgeReiPlugin [create_new_age]
[13:59:25] [REI-ReloadPlugins/DEBUG] [REI]  - (0.00) create:rei_plugin of create:rei_plugin [create]
[13:59:25] [REI-ReloadPlugins/DEBUG] [REI]  - (0.00) ChiselREI of ChiselREI [chisel]
[13:59:25] [REI-ReloadPlugins/DEBUG] [REI]  - (0.00) REITooltipPlugin of REITooltipPlugin [appleskin]
[13:59:25] [REI-ReloadPlugins/DEBUG] [REI]  - (0.00) AdAstraReiPlugin of AdAstraReiPlugin [ad_astra]
[13:59:25] [REI-ReloadPlugins/DEBUG] [REI]  - (0.00) ReiRecipeAction of ReiRecipeAction [wthit]
[13:59:25] [REI-ReloadPlugins/DEBUG] [REI] ========================================
[13:59:25] [REI-ReloadPlugins/TRACE] [REI] [REIClientPlugin END] Reloading Section: "pre-register/"
[13:59:25] [REI-ReloadPlugins/TRACE] [REI] [REIClientPlugin END] Reloading Section: "pre-register/DefaultClientPlugin of DefaultClientPlugin [roughlyenoughitems]/"
[13:59:25] [REI-ReloadPlugins/TRACE] [REI] [REIClientPlugin END] Reloading Section: "pre-register/DefaultClientPlugin of DefaultClientPlugin [roughlyenoughitems]/" done in 19.40 μs
[13:59:25] [REI-ReloadPlugins/TRACE] [REI] [REIClientPlugin END] Reloading Section: "pre-register/REICompat of REICompat [sliceanddice]/"
[13:59:25] [REI-ReloadPlugins/TRACE] [REI] [REIClientPlugin END] Reloading Section: "pre-register/REICompat of REICompat [sliceanddice]/" done in 8.100 μs
[13:59:25] [REI-ReloadPlugins/TRACE] [REI] [REIClientPlugin END] Reloading Section: "pre-register/HideIngredientsFromTagsPlugin of HideIngredientsFromTagsPlugin [roughlyenoughitems]/"
[13:59:25] [REI-ReloadPlugins/TRACE] [REI] [REIClientPlugin END] Reloading Section: "pre-register/HideIngredientsFromTagsPlugin of HideIngredientsFromTagsPlugin [roughlyenoughitems]/" done in 7.600 μs
[13:59:25] [REI-ReloadPlugins/TRACE] [REI] [REIClientPlugin END] Reloading Section: "pre-register/DefaultClientRuntimePlugin of DefaultClientRuntimePlugin [roughlyenoughitems]/"
[13:59:25] [REI-ReloadPlugins/TRACE] [REI] [REIClientPlugin END] Reloading Section: "pre-register/DefaultClientRuntimePlugin of DefaultClientRuntimePlugin [roughlyenoughitems]/" done in 6.700 μs
[13:59:25] [REI-ReloadPlugins/TRACE] [REI] [REIClientPlugin END] Reloading Section: "pre-register/ClientREIPlugin of ClientREIPlugin [farmersdelight]/"
[13:59:25] [REI-ReloadPlugins/TRACE] [REI] [REIClientPlugin END] Reloading Section: "pre-register/ClientREIPlugin of ClientREIPlugin [farmersdelight]/" done in 6.900 μs
[13:59:25] [REI-ReloadPlugins/TRACE] [REI] [REIClientPlugin END] Reloading Section: "pre-register/ExpandedDelightREI of ExpandedDelightREI [expandeddelight]/"
[13:59:25] [REI-ReloadPlugins/TRACE] [REI] [REIClientPlugin END] Reloading Section: "pre-register/ExpandedDelightREI of ExpandedDelightREI [expandeddelight]/" done in 7.500 μs
[13:59:25] [REI-ReloadPlugins/TRACE] [REI] [REIClientPlugin END] Reloading Section: "pre-register/CreateAdditionREI of CreateAdditionREI [createaddition]/"
[13:59:25] [REI-ReloadPlugins/TRACE] [REI] [REIClientPlugin END] Reloading Section: "pre-register/CreateAdditionREI of CreateAdditionREI [createaddition]/" done in 7.000 μs
[13:59:25] [REI-ReloadPlugins/TRACE] [REI] [REIClientPlugin END] Reloading Section: "pre-register/NewAgeReiPlugin of NewAgeReiPlugin [create_new_age]/"
[13:59:25] [REI-ReloadPlugins/TRACE] [REI] [REIClientPlugin END] Reloading Section: "pre-register/NewAgeReiPlugin of NewAgeReiPlugin [create_new_age]/" done in 7.700 μs
[13:59:25] [REI-ReloadPlugins/TRACE] [REI] [REIClientPlugin END] Reloading Section: "pre-register/create:rei_plugin of create:rei_plugin [create]/"
[13:59:25] [REI-ReloadPlugins/TRACE] [REI] [REIClientPlugin END] Reloading Section: "pre-register/create:rei_plugin of create:rei_plugin [create]/" done in 32.30 μs
[13:59:25] [REI-ReloadPlugins/TRACE] [REI] [REIClientPlugin END] Reloading Section: "pre-register/ChiselREI of ChiselREI [chisel]/"
[13:59:25] [REI-ReloadPlugins/TRACE] [REI] [REIClientPlugin END] Reloading Section: "pre-register/ChiselREI of ChiselREI [chisel]/" done in 7.100 μs
[13:59:25] [REI-ReloadPlugins/TRACE] [REI] [REIClientPlugin END] Reloading Section: "pre-register/REITooltipPlugin of REITooltipPlugin [appleskin]/"
[13:59:25] [REI-ReloadPlugins/TRACE] [REI] [REIClientPlugin END] Reloading Section: "pre-register/REITooltipPlugin of REITooltipPlugin [appleskin]/" done in 6.600 μs
[13:59:25] [REI-ReloadPlugins/TRACE] [REI] [REIClientPlugin END] Reloading Section: "pre-register/AdAstraReiPlugin of AdAstraReiPlugin [ad_astra]/"
[13:59:25] [REI-ReloadPlugins/TRACE] [REI] [REIClientPlugin END] Reloading Section: "pre-register/AdAstraReiPlugin of AdAstraReiPlugin [ad_astra]/" done in 6.500 μs
[13:59:25] [REI-ReloadPlugins/TRACE] [REI] [REIClientPlugin END] Reloading Section: "pre-register/ReiRecipeAction of ReiRecipeAction [wthit]/"
[13:59:25] [REI-ReloadPlugins/TRACE] [REI] [REIClientPlugin END] Reloading Section: "pre-register/ReiRecipeAction of ReiRecipeAction [wthit]/" done in 6.500 μs
[13:59:25] [REI-ReloadPlugins/TRACE] [REI] [REIClientPlugin END] Reloading Section: "pre-register/" done in 1.304 ms
[13:59:25] [REI-ReloadPlugins/TRACE] [REI] [REIClientPlugin END] Reloading Section: "pre-stage/"
[13:59:25] [REI-ReloadPlugins/TRACE] [REI] [REIClientPlugin END] Reloading Section: "pre-stage/EntryRendererRegistryImpl/"
[13:59:25] [REI-ReloadPlugins/TRACE] [REI] [REIClientPlugin END] Reloading Section: "pre-stage/EntryRendererRegistryImpl/" done in 8.300 μs
[13:59:25] [REI-ReloadPlugins/TRACE] [REI] [REIClientPlugin END] Reloading Section: "pre-stage/ViewsImpl/"
[13:59:25] [REI-ReloadPlugins/TRACE] [REI] [REIClientPlugin END] Reloading Section: "pre-stage/ViewsImpl/" done in 4.800 μs
[13:59:25] [REI-ReloadPlugins/TRACE] [REI] [REIClientPlugin END] Reloading Section: "pre-stage/InputMethodRegistryImpl/"
[13:59:25] [REI-ReloadPlugins/TRACE] [REI] [REIClientPlugin END] Reloading Section: "pre-stage/InputMethodRegistryImpl/" done in 4.700 μs
[13:59:25] [REI-ReloadPlugins/TRACE] [REI] [REIClientPlugin END] Reloading Section: "pre-stage/SearchProviderImpl/"
[13:59:25] [REI-ReloadPlugins/TRACE] [REI] [REIClientPlugin END] Reloading Section: "pre-stage/SearchProviderImpl/" done in 4.600 μs
[13:59:25] [REI-ReloadPlugins/TRACE] [REI] [REIClientPlugin END] Reloading Section: "pre-stage/ConfigManagerImpl/"
[13:59:25] [REI-ReloadPlugins/TRACE] [REI] [REIClientPlugin END] Reloading Section: "pre-stage/ConfigManagerImpl/" done in 4.400 μs
[13:59:25] [REI-ReloadPlugins/TRACE] [REI] [REIClientPlugin END] Reloading Section: "pre-stage/EntryRegistryImpl/"
[13:59:25] [REI-ReloadPlugins/TRACE] [REI] [REIClientPlugin END] Reloading Section: "pre-stage/EntryRegistryImpl/" done in 4.400 μs
[13:59:25] [REI-ReloadPlugins/TRACE] [REI] [REIClientPlugin END] Reloading Section: "pre-stage/CollapsibleEntryRegistryImpl/"
[13:59:25] [REI-ReloadPlugins/TRACE] [REI] [REIClientPlugin END] Reloading Section: "pre-stage/CollapsibleEntryRegistryImpl/" done in 4.600 μs
[13:59:25] [REI-ReloadPlugins/TRACE] [REI] [REIClientPlugin END] Reloading Section: "pre-stage/BasicFilteringRuleImpl/"
[13:59:25] [REI-ReloadPlugins/TRACE] [REI] [REIClientPlugin END] Reloading Section: "pre-stage/BasicFilteringRuleImpl/" done in 4.400 μs
[13:59:25] [REI-ReloadPlugins/TRACE] [REI] [REIClientPlugin END] Reloading Section: "pre-stage/CategoryRegistryImpl/"
[13:59:25] [REI-ReloadPlugins/TRACE] [REI] [REIClientPlugin END] Reloading Section: "pre-stage/CategoryRegistryImpl/" done in 4.600 μs
[13:59:25] [REI-ReloadPlugins/TRACE] [REI] [REIClientPlugin END] Reloading Section: "pre-stage/DisplayRegistryImpl/"
[13:59:25] [REI-ReloadPlugins/TRACE] [REI] [REIClientPlugin END] Reloading Section: "pre-stage/DisplayRegistryImpl/" done in 4.600 μs
[13:59:25] [REI-ReloadPlugins/TRACE] [REI] [REIClientPlugin END] Reloading Section: "pre-stage/ScreenRegistryImpl/"
[13:59:25] [REI-ReloadPlugins/TRACE] [REI] [REIClientPlugin END] Reloading Section: "pre-stage/ScreenRegistryImpl/" done in 4.900 μs
[13:59:25] [REI-ReloadPlugins/TRACE] [REI] [REIClientPlugin END] Reloading Section: "pre-stage/FavoriteEntryTypeRegistryImpl/"
[13:59:25] [REI-ReloadPlugins/TRACE] [REI] [REIClientPlugin END] Reloading Section: "pre-stage/FavoriteEntryTypeRegistryImpl/" done in 4.800 μs
[13:59:25] [REI-ReloadPlugins/TRACE] [REI] [REIClientPlugin END] Reloading Section: "pre-stage/SubsetsRegistryImpl/"
[13:59:25] [REI-ReloadPlugins/TRACE] [REI] [REIClientPlugin END] Reloading Section: "pre-stage/SubsetsRegistryImpl/" done in 4.900 μs
[13:59:25] [REI-ReloadPlugins/TRACE] [REI] [REIClientPlugin END] Reloading Section: "pre-stage/TransferHandlerRegistryImpl/"
[13:59:25] [REI-ReloadPlugins/TRACE] [REI] [REIClientPlugin END] Reloading Section: "pre-stage/TransferHandlerRegistryImpl/" done in 4.700 μs
[13:59:25] [REI-ReloadPlugins/TRACE] [REI] [REIClientPlugin END] Reloading Section: "pre-stage/SearchRuntime/"
[13:59:25] [REI-ReloadPlugins/TRACE] [REI] [REIClientPlugin END] Reloading Section: "pre-stage/SearchRuntime/" done in 4.800 μs
[13:59:25] [REI-ReloadPlugins/TRACE] [REI] [REIClientPlugin END] Reloading Section: "pre-stage/REIRuntimeImpl/"
[13:59:25] [REI-ReloadPlugins/TRACE] [REI] [REIClientPlugin END] Reloading Section: "pre-stage/REIRuntimeImpl/" done in 4.500 μs
[13:59:25] [REI-ReloadPlugins/TRACE] [REI] [REIClientPlugin END] Reloading Section: "pre-stage/ConfigAddonRegistryImpl/"
[13:59:25] [REI-ReloadPlugins/TRACE] [REI] [REIClientPlugin END] Reloading Section: "pre-stage/ConfigAddonRegistryImpl/" done in 21.70 μs
[13:59:25] [REI-ReloadPlugins/TRACE] [REI] [REIClientPlugin END] Reloading Section: "pre-stage/me.shedaniel.rei.plugin.client.runtime.PluginStageExecutionWatcher$1/"
[13:59:25] [REI-ReloadPlugins/TRACE] [REI] [REIClientPlugin END] Reloading Section: "pre-stage/me.shedaniel.rei.plugin.client.runtime.PluginStageExecutionWatcher$1/" done in 12.00 μs
[13:59:25] [REI-ReloadPlugins/TRACE] [REI] [REIClientPlugin END] Reloading Section: "pre-stage/" done in 1.605 ms
[13:59:25] [REI-ReloadPlugins/DEBUG] [REI] ========================================
[13:59:25] [REI-ReloadPlugins/DEBUG] [REI] REIClientPlugin finished pre-reload for END in 3.069 ms.
[13:59:25] [REI-ReloadPlugins/DEBUG] [REI] ========================================
[13:59:25] [REI-ReloadPlugins/DEBUG] [REI] ========================================
[13:59:25] [REI-ReloadPlugins/DEBUG] [REI] REIServerPlugin starting pre-reload for END.
[13:59:25] [REI-ReloadPlugins/DEBUG] [REI] Reloadables (3):
[13:59:25] [REI-ReloadPlugins/DEBUG] [REI]  - MenuInfoRegistryImpl
[13:59:25] [REI-ReloadPlugins/DEBUG] [REI]  - SlotAccessorRegistryImpl
[13:59:25] [REI-ReloadPlugins/DEBUG] [REI]  - me.shedaniel.rei.plugin.client.runtime.PluginStageExecutionWatcher$1
[13:59:25] [REI-ReloadPlugins/DEBUG] [REI] Plugins (3):
[13:59:25] [REI-ReloadPlugins/DEBUG] [REI]  - (-100.00) DefaultPlugin of DefaultPlugin [roughlyenoughitems]
[13:59:25] [REI-ReloadPlugins/DEBUG] [REI]  - (0.00) FabricFluidAPISupportPlugin
[13:59:25] [REI-ReloadPlugins/DEBUG] [REI]  - (0.00) DefaultRuntimePlugin of DefaultRuntimePlugin [roughlyenoughitems]
[13:59:25] [REI-ReloadPlugins/DEBUG] [REI] ========================================
[13:59:25] [REI-ReloadPlugins/TRACE] [REI] [REIServerPlugin END] Reloading Section: "pre-register/"
[13:59:25] [REI-ReloadPlugins/TRACE] [REI] [REIServerPlugin END] Reloading Section: "pre-register/DefaultPlugin of DefaultPlugin [roughlyenoughitems]/"
[13:59:25] [REI-ReloadPlugins/TRACE] [REI] [REIServerPlugin END] Reloading Section: "pre-register/DefaultPlugin of DefaultPlugin [roughlyenoughitems]/" done in 14.10 μs
[13:59:25] [REI-ReloadPlugins/TRACE] [REI] [REIServerPlugin END] Reloading Section: "pre-register/FabricFluidAPISupportPlugin/"
[13:59:25] [REI-ReloadPlugins/TRACE] [REI] [REIServerPlugin END] Reloading Section: "pre-register/FabricFluidAPISupportPlugin/" done in 6.800 μs
[13:59:25] [REI-ReloadPlugins/TRACE] [REI] [REIServerPlugin END] Reloading Section: "pre-register/DefaultRuntimePlugin of DefaultRuntimePlugin [roughlyenoughitems]/"
[13:59:25] [REI-ReloadPlugins/TRACE] [REI] [REIServerPlugin END] Reloading Section: "pre-register/DefaultRuntimePlugin of DefaultRuntimePlugin [roughlyenoughitems]/" done in 6.300 μs
[13:59:25] [REI-ReloadPlugins/TRACE] [REI] [REIServerPlugin END] Reloading Section: "pre-register/" done in 254.6 μs
[13:59:25] [REI-ReloadPlugins/TRACE] [REI] [REIServerPlugin END] Reloading Section: "pre-stage/"
[13:59:25] [REI-ReloadPlugins/TRACE] [REI] [REIServerPlugin END] Reloading Section: "pre-stage/MenuInfoRegistryImpl/"
[13:59:25] [REI-ReloadPlugins/TRACE] [REI] [REIServerPlugin END] Reloading Section: "pre-stage/MenuInfoRegistryImpl/" done in 6.100 μs
[13:59:25] [REI-ReloadPlugins/TRACE] [REI] [REIServerPlugin END] Reloading Section: "pre-stage/SlotAccessorRegistryImpl/"
[13:59:25] [REI-ReloadPlugins/TRACE] [REI] [REIServerPlugin END] Reloading Section: "pre-stage/SlotAccessorRegistryImpl/" done in 4.800 μs
[13:59:25] [REI-ReloadPlugins/TRACE] [REI] [REIServerPlugin END] Reloading Section: "pre-stage/me.shedaniel.rei.plugin.client.runtime.PluginStageExecutionWatcher$1/"
[13:59:25] [REI-ReloadPlugins/TRACE] [REI] [REIServerPlugin END] Reloading Section: "pre-stage/me.shedaniel.rei.plugin.client.runtime.PluginStageExecutionWatcher$1/" done in 8.600 μs
[13:59:25] [REI-ReloadPlugins/TRACE] [REI] [REIServerPlugin END] Reloading Section: "pre-stage/" done in 235.4 μs
[13:59:25] [REI-ReloadPlugins/DEBUG] [REI] ========================================
[13:59:25] [REI-ReloadPlugins/DEBUG] [REI] REIServerPlugin finished pre-reload for END in 627.7 μs.
[13:59:25] [REI-ReloadPlugins/DEBUG] [REI] ========================================
[13:59:25] [REI-ReloadPlugins/INFO] [REI] ~~~~~~~~~~~~~~~~~~~~~~~~~~~~~~~~~~~~~~~~
[13:59:25] [REI-ReloadPlugins/INFO] [REI] REIPlugin starting main-reload for END.
[13:59:25] [REI-ReloadPlugins/DEBUG] [REI] Reloadables (8):
[13:59:25] [REI-ReloadPlugins/DEBUG] [REI]  - EntryTypeRegistryImpl
[13:59:25] [REI-ReloadPlugins/DEBUG] [REI]  - EntrySettingsAdapterRegistryImpl
[13:59:25] [REI-ReloadPlugins/DEBUG] [REI]  - RecipeManagerContextImpl
[13:59:25] [REI-ReloadPlugins/DEBUG] [REI]  - ItemComparatorRegistryImpl
[13:59:25] [REI-ReloadPlugins/DEBUG] [REI]  - FluidComparatorRegistryImpl
[13:59:25] [REI-ReloadPlugins/DEBUG] [REI]  - DisplaySerializerRegistryImpl
[13:59:25] [REI-ReloadPlugins/DEBUG] [REI]  - FluidSupportProviderImpl
[13:59:25] [REI-ReloadPlugins/DEBUG] [REI]  - me.shedaniel.rei.plugin.client.runtime.PluginStageExecutionWatcher$1
[13:59:25] [REI-ReloadPlugins/INFO] [REI] Plugins (16):
[13:59:25] [REI-ReloadPlugins/INFO] [REI]  - (-100.00) DefaultClientPlugin of DefaultClientPlugin [roughlyenoughitems]
[13:59:25] [REI-ReloadPlugins/INFO] [REI]  - (-100.00) DefaultPlugin of DefaultPlugin [roughlyenoughitems]
[13:59:25] [REI-ReloadPlugins/INFO] [REI]  - (0.00) FabricFluidAPISupportPlugin
[13:59:25] [REI-ReloadPlugins/INFO] [REI]  - (0.00) REICompat of REICompat [sliceanddice]
[13:59:25] [REI-ReloadPlugins/INFO] [REI]  - (0.00) HideIngredientsFromTagsPlugin of HideIngredientsFromTagsPlugin [roughlyenoughitems]
[13:59:25] [REI-ReloadPlugins/INFO] [REI]  - (0.00) DefaultClientRuntimePlugin of DefaultClientRuntimePlugin [roughlyenoughitems]
[13:59:25] [REI-ReloadPlugins/INFO] [REI]  - (0.00) ClientREIPlugin of ClientREIPlugin [farmersdelight]
[13:59:25] [REI-ReloadPlugins/INFO] [REI]  - (0.00) ExpandedDelightREI of ExpandedDelightREI [expandeddelight]
[13:59:25] [REI-ReloadPlugins/INFO] [REI]  - (0.00) CreateAdditionREI of CreateAdditionREI [createaddition]
[13:59:25] [REI-ReloadPlugins/INFO] [REI]  - (0.00) NewAgeReiPlugin of NewAgeReiPlugin [create_new_age]
[13:59:25] [REI-ReloadPlugins/INFO] [REI]  - (0.00) create:rei_plugin of create:rei_plugin [create]
[13:59:25] [REI-ReloadPlugins/INFO] [REI]  - (0.00) ChiselREI of ChiselREI [chisel]
[13:59:25] [REI-ReloadPlugins/INFO] [REI]  - (0.00) REITooltipPlugin of REITooltipPlugin [appleskin]
[13:59:25] [REI-ReloadPlugins/INFO] [REI]  - (0.00) AdAstraReiPlugin of AdAstraReiPlugin [ad_astra]
[13:59:25] [REI-ReloadPlugins/INFO] [REI]  - (0.00) DefaultRuntimePlugin of DefaultRuntimePlugin [roughlyenoughitems]
[13:59:25] [REI-ReloadPlugins/INFO] [REI]  - (0.00) ReiRecipeAction of ReiRecipeAction [wthit]
[13:59:25] [REI-ReloadPlugins/INFO] [REI] ~~~~~~~~~~~~~~~~~~~~~~~~~~~~~~~~~~~~~~~~
[13:59:25] [REI-ReloadPlugins/TRACE] [REI] [REIPlugin END] Reloading Section: "start-reload/"
[13:59:25] [REI-ReloadPlugins/TRACE] [REI] [REIPlugin END] Reloading Section: "start-reload/EntryTypeRegistryImpl/"
[13:59:25] [REI-ReloadPlugins/TRACE] [REI] [REIPlugin END] Reloading Section: "start-reload/EntryTypeRegistryImpl/" done in 23.50 μs
[13:59:25] [REI-ReloadPlugins/TRACE] [REI] [REIPlugin END] Reloading Section: "start-reload/EntrySettingsAdapterRegistryImpl/"
[13:59:25] [REI-ReloadPlugins/TRACE] [REI] [REIPlugin END] Reloading Section: "start-reload/EntrySettingsAdapterRegistryImpl/" done in 18.00 μs
[13:59:25] [REI-ReloadPlugins/TRACE] [REI] [REIPlugin END] Reloading Section: "start-reload/RecipeManagerContextImpl/"
[13:59:25] [REI-ReloadPlugins/TRACE] [REI] [REIPlugin END] Reloading Section: "start-reload/RecipeManagerContextImpl/" done in 6.900 μs
[13:59:25] [REI-ReloadPlugins/TRACE] [REI] [REIPlugin END] Reloading Section: "start-reload/ItemComparatorRegistryImpl/"
[13:59:25] [REI-ReloadPlugins/TRACE] [REI] [REIPlugin END] Reloading Section: "start-reload/ItemComparatorRegistryImpl/" done in 4.600 μs
[13:59:25] [REI-ReloadPlugins/TRACE] [REI] [REIPlugin END] Reloading Section: "start-reload/FluidComparatorRegistryImpl/"
[13:59:25] [REI-ReloadPlugins/TRACE] [REI] [REIPlugin END] Reloading Section: "start-reload/FluidComparatorRegistryImpl/" done in 4.200 μs
[13:59:25] [REI-ReloadPlugins/TRACE] [REI] [REIPlugin END] Reloading Section: "start-reload/DisplaySerializerRegistryImpl/"
[13:59:25] [REI-ReloadPlugins/TRACE] [REI] [REIPlugin END] Reloading Section: "start-reload/DisplaySerializerRegistryImpl/" done in 20.30 μs
[13:59:25] [REI-ReloadPlugins/TRACE] [REI] [REIPlugin END] Reloading Section: "start-reload/FluidSupportProviderImpl/"
[13:59:25] [REI-ReloadPlugins/TRACE] [REI] [REIPlugin END] Reloading Section: "start-reload/FluidSupportProviderImpl/" done in 4.700 μs
[13:59:25] [REI-ReloadPlugins/TRACE] [REI] [REIPlugin END] Reloading Section: "start-reload/me.shedaniel.rei.plugin.client.runtime.PluginStageExecutionWatcher$1/"
[13:59:25] [REI-ReloadPlugins/TRACE] [REI] [REIPlugin END] Reloading Section: "start-reload/me.shedaniel.rei.plugin.client.runtime.PluginStageExecutionWatcher$1/" done in 5.600 μs
[13:59:25] [REI-ReloadPlugins/TRACE] [REI] [REIPlugin END] Reloading Section: "start-reload/" done in 722.0 μs
[13:59:25] [REI-ReloadPlugins/DEBUG] [REI] ========================================
[13:59:25] [REI-ReloadPlugins/DEBUG] [REI] REIPlugin started main-reload for END.
[13:59:25] [REI-ReloadPlugins/DEBUG] [REI] ========================================
[13:59:25] [REI-ReloadPlugins/TRACE] [REI] [REIPlugin END] Reloading Section: "reloadable-plugin/EntryTypeRegistryImpl/"
[13:59:25] [REI-ReloadPlugins/TRACE] [REI] [REIPlugin END] Reloading Section: "reloadable-plugin/EntryTypeRegistryImpl/DefaultClientPlugin of DefaultClientPlugin [roughlyenoughitems]/"
[13:59:25] [REI-ReloadPlugins/TRACE] [REI] [REIPlugin END] Reloading Section: "reloadable-plugin/EntryTypeRegistryImpl/DefaultClientPlugin of DefaultClientPlugin [roughlyenoughitems]/" done in 15.10 μs
[13:59:25] [REI-ReloadPlugins/TRACE] [REI] [REIPlugin END] Reloading Section: "reloadable-plugin/EntryTypeRegistryImpl/DefaultPlugin of DefaultPlugin [roughlyenoughitems]/"
[13:59:25] [REI-ReloadPlugins/TRACE] [REI] [REIPlugin END] Reloading Section: "reloadable-plugin/EntryTypeRegistryImpl/DefaultPlugin of DefaultPlugin [roughlyenoughitems]/" done in 6.700 μs
[13:59:25] [REI-ReloadPlugins/TRACE] [REI] [REIPlugin END] Reloading Section: "reloadable-plugin/EntryTypeRegistryImpl/FabricFluidAPISupportPlugin/"
[13:59:25] [REI-ReloadPlugins/TRACE] [REI] [REIPlugin END] Reloading Section: "reloadable-plugin/EntryTypeRegistryImpl/FabricFluidAPISupportPlugin/" done in 6.400 μs
[13:59:25] [REI-ReloadPlugins/TRACE] [REI] [REIPlugin END] Reloading Section: "reloadable-plugin/EntryTypeRegistryImpl/REICompat of REICompat [sliceanddice]/"
[13:59:25] [REI-ReloadPlugins/TRACE] [REI] [REIPlugin END] Reloading Section: "reloadable-plugin/EntryTypeRegistryImpl/REICompat of REICompat [sliceanddice]/" done in 6.100 μs
[13:59:25] [REI-ReloadPlugins/TRACE] [REI] [REIPlugin END] Reloading Section: "reloadable-plugin/EntryTypeRegistryImpl/HideIngredientsFromTagsPlugin of HideIngredientsFromTagsPlugin [roughlyenoughitems]/"
[13:59:25] [REI-ReloadPlugins/TRACE] [REI] [REIPlugin END] Reloading Section: "reloadable-plugin/EntryTypeRegistryImpl/HideIngredientsFromTagsPlugin of HideIngredientsFromTagsPlugin [roughlyenoughitems]/" done in 6.400 μs
[13:59:25] [REI-ReloadPlugins/TRACE] [REI] [REIPlugin END] Reloading Section: "reloadable-plugin/EntryTypeRegistryImpl/DefaultClientRuntimePlugin of DefaultClientRuntimePlugin [roughlyenoughitems]/"
[13:59:25] [REI-ReloadPlugins/TRACE] [REI] [REIPlugin END] Reloading Section: "reloadable-plugin/EntryTypeRegistryImpl/DefaultClientRuntimePlugin of DefaultClientRuntimePlugin [roughlyenoughitems]/" done in 7.400 μs
[13:59:25] [REI-ReloadPlugins/TRACE] [REI] [REIPlugin END] Reloading Section: "reloadable-plugin/EntryTypeRegistryImpl/ClientREIPlugin of ClientREIPlugin [farmersdelight]/"
[13:59:25] [REI-ReloadPlugins/TRACE] [REI] [REIPlugin END] Reloading Section: "reloadable-plugin/EntryTypeRegistryImpl/ClientREIPlugin of ClientREIPlugin [farmersdelight]/" done in 6.700 μs
[13:59:25] [REI-ReloadPlugins/TRACE] [REI] [REIPlugin END] Reloading Section: "reloadable-plugin/EntryTypeRegistryImpl/ExpandedDelightREI of ExpandedDelightREI [expandeddelight]/"
[13:59:25] [REI-ReloadPlugins/TRACE] [REI] [REIPlugin END] Reloading Section: "reloadable-plugin/EntryTypeRegistryImpl/ExpandedDelightREI of ExpandedDelightREI [expandeddelight]/" done in 6.200 μs
[13:59:25] [REI-ReloadPlugins/TRACE] [REI] [REIPlugin END] Reloading Section: "reloadable-plugin/EntryTypeRegistryImpl/CreateAdditionREI of CreateAdditionREI [createaddition]/"
[13:59:25] [REI-ReloadPlugins/TRACE] [REI] [REIPlugin END] Reloading Section: "reloadable-plugin/EntryTypeRegistryImpl/CreateAdditionREI of CreateAdditionREI [createaddition]/" done in 6.200 μs
[13:59:25] [REI-ReloadPlugins/TRACE] [REI] [REIPlugin END] Reloading Section: "reloadable-plugin/EntryTypeRegistryImpl/NewAgeReiPlugin of NewAgeReiPlugin [create_new_age]/"
[13:59:25] [REI-ReloadPlugins/TRACE] [REI] [REIPlugin END] Reloading Section: "reloadable-plugin/EntryTypeRegistryImpl/NewAgeReiPlugin of NewAgeReiPlugin [create_new_age]/" done in 6.500 μs
[13:59:25] [REI-ReloadPlugins/TRACE] [REI] [REIPlugin END] Reloading Section: "reloadable-plugin/EntryTypeRegistryImpl/create:rei_plugin of create:rei_plugin [create]/"
[13:59:25] [REI-ReloadPlugins/TRACE] [REI] [REIPlugin END] Reloading Section: "reloadable-plugin/EntryTypeRegistryImpl/create:rei_plugin of create:rei_plugin [create]/" done in 6.500 μs
[13:59:25] [REI-ReloadPlugins/TRACE] [REI] [REIPlugin END] Reloading Section: "reloadable-plugin/EntryTypeRegistryImpl/ChiselREI of ChiselREI [chisel]/"
[13:59:25] [REI-ReloadPlugins/TRACE] [REI] [REIPlugin END] Reloading Section: "reloadable-plugin/EntryTypeRegistryImpl/ChiselREI of ChiselREI [chisel]/" done in 6.600 μs
[13:59:25] [REI-ReloadPlugins/TRACE] [REI] [REIPlugin END] Reloading Section: "reloadable-plugin/EntryTypeRegistryImpl/REITooltipPlugin of REITooltipPlugin [appleskin]/"
[13:59:25] [REI-ReloadPlugins/TRACE] [REI] [REIPlugin END] Reloading Section: "reloadable-plugin/EntryTypeRegistryImpl/REITooltipPlugin of REITooltipPlugin [appleskin]/" done in 30.70 μs
[13:59:25] [REI-ReloadPlugins/TRACE] [REI] [REIPlugin END] Reloading Section: "reloadable-plugin/EntryTypeRegistryImpl/AdAstraReiPlugin of AdAstraReiPlugin [ad_astra]/"
[13:59:25] [REI-ReloadPlugins/TRACE] [REI] [REIPlugin END] Reloading Section: "reloadable-plugin/EntryTypeRegistryImpl/AdAstraReiPlugin of AdAstraReiPlugin [ad_astra]/" done in 9.800 μs
[13:59:25] [REI-ReloadPlugins/TRACE] [REI] [REIPlugin END] Reloading Section: "reloadable-plugin/EntryTypeRegistryImpl/DefaultRuntimePlugin of DefaultRuntimePlugin [roughlyenoughitems]/"
[13:59:25] [REI-ReloadPlugins/TRACE] [REI] [REIPlugin END] Reloading Section: "reloadable-plugin/EntryTypeRegistryImpl/DefaultRuntimePlugin of DefaultRuntimePlugin [roughlyenoughitems]/" done in 8.900 μs
[13:59:25] [REI-ReloadPlugins/TRACE] [REI] [REIPlugin END] Reloading Section: "reloadable-plugin/EntryTypeRegistryImpl/ReiRecipeAction of ReiRecipeAction [wthit]/"
[13:59:25] [REI-ReloadPlugins/TRACE] [REI] [REIPlugin END] Reloading Section: "reloadable-plugin/EntryTypeRegistryImpl/ReiRecipeAction of ReiRecipeAction [wthit]/" done in 23.80 μs
[13:59:25] [REI-ReloadPlugins/TRACE] [REI] [REIPlugin END] Reloading Section: "reloadable-plugin/EntryTypeRegistryImpl/" done in 1.423 ms
[13:59:25] [REI-ReloadPlugins/TRACE] [REI] [REIPlugin END] Reloading Section: "reloadable-plugin/EntrySettingsAdapterRegistryImpl/"
[13:59:25] [REI-ReloadPlugins/TRACE] [REI] [REIPlugin END] Reloading Section: "reloadable-plugin/EntrySettingsAdapterRegistryImpl/DefaultClientPlugin of DefaultClientPlugin [roughlyenoughitems]/"
[13:59:25] [REI-ReloadPlugins/TRACE] [REI] [REIPlugin END] Reloading Section: "reloadable-plugin/EntrySettingsAdapterRegistryImpl/DefaultClientPlugin of DefaultClientPlugin [roughlyenoughitems]/" done in 21.40 μs
[13:59:25] [REI-ReloadPlugins/TRACE] [REI] [REIPlugin END] Reloading Section: "reloadable-plugin/EntrySettingsAdapterRegistryImpl/DefaultPlugin of DefaultPlugin [roughlyenoughitems]/"
[13:59:25] [REI-ReloadPlugins/TRACE] [REI] [REIPlugin END] Reloading Section: "reloadable-plugin/EntrySettingsAdapterRegistryImpl/DefaultPlugin of DefaultPlugin [roughlyenoughitems]/" done in 9.500 μs
[13:59:25] [REI-ReloadPlugins/TRACE] [REI] [REIPlugin END] Reloading Section: "reloadable-plugin/EntrySettingsAdapterRegistryImpl/FabricFluidAPISupportPlugin/"
[13:59:25] [REI-ReloadPlugins/TRACE] [REI] [REIPlugin END] Reloading Section: "reloadable-plugin/EntrySettingsAdapterRegistryImpl/FabricFluidAPISupportPlugin/" done in 12.20 μs
[13:59:25] [REI-ReloadPlugins/TRACE] [REI] [REIPlugin END] Reloading Section: "reloadable-plugin/EntrySettingsAdapterRegistryImpl/REICompat of REICompat [sliceanddice]/"
[13:59:25] [REI-ReloadPlugins/TRACE] [REI] [REIPlugin END] Reloading Section: "reloadable-plugin/EntrySettingsAdapterRegistryImpl/REICompat of REICompat [sliceanddice]/" done in 10.00 μs
[13:59:25] [REI-ReloadPlugins/TRACE] [REI] [REIPlugin END] Reloading Section: "reloadable-plugin/EntrySettingsAdapterRegistryImpl/HideIngredientsFromTagsPlugin of HideIngredientsFromTagsPlugin [roughlyenoughitems]/"
[13:59:25] [REI-ReloadPlugins/TRACE] [REI] [REIPlugin END] Reloading Section: "reloadable-plugin/EntrySettingsAdapterRegistryImpl/HideIngredientsFromTagsPlugin of HideIngredientsFromTagsPlugin [roughlyenoughitems]/" done in 12.10 μs
[13:59:25] [REI-ReloadPlugins/TRACE] [REI] [REIPlugin END] Reloading Section: "reloadable-plugin/EntrySettingsAdapterRegistryImpl/DefaultClientRuntimePlugin of DefaultClientRuntimePlugin [roughlyenoughitems]/"
[13:59:25] [REI-ReloadPlugins/TRACE] [REI] [REIPlugin END] Reloading Section: "reloadable-plugin/EntrySettingsAdapterRegistryImpl/DefaultClientRuntimePlugin of DefaultClientRuntimePlugin [roughlyenoughitems]/" done in 9.600 μs
[13:59:25] [REI-ReloadPlugins/TRACE] [REI] [REIPlugin END] Reloading Section: "reloadable-plugin/EntrySettingsAdapterRegistryImpl/ClientREIPlugin of ClientREIPlugin [farmersdelight]/"
[13:59:25] [REI-ReloadPlugins/TRACE] [REI] [REIPlugin END] Reloading Section: "reloadable-plugin/EntrySettingsAdapterRegistryImpl/ClientREIPlugin of ClientREIPlugin [farmersdelight]/" done in 10.10 μs
[13:59:25] [REI-ReloadPlugins/TRACE] [REI] [REIPlugin END] Reloading Section: "reloadable-plugin/EntrySettingsAdapterRegistryImpl/ExpandedDelightREI of ExpandedDelightREI [expandeddelight]/"
[13:59:25] [REI-ReloadPlugins/TRACE] [REI] [REIPlugin END] Reloading Section: "reloadable-plugin/EntrySettingsAdapterRegistryImpl/ExpandedDelightREI of ExpandedDelightREI [expandeddelight]/" done in 10.40 μs
[13:59:25] [REI-ReloadPlugins/TRACE] [REI] [REIPlugin END] Reloading Section: "reloadable-plugin/EntrySettingsAdapterRegistryImpl/CreateAdditionREI of CreateAdditionREI [createaddition]/"
[13:59:25] [REI-ReloadPlugins/TRACE] [REI] [REIPlugin END] Reloading Section: "reloadable-plugin/EntrySettingsAdapterRegistryImpl/CreateAdditionREI of CreateAdditionREI [createaddition]/" done in 8.200 μs
[13:59:25] [REI-ReloadPlugins/TRACE] [REI] [REIPlugin END] Reloading Section: "reloadable-plugin/EntrySettingsAdapterRegistryImpl/NewAgeReiPlugin of NewAgeReiPlugin [create_new_age]/"
[13:59:25] [REI-ReloadPlugins/TRACE] [REI] [REIPlugin END] Reloading Section: "reloadable-plugin/EntrySettingsAdapterRegistryImpl/NewAgeReiPlugin of NewAgeReiPlugin [create_new_age]/" done in 9.100 μs
[13:59:25] [REI-ReloadPlugins/TRACE] [REI] [REIPlugin END] Reloading Section: "reloadable-plugin/EntrySettingsAdapterRegistryImpl/create:rei_plugin of create:rei_plugin [create]/"
[13:59:25] [REI-ReloadPlugins/TRACE] [REI] [REIPlugin END] Reloading Section: "reloadable-plugin/EntrySettingsAdapterRegistryImpl/create:rei_plugin of create:rei_plugin [create]/" done in 8.500 μs
[13:59:25] [REI-ReloadPlugins/TRACE] [REI] [REIPlugin END] Reloading Section: "reloadable-plugin/EntrySettingsAdapterRegistryImpl/ChiselREI of ChiselREI [chisel]/"
[13:59:25] [REI-ReloadPlugins/TRACE] [REI] [REIPlugin END] Reloading Section: "reloadable-plugin/EntrySettingsAdapterRegistryImpl/ChiselREI of ChiselREI [chisel]/" done in 11.80 μs
[13:59:25] [REI-ReloadPlugins/TRACE] [REI] [REIPlugin END] Reloading Section: "reloadable-plugin/EntrySettingsAdapterRegistryImpl/REITooltipPlugin of REITooltipPlugin [appleskin]/"
[13:59:25] [REI-ReloadPlugins/TRACE] [REI] [REIPlugin END] Reloading Section: "reloadable-plugin/EntrySettingsAdapterRegistryImpl/REITooltipPlugin of REITooltipPlugin [appleskin]/" done in 13.60 μs
[13:59:25] [REI-ReloadPlugins/TRACE] [REI] [REIPlugin END] Reloading Section: "reloadable-plugin/EntrySettingsAdapterRegistryImpl/AdAstraReiPlugin of AdAstraReiPlugin [ad_astra]/"
[13:59:25] [REI-ReloadPlugins/TRACE] [REI] [REIPlugin END] Reloading Section: "reloadable-plugin/EntrySettingsAdapterRegistryImpl/AdAstraReiPlugin of AdAstraReiPlugin [ad_astra]/" done in 64.00 μs
[13:59:25] [REI-ReloadPlugins/TRACE] [REI] [REIPlugin END] Reloading Section: "reloadable-plugin/EntrySettingsAdapterRegistryImpl/DefaultRuntimePlugin of DefaultRuntimePlugin [roughlyenoughitems]/"
[13:59:25] [REI-ReloadPlugins/TRACE] [REI] [REIPlugin END] Reloading Section: "reloadable-plugin/EntrySettingsAdapterRegistryImpl/DefaultRuntimePlugin of DefaultRuntimePlugin [roughlyenoughitems]/" done in 9.600 μs
[13:59:25] [REI-ReloadPlugins/TRACE] [REI] [REIPlugin END] Reloading Section: "reloadable-plugin/EntrySettingsAdapterRegistryImpl/ReiRecipeAction of ReiRecipeAction [wthit]/"
[13:59:25] [REI-ReloadPlugins/TRACE] [REI] [REIPlugin END] Reloading Section: "reloadable-plugin/EntrySettingsAdapterRegistryImpl/ReiRecipeAction of ReiRecipeAction [wthit]/" done in 12.10 μs
[13:59:25] [REI-ReloadPlugins/TRACE] [REI] [REIPlugin END] Reloading Section: "reloadable-plugin/EntrySettingsAdapterRegistryImpl/" done in 2.455 ms
[13:59:25] [REI-ReloadPlugins/TRACE] [REI] [REIPlugin END] Reloading Section: "reloadable-plugin/RecipeManagerContextImpl/"
[13:59:25] [REI-ReloadPlugins/TRACE] [REI] [REIPlugin END] Reloading Section: "reloadable-plugin/RecipeManagerContextImpl/DefaultClientPlugin of DefaultClientPlugin [roughlyenoughitems]/"
[13:59:25] [REI-ReloadPlugins/TRACE] [REI] [REIPlugin END] Reloading Section: "reloadable-plugin/RecipeManagerContextImpl/DefaultClientPlugin of DefaultClientPlugin [roughlyenoughitems]/" done in 36.10 μs
[13:59:25] [REI-ReloadPlugins/TRACE] [REI] [REIPlugin END] Reloading Section: "reloadable-plugin/RecipeManagerContextImpl/DefaultPlugin of DefaultPlugin [roughlyenoughitems]/"
[13:59:25] [REI-ReloadPlugins/TRACE] [REI] [REIPlugin END] Reloading Section: "reloadable-plugin/RecipeManagerContextImpl/DefaultPlugin of DefaultPlugin [roughlyenoughitems]/" done in 22.00 μs
[13:59:25] [REI-ReloadPlugins/TRACE] [REI] [REIPlugin END] Reloading Section: "reloadable-plugin/RecipeManagerContextImpl/FabricFluidAPISupportPlugin/"
[13:59:25] [REI-ReloadPlugins/TRACE] [REI] [REIPlugin END] Reloading Section: "reloadable-plugin/RecipeManagerContextImpl/FabricFluidAPISupportPlugin/" done in 8.700 μs
[13:59:25] [REI-ReloadPlugins/TRACE] [REI] [REIPlugin END] Reloading Section: "reloadable-plugin/RecipeManagerContextImpl/REICompat of REICompat [sliceanddice]/"
[13:59:25] [REI-ReloadPlugins/TRACE] [REI] [REIPlugin END] Reloading Section: "reloadable-plugin/RecipeManagerContextImpl/REICompat of REICompat [sliceanddice]/" done in 7.300 μs
[13:59:25] [REI-ReloadPlugins/TRACE] [REI] [REIPlugin END] Reloading Section: "reloadable-plugin/RecipeManagerContextImpl/HideIngredientsFromTagsPlugin of HideIngredientsFromTagsPlugin [roughlyenoughitems]/"
[13:59:25] [REI-ReloadPlugins/TRACE] [REI] [REIPlugin END] Reloading Section: "reloadable-plugin/RecipeManagerContextImpl/HideIngredientsFromTagsPlugin of HideIngredientsFromTagsPlugin [roughlyenoughitems]/" done in 8.200 μs
[13:59:25] [REI-ReloadPlugins/TRACE] [REI] [REIPlugin END] Reloading Section: "reloadable-plugin/RecipeManagerContextImpl/DefaultClientRuntimePlugin of DefaultClientRuntimePlugin [roughlyenoughitems]/"
[13:59:25] [REI-ReloadPlugins/TRACE] [REI] [REIPlugin END] Reloading Section: "reloadable-plugin/RecipeManagerContextImpl/DefaultClientRuntimePlugin of DefaultClientRuntimePlugin [roughlyenoughitems]/" done in 9.800 μs
[13:59:25] [REI-ReloadPlugins/TRACE] [REI] [REIPlugin END] Reloading Section: "reloadable-plugin/RecipeManagerContextImpl/ClientREIPlugin of ClientREIPlugin [farmersdelight]/"
[13:59:25] [REI-ReloadPlugins/TRACE] [REI] [REIPlugin END] Reloading Section: "reloadable-plugin/RecipeManagerContextImpl/ClientREIPlugin of ClientREIPlugin [farmersdelight]/" done in 8.300 μs
[13:59:25] [REI-ReloadPlugins/TRACE] [REI] [REIPlugin END] Reloading Section: "reloadable-plugin/RecipeManagerContextImpl/ExpandedDelightREI of ExpandedDelightREI [expandeddelight]/"
[13:59:25] [REI-ReloadPlugins/TRACE] [REI] [REIPlugin END] Reloading Section: "reloadable-plugin/RecipeManagerContextImpl/ExpandedDelightREI of ExpandedDelightREI [expandeddelight]/" done in 8.500 μs
[13:59:25] [REI-ReloadPlugins/TRACE] [REI] [REIPlugin END] Reloading Section: "reloadable-plugin/RecipeManagerContextImpl/CreateAdditionREI of CreateAdditionREI [createaddition]/"
[13:59:25] [REI-ReloadPlugins/TRACE] [REI] [REIPlugin END] Reloading Section: "reloadable-plugin/RecipeManagerContextImpl/CreateAdditionREI of CreateAdditionREI [createaddition]/" done in 7.800 μs
[13:59:25] [REI-ReloadPlugins/TRACE] [REI] [REIPlugin END] Reloading Section: "reloadable-plugin/RecipeManagerContextImpl/NewAgeReiPlugin of NewAgeReiPlugin [create_new_age]/"
[13:59:25] [REI-ReloadPlugins/TRACE] [REI] [REIPlugin END] Reloading Section: "reloadable-plugin/RecipeManagerContextImpl/NewAgeReiPlugin of NewAgeReiPlugin [create_new_age]/" done in 13.20 μs
[13:59:25] [REI-ReloadPlugins/TRACE] [REI] [REIPlugin END] Reloading Section: "reloadable-plugin/RecipeManagerContextImpl/create:rei_plugin of create:rei_plugin [create]/"
[13:59:25] [REI-ReloadPlugins/TRACE] [REI] [REIPlugin END] Reloading Section: "reloadable-plugin/RecipeManagerContextImpl/create:rei_plugin of create:rei_plugin [create]/" done in 10.30 μs
[13:59:25] [REI-ReloadPlugins/TRACE] [REI] [REIPlugin END] Reloading Section: "reloadable-plugin/RecipeManagerContextImpl/ChiselREI of ChiselREI [chisel]/"
[13:59:25] [REI-ReloadPlugins/TRACE] [REI] [REIPlugin END] Reloading Section: "reloadable-plugin/RecipeManagerContextImpl/ChiselREI of ChiselREI [chisel]/" done in 8.300 μs
[13:59:25] [REI-ReloadPlugins/TRACE] [REI] [REIPlugin END] Reloading Section: "reloadable-plugin/RecipeManagerContextImpl/REITooltipPlugin of REITooltipPlugin [appleskin]/"
[13:59:25] [REI-ReloadPlugins/TRACE] [REI] [REIPlugin END] Reloading Section: "reloadable-plugin/RecipeManagerContextImpl/REITooltipPlugin of REITooltipPlugin [appleskin]/" done in 7.200 μs
[13:59:25] [REI-ReloadPlugins/TRACE] [REI] [REIPlugin END] Reloading Section: "reloadable-plugin/RecipeManagerContextImpl/AdAstraReiPlugin of AdAstraReiPlugin [ad_astra]/"
[13:59:25] [REI-ReloadPlugins/TRACE] [REI] [REIPlugin END] Reloading Section: "reloadable-plugin/RecipeManagerContextImpl/AdAstraReiPlugin of AdAstraReiPlugin [ad_astra]/" done in 7.600 μs
[13:59:25] [REI-ReloadPlugins/TRACE] [REI] [REIPlugin END] Reloading Section: "reloadable-plugin/RecipeManagerContextImpl/DefaultRuntimePlugin of DefaultRuntimePlugin [roughlyenoughitems]/"
[13:59:25] [REI-ReloadPlugins/TRACE] [REI] [REIPlugin END] Reloading Section: "reloadable-plugin/RecipeManagerContextImpl/DefaultRuntimePlugin of DefaultRuntimePlugin [roughlyenoughitems]/" done in 6.400 μs
[13:59:25] [REI-ReloadPlugins/TRACE] [REI] [REIPlugin END] Reloading Section: "reloadable-plugin/RecipeManagerContextImpl/ReiRecipeAction of ReiRecipeAction [wthit]/"
[13:59:25] [REI-ReloadPlugins/TRACE] [REI] [REIPlugin END] Reloading Section: "reloadable-plugin/RecipeManagerContextImpl/ReiRecipeAction of ReiRecipeAction [wthit]/" done in 6.800 μs
[13:59:25] [REI-ReloadPlugins/TRACE] [REI] [REIPlugin END] Reloading Section: "reloadable-plugin/RecipeManagerContextImpl/" done in 2.367 ms
[13:59:25] [REI-ReloadPlugins/TRACE] [REI] [REIPlugin END] Reloading Section: "reloadable-plugin/ItemComparatorRegistryImpl/"
[13:59:25] [REI-ReloadPlugins/TRACE] [REI] [REIPlugin END] Reloading Section: "reloadable-plugin/ItemComparatorRegistryImpl/DefaultClientPlugin of DefaultClientPlugin [roughlyenoughitems]/"
[13:59:25] [REI-ReloadPlugins/TRACE] [REI] [REIPlugin END] Reloading Section: "reloadable-plugin/ItemComparatorRegistryImpl/DefaultClientPlugin of DefaultClientPlugin [roughlyenoughitems]/" done in 23.10 μs
[13:59:25] [REI-ReloadPlugins/TRACE] [REI] [REIPlugin END] Reloading Section: "reloadable-plugin/ItemComparatorRegistryImpl/DefaultPlugin of DefaultPlugin [roughlyenoughitems]/"
[13:59:25] [REI-ReloadPlugins/TRACE] [REI] [REIPlugin END] Reloading Section: "reloadable-plugin/ItemComparatorRegistryImpl/DefaultPlugin of DefaultPlugin [roughlyenoughitems]/" done in 6.300 μs
[13:59:25] [REI-ReloadPlugins/TRACE] [REI] [REIPlugin END] Reloading Section: "reloadable-plugin/ItemComparatorRegistryImpl/FabricFluidAPISupportPlugin/"
[13:59:25] [REI-ReloadPlugins/TRACE] [REI] [REIPlugin END] Reloading Section: "reloadable-plugin/ItemComparatorRegistryImpl/FabricFluidAPISupportPlugin/" done in 6.500 μs
[13:59:25] [REI-ReloadPlugins/TRACE] [REI] [REIPlugin END] Reloading Section: "reloadable-plugin/ItemComparatorRegistryImpl/REICompat of REICompat [sliceanddice]/"
[13:59:25] [REI-ReloadPlugins/TRACE] [REI] [REIPlugin END] Reloading Section: "reloadable-plugin/ItemComparatorRegistryImpl/REICompat of REICompat [sliceanddice]/" done in 14.30 μs
[13:59:25] [REI-ReloadPlugins/TRACE] [REI] [REIPlugin END] Reloading Section: "reloadable-plugin/ItemComparatorRegistryImpl/HideIngredientsFromTagsPlugin of HideIngredientsFromTagsPlugin [roughlyenoughitems]/"
[13:59:25] [REI-ReloadPlugins/TRACE] [REI] [REIPlugin END] Reloading Section: "reloadable-plugin/ItemComparatorRegistryImpl/HideIngredientsFromTagsPlugin of HideIngredientsFromTagsPlugin [roughlyenoughitems]/" done in 7.500 μs
[13:59:25] [REI-ReloadPlugins/TRACE] [REI] [REIPlugin END] Reloading Section: "reloadable-plugin/ItemComparatorRegistryImpl/DefaultClientRuntimePlugin of DefaultClientRuntimePlugin [roughlyenoughitems]/"
[13:59:25] [REI-ReloadPlugins/TRACE] [REI] [REIPlugin END] Reloading Section: "reloadable-plugin/ItemComparatorRegistryImpl/DefaultClientRuntimePlugin of DefaultClientRuntimePlugin [roughlyenoughitems]/" done in 9.700 μs
[13:59:25] [REI-ReloadPlugins/TRACE] [REI] [REIPlugin END] Reloading Section: "reloadable-plugin/ItemComparatorRegistryImpl/ClientREIPlugin of ClientREIPlugin [farmersdelight]/"
[13:59:25] [REI-ReloadPlugins/TRACE] [REI] [REIPlugin END] Reloading Section: "reloadable-plugin/ItemComparatorRegistryImpl/ClientREIPlugin of ClientREIPlugin [farmersdelight]/" done in 10.20 μs
[13:59:25] [REI-ReloadPlugins/TRACE] [REI] [REIPlugin END] Reloading Section: "reloadable-plugin/ItemComparatorRegistryImpl/ExpandedDelightREI of ExpandedDelightREI [expandeddelight]/"
[13:59:25] [REI-ReloadPlugins/TRACE] [REI] [REIPlugin END] Reloading Section: "reloadable-plugin/ItemComparatorRegistryImpl/ExpandedDelightREI of ExpandedDelightREI [expandeddelight]/" done in 7.300 μs
[13:59:25] [REI-ReloadPlugins/TRACE] [REI] [REIPlugin END] Reloading Section: "reloadable-plugin/ItemComparatorRegistryImpl/CreateAdditionREI of CreateAdditionREI [createaddition]/"
[13:59:25] [REI-ReloadPlugins/TRACE] [REI] [REIPlugin END] Reloading Section: "reloadable-plugin/ItemComparatorRegistryImpl/CreateAdditionREI of CreateAdditionREI [createaddition]/" done in 8.600 μs
[13:59:25] [REI-ReloadPlugins/TRACE] [REI] [REIPlugin END] Reloading Section: "reloadable-plugin/ItemComparatorRegistryImpl/NewAgeReiPlugin of NewAgeReiPlugin [create_new_age]/"
[13:59:25] [REI-ReloadPlugins/TRACE] [REI] [REIPlugin END] Reloading Section: "reloadable-plugin/ItemComparatorRegistryImpl/NewAgeReiPlugin of NewAgeReiPlugin [create_new_age]/" done in 9.400 μs
[13:59:25] [REI-ReloadPlugins/TRACE] [REI] [REIPlugin END] Reloading Section: "reloadable-plugin/ItemComparatorRegistryImpl/create:rei_plugin of create:rei_plugin [create]/"
[13:59:25] [REI-ReloadPlugins/TRACE] [REI] [REIPlugin END] Reloading Section: "reloadable-plugin/ItemComparatorRegistryImpl/create:rei_plugin of create:rei_plugin [create]/" done in 7.300 μs
[13:59:25] [REI-ReloadPlugins/TRACE] [REI] [REIPlugin END] Reloading Section: "reloadable-plugin/ItemComparatorRegistryImpl/ChiselREI of ChiselREI [chisel]/"
[13:59:25] [REI-ReloadPlugins/TRACE] [REI] [REIPlugin END] Reloading Section: "reloadable-plugin/ItemComparatorRegistryImpl/ChiselREI of ChiselREI [chisel]/" done in 7.500 μs
[13:59:25] [REI-ReloadPlugins/TRACE] [REI] [REIPlugin END] Reloading Section: "reloadable-plugin/ItemComparatorRegistryImpl/REITooltipPlugin of REITooltipPlugin [appleskin]/"
[13:59:25] [REI-ReloadPlugins/TRACE] [REI] [REIPlugin END] Reloading Section: "reloadable-plugin/ItemComparatorRegistryImpl/REITooltipPlugin of REITooltipPlugin [appleskin]/" done in 6.100 μs
[13:59:25] [REI-ReloadPlugins/TRACE] [REI] [REIPlugin END] Reloading Section: "reloadable-plugin/ItemComparatorRegistryImpl/AdAstraReiPlugin of AdAstraReiPlugin [ad_astra]/"
[13:59:25] [REI-ReloadPlugins/TRACE] [REI] [REIPlugin END] Reloading Section: "reloadable-plugin/ItemComparatorRegistryImpl/AdAstraReiPlugin of AdAstraReiPlugin [ad_astra]/" done in 6.400 μs
[13:59:25] [REI-ReloadPlugins/TRACE] [REI] [REIPlugin END] Reloading Section: "reloadable-plugin/ItemComparatorRegistryImpl/DefaultRuntimePlugin of DefaultRuntimePlugin [roughlyenoughitems]/"
[13:59:25] [REI-ReloadPlugins/TRACE] [REI] [REIPlugin END] Reloading Section: "reloadable-plugin/ItemComparatorRegistryImpl/DefaultRuntimePlugin of DefaultRuntimePlugin [roughlyenoughitems]/" done in 6.100 μs
[13:59:25] [REI-ReloadPlugins/TRACE] [REI] [REIPlugin END] Reloading Section: "reloadable-plugin/ItemComparatorRegistryImpl/ReiRecipeAction of ReiRecipeAction [wthit]/"
[13:59:25] [REI-ReloadPlugins/TRACE] [REI] [REIPlugin END] Reloading Section: "reloadable-plugin/ItemComparatorRegistryImpl/ReiRecipeAction of ReiRecipeAction [wthit]/" done in 6.700 μs
[13:59:25] [REI-ReloadPlugins/TRACE] [REI] [REIPlugin END] Reloading Section: "reloadable-plugin/ItemComparatorRegistryImpl/" done in 2.007 ms
[13:59:25] [REI-ReloadPlugins/TRACE] [REI] [REIPlugin END] Reloading Section: "reloadable-plugin/FluidComparatorRegistryImpl/"
[13:59:25] [REI-ReloadPlugins/TRACE] [REI] [REIPlugin END] Reloading Section: "reloadable-plugin/FluidComparatorRegistryImpl/DefaultClientPlugin of DefaultClientPlugin [roughlyenoughitems]/"
[13:59:25] [REI-ReloadPlugins/TRACE] [REI] [REIPlugin END] Reloading Section: "reloadable-plugin/FluidComparatorRegistryImpl/DefaultClientPlugin of DefaultClientPlugin [roughlyenoughitems]/" done in 6.700 μs
[13:59:25] [REI-ReloadPlugins/TRACE] [REI] [REIPlugin END] Reloading Section: "reloadable-plugin/FluidComparatorRegistryImpl/DefaultPlugin of DefaultPlugin [roughlyenoughitems]/"
[13:59:25] [REI-ReloadPlugins/TRACE] [REI] [REIPlugin END] Reloading Section: "reloadable-plugin/FluidComparatorRegistryImpl/DefaultPlugin of DefaultPlugin [roughlyenoughitems]/" done in 6.400 μs
[13:59:25] [REI-ReloadPlugins/TRACE] [REI] [REIPlugin END] Reloading Section: "reloadable-plugin/FluidComparatorRegistryImpl/FabricFluidAPISupportPlugin/"
[13:59:25] [REI-ReloadPlugins/TRACE] [REI] [REIPlugin END] Reloading Section: "reloadable-plugin/FluidComparatorRegistryImpl/FabricFluidAPISupportPlugin/" done in 6.200 μs
[13:59:25] [REI-ReloadPlugins/TRACE] [REI] [REIPlugin END] Reloading Section: "reloadable-plugin/FluidComparatorRegistryImpl/REICompat of REICompat [sliceanddice]/"
[13:59:25] [REI-ReloadPlugins/TRACE] [REI] [REIPlugin END] Reloading Section: "reloadable-plugin/FluidComparatorRegistryImpl/REICompat of REICompat [sliceanddice]/" done in 6.300 μs
[13:59:25] [REI-ReloadPlugins/TRACE] [REI] [REIPlugin END] Reloading Section: "reloadable-plugin/FluidComparatorRegistryImpl/HideIngredientsFromTagsPlugin of HideIngredientsFromTagsPlugin [roughlyenoughitems]/"
[13:59:25] [REI-ReloadPlugins/TRACE] [REI] [REIPlugin END] Reloading Section: "reloadable-plugin/FluidComparatorRegistryImpl/HideIngredientsFromTagsPlugin of HideIngredientsFromTagsPlugin [roughlyenoughitems]/" done in 5.700 μs
[13:59:25] [REI-ReloadPlugins/TRACE] [REI] [REIPlugin END] Reloading Section: "reloadable-plugin/FluidComparatorRegistryImpl/DefaultClientRuntimePlugin of DefaultClientRuntimePlugin [roughlyenoughitems]/"
[13:59:25] [REI-ReloadPlugins/TRACE] [REI] [REIPlugin END] Reloading Section: "reloadable-plugin/FluidComparatorRegistryImpl/DefaultClientRuntimePlugin of DefaultClientRuntimePlugin [roughlyenoughitems]/" done in 6.400 μs
[13:59:25] [REI-ReloadPlugins/TRACE] [REI] [REIPlugin END] Reloading Section: "reloadable-plugin/FluidComparatorRegistryImpl/ClientREIPlugin of ClientREIPlugin [farmersdelight]/"
[13:59:25] [REI-ReloadPlugins/TRACE] [REI] [REIPlugin END] Reloading Section: "reloadable-plugin/FluidComparatorRegistryImpl/ClientREIPlugin of ClientREIPlugin [farmersdelight]/" done in 6.200 μs
[13:59:25] [REI-ReloadPlugins/TRACE] [REI] [REIPlugin END] Reloading Section: "reloadable-plugin/FluidComparatorRegistryImpl/ExpandedDelightREI of ExpandedDelightREI [expandeddelight]/"
[13:59:25] [REI-ReloadPlugins/TRACE] [REI] [REIPlugin END] Reloading Section: "reloadable-plugin/FluidComparatorRegistryImpl/ExpandedDelightREI of ExpandedDelightREI [expandeddelight]/" done in 6.100 μs
[13:59:25] [REI-ReloadPlugins/TRACE] [REI] [REIPlugin END] Reloading Section: "reloadable-plugin/FluidComparatorRegistryImpl/CreateAdditionREI of CreateAdditionREI [createaddition]/"
[13:59:25] [REI-ReloadPlugins/TRACE] [REI] [REIPlugin END] Reloading Section: "reloadable-plugin/FluidComparatorRegistryImpl/CreateAdditionREI of CreateAdditionREI [createaddition]/" done in 5.900 μs
[13:59:25] [REI-ReloadPlugins/TRACE] [REI] [REIPlugin END] Reloading Section: "reloadable-plugin/FluidComparatorRegistryImpl/NewAgeReiPlugin of NewAgeReiPlugin [create_new_age]/"
[13:59:25] [REI-ReloadPlugins/TRACE] [REI] [REIPlugin END] Reloading Section: "reloadable-plugin/FluidComparatorRegistryImpl/NewAgeReiPlugin of NewAgeReiPlugin [create_new_age]/" done in 6.300 μs
[13:59:25] [REI-ReloadPlugins/TRACE] [REI] [REIPlugin END] Reloading Section: "reloadable-plugin/FluidComparatorRegistryImpl/create:rei_plugin of create:rei_plugin [create]/"
[13:59:25] [REI-ReloadPlugins/TRACE] [REI] [REIPlugin END] Reloading Section: "reloadable-plugin/FluidComparatorRegistryImpl/create:rei_plugin of create:rei_plugin [create]/" done in 6.200 μs
[13:59:25] [REI-ReloadPlugins/TRACE] [REI] [REIPlugin END] Reloading Section: "reloadable-plugin/FluidComparatorRegistryImpl/ChiselREI of ChiselREI [chisel]/"
[13:59:25] [REI-ReloadPlugins/TRACE] [REI] [REIPlugin END] Reloading Section: "reloadable-plugin/FluidComparatorRegistryImpl/ChiselREI of ChiselREI [chisel]/" done in 6.400 μs
[13:59:25] [REI-ReloadPlugins/TRACE] [REI] [REIPlugin END] Reloading Section: "reloadable-plugin/FluidComparatorRegistryImpl/REITooltipPlugin of REITooltipPlugin [appleskin]/"
[13:59:25] [REI-ReloadPlugins/TRACE] [REI] [REIPlugin END] Reloading Section: "reloadable-plugin/FluidComparatorRegistryImpl/REITooltipPlugin of REITooltipPlugin [appleskin]/" done in 8.000 μs
[13:59:25] [REI-ReloadPlugins/TRACE] [REI] [REIPlugin END] Reloading Section: "reloadable-plugin/FluidComparatorRegistryImpl/AdAstraReiPlugin of AdAstraReiPlugin [ad_astra]/"
[13:59:25] [REI-ReloadPlugins/TRACE] [REI] [REIPlugin END] Reloading Section: "reloadable-plugin/FluidComparatorRegistryImpl/AdAstraReiPlugin of AdAstraReiPlugin [ad_astra]/" done in 7.700 μs
[13:59:25] [REI-ReloadPlugins/TRACE] [REI] [REIPlugin END] Reloading Section: "reloadable-plugin/FluidComparatorRegistryImpl/DefaultRuntimePlugin of DefaultRuntimePlugin [roughlyenoughitems]/"
[13:59:25] [REI-ReloadPlugins/TRACE] [REI] [REIPlugin END] Reloading Section: "reloadable-plugin/FluidComparatorRegistryImpl/DefaultRuntimePlugin of DefaultRuntimePlugin [roughlyenoughitems]/" done in 7.100 μs
[13:59:25] [REI-ReloadPlugins/TRACE] [REI] [REIPlugin END] Reloading Section: "reloadable-plugin/FluidComparatorRegistryImpl/ReiRecipeAction of ReiRecipeAction [wthit]/"
[13:59:25] [REI-ReloadPlugins/TRACE] [REI] [REIPlugin END] Reloading Section: "reloadable-plugin/FluidComparatorRegistryImpl/ReiRecipeAction of ReiRecipeAction [wthit]/" done in 7.300 μs
[13:59:25] [REI-ReloadPlugins/TRACE] [REI] [REIPlugin END] Reloading Section: "reloadable-plugin/FluidComparatorRegistryImpl/" done in 1.995 ms
[13:59:25] [REI-ReloadPlugins/TRACE] [REI] [REIPlugin END] Reloading Section: "reloadable-plugin/DisplaySerializerRegistryImpl/"
[13:59:25] [REI-ReloadPlugins/TRACE] [REI] [REIPlugin END] Reloading Section: "reloadable-plugin/DisplaySerializerRegistryImpl/DefaultClientPlugin of DefaultClientPlugin [roughlyenoughitems]/"
[13:59:25] [REI-ReloadPlugins/TRACE] [REI] [REIPlugin END] Reloading Section: "reloadable-plugin/DisplaySerializerRegistryImpl/DefaultClientPlugin of DefaultClientPlugin [roughlyenoughitems]/" done in 51.30 μs
[13:59:25] [REI-ReloadPlugins/TRACE] [REI] [REIPlugin END] Reloading Section: "reloadable-plugin/DisplaySerializerRegistryImpl/DefaultPlugin of DefaultPlugin [roughlyenoughitems]/"
[13:59:25] [REI-ReloadPlugins/TRACE] [REI] [REIPlugin END] Reloading Section: "reloadable-plugin/DisplaySerializerRegistryImpl/DefaultPlugin of DefaultPlugin [roughlyenoughitems]/" done in 78.37 ms
[13:59:25] [REI-ReloadPlugins/TRACE] [REI] [REIPlugin END] Reloading Section: "reloadable-plugin/DisplaySerializerRegistryImpl/FabricFluidAPISupportPlugin/"
[13:59:25] [REI-ReloadPlugins/TRACE] [REI] [REIPlugin END] Reloading Section: "reloadable-plugin/DisplaySerializerRegistryImpl/FabricFluidAPISupportPlugin/" done in 15.40 μs
[13:59:25] [REI-ReloadPlugins/TRACE] [REI] [REIPlugin END] Reloading Section: "reloadable-plugin/DisplaySerializerRegistryImpl/REICompat of REICompat [sliceanddice]/"
[13:59:25] [REI-ReloadPlugins/TRACE] [REI] [REIPlugin END] Reloading Section: "reloadable-plugin/DisplaySerializerRegistryImpl/REICompat of REICompat [sliceanddice]/" done in 7.700 μs
[13:59:25] [REI-ReloadPlugins/TRACE] [REI] [REIPlugin END] Reloading Section: "reloadable-plugin/DisplaySerializerRegistryImpl/HideIngredientsFromTagsPlugin of HideIngredientsFromTagsPlugin [roughlyenoughitems]/"
[13:59:25] [REI-ReloadPlugins/TRACE] [REI] [REIPlugin END] Reloading Section: "reloadable-plugin/DisplaySerializerRegistryImpl/HideIngredientsFromTagsPlugin of HideIngredientsFromTagsPlugin [roughlyenoughitems]/" done in 9.600 μs
[13:59:25] [REI-ReloadPlugins/TRACE] [REI] [REIPlugin END] Reloading Section: "reloadable-plugin/DisplaySerializerRegistryImpl/DefaultClientRuntimePlugin of DefaultClientRuntimePlugin [roughlyenoughitems]/"
[13:59:25] [REI-ReloadPlugins/TRACE] [REI] [REIPlugin END] Reloading Section: "reloadable-plugin/DisplaySerializerRegistryImpl/DefaultClientRuntimePlugin of DefaultClientRuntimePlugin [roughlyenoughitems]/" done in 16.90 μs
[13:59:25] [REI-ReloadPlugins/TRACE] [REI] [REIPlugin END] Reloading Section: "reloadable-plugin/DisplaySerializerRegistryImpl/ClientREIPlugin of ClientREIPlugin [farmersdelight]/"
[13:59:25] [REI-ReloadPlugins/TRACE] [REI] [REIPlugin END] Reloading Section: "reloadable-plugin/DisplaySerializerRegistryImpl/ClientREIPlugin of ClientREIPlugin [farmersdelight]/" done in 9.300 μs
[13:59:25] [REI-ReloadPlugins/TRACE] [REI] [REIPlugin END] Reloading Section: "reloadable-plugin/DisplaySerializerRegistryImpl/ExpandedDelightREI of ExpandedDelightREI [expandeddelight]/"
[13:59:25] [REI-ReloadPlugins/TRACE] [REI] [REIPlugin END] Reloading Section: "reloadable-plugin/DisplaySerializerRegistryImpl/ExpandedDelightREI of ExpandedDelightREI [expandeddelight]/" done in 6.500 μs
[13:59:25] [REI-ReloadPlugins/TRACE] [REI] [REIPlugin END] Reloading Section: "reloadable-plugin/DisplaySerializerRegistryImpl/CreateAdditionREI of CreateAdditionREI [createaddition]/"
[13:59:25] [REI-ReloadPlugins/TRACE] [REI] [REIPlugin END] Reloading Section: "reloadable-plugin/DisplaySerializerRegistryImpl/CreateAdditionREI of CreateAdditionREI [createaddition]/" done in 35.80 μs
[13:59:25] [REI-ReloadPlugins/TRACE] [REI] [REIPlugin END] Reloading Section: "reloadable-plugin/DisplaySerializerRegistryImpl/NewAgeReiPlugin of NewAgeReiPlugin [create_new_age]/"
[13:59:25] [REI-ReloadPlugins/TRACE] [REI] [REIPlugin END] Reloading Section: "reloadable-plugin/DisplaySerializerRegistryImpl/NewAgeReiPlugin of NewAgeReiPlugin [create_new_age]/" done in 9.300 μs
[13:59:25] [REI-ReloadPlugins/TRACE] [REI] [REIPlugin END] Reloading Section: "reloadable-plugin/DisplaySerializerRegistryImpl/create:rei_plugin of create:rei_plugin [create]/"
[13:59:25] [REI-ReloadPlugins/TRACE] [REI] [REIPlugin END] Reloading Section: "reloadable-plugin/DisplaySerializerRegistryImpl/create:rei_plugin of create:rei_plugin [create]/" done in 8.100 μs
[13:59:25] [REI-ReloadPlugins/TRACE] [REI] [REIPlugin END] Reloading Section: "reloadable-plugin/DisplaySerializerRegistryImpl/ChiselREI of ChiselREI [chisel]/"
[13:59:25] [REI-ReloadPlugins/TRACE] [REI] [REIPlugin END] Reloading Section: "reloadable-plugin/DisplaySerializerRegistryImpl/ChiselREI of ChiselREI [chisel]/" done in 6.500 μs
[13:59:25] [REI-ReloadPlugins/TRACE] [REI] [REIPlugin END] Reloading Section: "reloadable-plugin/DisplaySerializerRegistryImpl/REITooltipPlugin of REITooltipPlugin [appleskin]/"
[13:59:25] [REI-ReloadPlugins/TRACE] [REI] [REIPlugin END] Reloading Section: "reloadable-plugin/DisplaySerializerRegistryImpl/REITooltipPlugin of REITooltipPlugin [appleskin]/" done in 5.600 μs
[13:59:25] [REI-ReloadPlugins/TRACE] [REI] [REIPlugin END] Reloading Section: "reloadable-plugin/DisplaySerializerRegistryImpl/AdAstraReiPlugin of AdAstraReiPlugin [ad_astra]/"
[13:59:25] [REI-ReloadPlugins/TRACE] [REI] [REIPlugin END] Reloading Section: "reloadable-plugin/DisplaySerializerRegistryImpl/AdAstraReiPlugin of AdAstraReiPlugin [ad_astra]/" done in 5.700 μs
[13:59:25] [REI-ReloadPlugins/TRACE] [REI] [REIPlugin END] Reloading Section: "reloadable-plugin/DisplaySerializerRegistryImpl/DefaultRuntimePlugin of DefaultRuntimePlugin [roughlyenoughitems]/"
[13:59:25] [REI-ReloadPlugins/TRACE] [REI] [REIPlugin END] Reloading Section: "reloadable-plugin/DisplaySerializerRegistryImpl/DefaultRuntimePlugin of DefaultRuntimePlugin [roughlyenoughitems]/" done in 5.400 μs
[13:59:25] [REI-ReloadPlugins/TRACE] [REI] [REIPlugin END] Reloading Section: "reloadable-plugin/DisplaySerializerRegistryImpl/ReiRecipeAction of ReiRecipeAction [wthit]/"
[13:59:25] [REI-ReloadPlugins/TRACE] [REI] [REIPlugin END] Reloading Section: "reloadable-plugin/DisplaySerializerRegistryImpl/ReiRecipeAction of ReiRecipeAction [wthit]/" done in 8.000 μs
[13:59:25] [REI-ReloadPlugins/TRACE] [REI] [REIPlugin END] Reloading Section: "reloadable-plugin/DisplaySerializerRegistryImpl/" done in 80.37 ms
[13:59:25] [REI-ReloadPlugins/TRACE] [REI] [REIPlugin END] Reloading Section: "reloadable-plugin/FluidSupportProviderImpl/"
[13:59:25] [REI-ReloadPlugins/TRACE] [REI] [REIPlugin END] Reloading Section: "reloadable-plugin/FluidSupportProviderImpl/DefaultClientPlugin of DefaultClientPlugin [roughlyenoughitems]/"
[13:59:25] [REI-ReloadPlugins/TRACE] [REI] [REIPlugin END] Reloading Section: "reloadable-plugin/FluidSupportProviderImpl/DefaultClientPlugin of DefaultClientPlugin [roughlyenoughitems]/" done in 5.800 μs
[13:59:25] [REI-ReloadPlugins/TRACE] [REI] [REIPlugin END] Reloading Section: "reloadable-plugin/FluidSupportProviderImpl/DefaultPlugin of DefaultPlugin [roughlyenoughitems]/"
[13:59:25] [REI-ReloadPlugins/TRACE] [REI] [REIPlugin END] Reloading Section: "reloadable-plugin/FluidSupportProviderImpl/DefaultPlugin of DefaultPlugin [roughlyenoughitems]/" done in 5.000 μs
[13:59:25] [REI-ReloadPlugins/TRACE] [REI] [REIPlugin END] Reloading Section: "reloadable-plugin/FluidSupportProviderImpl/FabricFluidAPISupportPlugin/"
[13:59:25] [REI-ReloadPlugins/TRACE] [REI] [REIPlugin END] Reloading Section: "reloadable-plugin/FluidSupportProviderImpl/FabricFluidAPISupportPlugin/" done in 4.900 μs
[13:59:25] [REI-ReloadPlugins/TRACE] [REI] [REIPlugin END] Reloading Section: "reloadable-plugin/FluidSupportProviderImpl/REICompat of REICompat [sliceanddice]/"
[13:59:25] [REI-ReloadPlugins/TRACE] [REI] [REIPlugin END] Reloading Section: "reloadable-plugin/FluidSupportProviderImpl/REICompat of REICompat [sliceanddice]/" done in 7.100 μs
[13:59:25] [REI-ReloadPlugins/TRACE] [REI] [REIPlugin END] Reloading Section: "reloadable-plugin/FluidSupportProviderImpl/HideIngredientsFromTagsPlugin of HideIngredientsFromTagsPlugin [roughlyenoughitems]/"
[13:59:25] [REI-ReloadPlugins/TRACE] [REI] [REIPlugin END] Reloading Section: "reloadable-plugin/FluidSupportProviderImpl/HideIngredientsFromTagsPlugin of HideIngredientsFromTagsPlugin [roughlyenoughitems]/" done in 8.900 μs
[13:59:25] [REI-ReloadPlugins/TRACE] [REI] [REIPlugin END] Reloading Section: "reloadable-plugin/FluidSupportProviderImpl/DefaultClientRuntimePlugin of DefaultClientRuntimePlugin [roughlyenoughitems]/"
[13:59:25] [REI-ReloadPlugins/TRACE] [REI] [REIPlugin END] Reloading Section: "reloadable-plugin/FluidSupportProviderImpl/DefaultClientRuntimePlugin of DefaultClientRuntimePlugin [roughlyenoughitems]/" done in 7.000 μs
[13:59:25] [REI-ReloadPlugins/TRACE] [REI] [REIPlugin END] Reloading Section: "reloadable-plugin/FluidSupportProviderImpl/ClientREIPlugin of ClientREIPlugin [farmersdelight]/"
[13:59:25] [REI-ReloadPlugins/TRACE] [REI] [REIPlugin END] Reloading Section: "reloadable-plugin/FluidSupportProviderImpl/ClientREIPlugin of ClientREIPlugin [farmersdelight]/" done in 5.700 μs
[13:59:25] [REI-ReloadPlugins/TRACE] [REI] [REIPlugin END] Reloading Section: "reloadable-plugin/FluidSupportProviderImpl/ExpandedDelightREI of ExpandedDelightREI [expandeddelight]/"
[13:59:25] [REI-ReloadPlugins/TRACE] [REI] [REIPlugin END] Reloading Section: "reloadable-plugin/FluidSupportProviderImpl/ExpandedDelightREI of ExpandedDelightREI [expandeddelight]/" done in 5.100 μs
[13:59:25] [REI-ReloadPlugins/TRACE] [REI] [REIPlugin END] Reloading Section: "reloadable-plugin/FluidSupportProviderImpl/CreateAdditionREI of CreateAdditionREI [createaddition]/"
[13:59:25] [REI-ReloadPlugins/TRACE] [REI] [REIPlugin END] Reloading Section: "reloadable-plugin/FluidSupportProviderImpl/CreateAdditionREI of CreateAdditionREI [createaddition]/" done in 5.500 μs
[13:59:25] [REI-ReloadPlugins/TRACE] [REI] [REIPlugin END] Reloading Section: "reloadable-plugin/FluidSupportProviderImpl/NewAgeReiPlugin of NewAgeReiPlugin [create_new_age]/"
[13:59:25] [REI-ReloadPlugins/TRACE] [REI] [REIPlugin END] Reloading Section: "reloadable-plugin/FluidSupportProviderImpl/NewAgeReiPlugin of NewAgeReiPlugin [create_new_age]/" done in 5.300 μs
[13:59:25] [REI-ReloadPlugins/TRACE] [REI] [REIPlugin END] Reloading Section: "reloadable-plugin/FluidSupportProviderImpl/create:rei_plugin of create:rei_plugin [create]/"
[13:59:25] [REI-ReloadPlugins/TRACE] [REI] [REIPlugin END] Reloading Section: "reloadable-plugin/FluidSupportProviderImpl/create:rei_plugin of create:rei_plugin [create]/" done in 5.100 μs
[13:59:25] [REI-ReloadPlugins/TRACE] [REI] [REIPlugin END] Reloading Section: "reloadable-plugin/FluidSupportProviderImpl/ChiselREI of ChiselREI [chisel]/"
[13:59:25] [REI-ReloadPlugins/TRACE] [REI] [REIPlugin END] Reloading Section: "reloadable-plugin/FluidSupportProviderImpl/ChiselREI of ChiselREI [chisel]/" done in 5.300 μs
[13:59:25] [REI-ReloadPlugins/TRACE] [REI] [REIPlugin END] Reloading Section: "reloadable-plugin/FluidSupportProviderImpl/REITooltipPlugin of REITooltipPlugin [appleskin]/"
[13:59:25] [REI-ReloadPlugins/TRACE] [REI] [REIPlugin END] Reloading Section: "reloadable-plugin/FluidSupportProviderImpl/REITooltipPlugin of REITooltipPlugin [appleskin]/" done in 4.900 μs
[13:59:25] [REI-ReloadPlugins/TRACE] [REI] [REIPlugin END] Reloading Section: "reloadable-plugin/FluidSupportProviderImpl/AdAstraReiPlugin of AdAstraReiPlugin [ad_astra]/"
[13:59:25] [REI-ReloadPlugins/TRACE] [REI] [REIPlugin END] Reloading Section: "reloadable-plugin/FluidSupportProviderImpl/AdAstraReiPlugin of AdAstraReiPlugin [ad_astra]/" done in 5.300 μs
[13:59:25] [REI-ReloadPlugins/TRACE] [REI] [REIPlugin END] Reloading Section: "reloadable-plugin/FluidSupportProviderImpl/DefaultRuntimePlugin of DefaultRuntimePlugin [roughlyenoughitems]/"
[13:59:25] [REI-ReloadPlugins/TRACE] [REI] [REIPlugin END] Reloading Section: "reloadable-plugin/FluidSupportProviderImpl/DefaultRuntimePlugin of DefaultRuntimePlugin [roughlyenoughitems]/" done in 4.900 μs
[13:59:25] [REI-ReloadPlugins/TRACE] [REI] [REIPlugin END] Reloading Section: "reloadable-plugin/FluidSupportProviderImpl/ReiRecipeAction of ReiRecipeAction [wthit]/"
[13:59:25] [REI-ReloadPlugins/TRACE] [REI] [REIPlugin END] Reloading Section: "reloadable-plugin/FluidSupportProviderImpl/ReiRecipeAction of ReiRecipeAction [wthit]/" done in 5.600 μs
[13:59:25] [REI-ReloadPlugins/TRACE] [REI] [REIPlugin END] Reloading Section: "reloadable-plugin/FluidSupportProviderImpl/" done in 1.331 ms
[13:59:25] [REI-ReloadPlugins/TRACE] [REI] [REIPlugin END] Reloading Section: "reloadable-plugin/me.shedaniel.rei.plugin.client.runtime.PluginStageExecutionWatcher$1/"
[13:59:25] [REI-ReloadPlugins/TRACE] [REI] [REIPlugin END] Reloading Section: "reloadable-plugin/me.shedaniel.rei.plugin.client.runtime.PluginStageExecutionWatcher$1/DefaultClientPlugin of DefaultClientPlugin [roughlyenoughitems]/"
[13:59:25] [REI-ReloadPlugins/TRACE] [REI] [REIPlugin END] Reloading Section: "reloadable-plugin/me.shedaniel.rei.plugin.client.runtime.PluginStageExecutionWatcher$1/DefaultClientPlugin of DefaultClientPlugin [roughlyenoughitems]/" done in 7.200 μs
[13:59:25] [REI-ReloadPlugins/TRACE] [REI] [REIPlugin END] Reloading Section: "reloadable-plugin/me.shedaniel.rei.plugin.client.runtime.PluginStageExecutionWatcher$1/DefaultPlugin of DefaultPlugin [roughlyenoughitems]/"
[13:59:25] [REI-ReloadPlugins/TRACE] [REI] [REIPlugin END] Reloading Section: "reloadable-plugin/me.shedaniel.rei.plugin.client.runtime.PluginStageExecutionWatcher$1/DefaultPlugin of DefaultPlugin [roughlyenoughitems]/" done in 6.600 μs
[13:59:25] [REI-ReloadPlugins/TRACE] [REI] [REIPlugin END] Reloading Section: "reloadable-plugin/me.shedaniel.rei.plugin.client.runtime.PluginStageExecutionWatcher$1/FabricFluidAPISupportPlugin/"
[13:59:25] [REI-ReloadPlugins/TRACE] [REI] [REIPlugin END] Reloading Section: "reloadable-plugin/me.shedaniel.rei.plugin.client.runtime.PluginStageExecutionWatcher$1/FabricFluidAPISupportPlugin/" done in 7.600 μs
[13:59:25] [REI-ReloadPlugins/TRACE] [REI] [REIPlugin END] Reloading Section: "reloadable-plugin/me.shedaniel.rei.plugin.client.runtime.PluginStageExecutionWatcher$1/REICompat of REICompat [sliceanddice]/"
[13:59:25] [REI-ReloadPlugins/TRACE] [REI] [REIPlugin END] Reloading Section: "reloadable-plugin/me.shedaniel.rei.plugin.client.runtime.PluginStageExecutionWatcher$1/REICompat of REICompat [sliceanddice]/" done in 6.700 μs
[13:59:25] [REI-ReloadPlugins/TRACE] [REI] [REIPlugin END] Reloading Section: "reloadable-plugin/me.shedaniel.rei.plugin.client.runtime.PluginStageExecutionWatcher$1/HideIngredientsFromTagsPlugin of HideIngredientsFromTagsPlugin [roughlyenoughitems]/"
[13:59:25] [REI-ReloadPlugins/TRACE] [REI] [REIPlugin END] Reloading Section: "reloadable-plugin/me.shedaniel.rei.plugin.client.runtime.PluginStageExecutionWatcher$1/HideIngredientsFromTagsPlugin of HideIngredientsFromTagsPlugin [roughlyenoughitems]/" done in 5.200 μs
[13:59:25] [REI-ReloadPlugins/TRACE] [REI] [REIPlugin END] Reloading Section: "reloadable-plugin/me.shedaniel.rei.plugin.client.runtime.PluginStageExecutionWatcher$1/DefaultClientRuntimePlugin of DefaultClientRuntimePlugin [roughlyenoughitems]/"
[13:59:25] [REI-ReloadPlugins/TRACE] [REI] [REIPlugin END] Reloading Section: "reloadable-plugin/me.shedaniel.rei.plugin.client.runtime.PluginStageExecutionWatcher$1/DefaultClientRuntimePlugin of DefaultClientRuntimePlugin [roughlyenoughitems]/" done in 5.400 μs
[13:59:25] [REI-ReloadPlugins/TRACE] [REI] [REIPlugin END] Reloading Section: "reloadable-plugin/me.shedaniel.rei.plugin.client.runtime.PluginStageExecutionWatcher$1/ClientREIPlugin of ClientREIPlugin [farmersdelight]/"
[13:59:25] [REI-ReloadPlugins/TRACE] [REI] [REIPlugin END] Reloading Section: "reloadable-plugin/me.shedaniel.rei.plugin.client.runtime.PluginStageExecutionWatcher$1/ClientREIPlugin of ClientREIPlugin [farmersdelight]/" done in 5.600 μs
[13:59:25] [REI-ReloadPlugins/TRACE] [REI] [REIPlugin END] Reloading Section: "reloadable-plugin/me.shedaniel.rei.plugin.client.runtime.PluginStageExecutionWatcher$1/ExpandedDelightREI of ExpandedDelightREI [expandeddelight]/"
[13:59:25] [REI-ReloadPlugins/TRACE] [REI] [REIPlugin END] Reloading Section: "reloadable-plugin/me.shedaniel.rei.plugin.client.runtime.PluginStageExecutionWatcher$1/ExpandedDelightREI of ExpandedDelightREI [expandeddelight]/" done in 5.100 μs
[13:59:25] [REI-ReloadPlugins/TRACE] [REI] [REIPlugin END] Reloading Section: "reloadable-plugin/me.shedaniel.rei.plugin.client.runtime.PluginStageExecutionWatcher$1/CreateAdditionREI of CreateAdditionREI [createaddition]/"
[13:59:25] [REI-ReloadPlugins/TRACE] [REI] [REIPlugin END] Reloading Section: "reloadable-plugin/me.shedaniel.rei.plugin.client.runtime.PluginStageExecutionWatcher$1/CreateAdditionREI of CreateAdditionREI [createaddition]/" done in 4.900 μs
[13:59:25] [REI-ReloadPlugins/TRACE] [REI] [REIPlugin END] Reloading Section: "reloadable-plugin/me.shedaniel.rei.plugin.client.runtime.PluginStageExecutionWatcher$1/NewAgeReiPlugin of NewAgeReiPlugin [create_new_age]/"
[13:59:25] [REI-ReloadPlugins/TRACE] [REI] [REIPlugin END] Reloading Section: "reloadable-plugin/me.shedaniel.rei.plugin.client.runtime.PluginStageExecutionWatcher$1/NewAgeReiPlugin of NewAgeReiPlugin [create_new_age]/" done in 5.400 μs
[13:59:25] [REI-ReloadPlugins/TRACE] [REI] [REIPlugin END] Reloading Section: "reloadable-plugin/me.shedaniel.rei.plugin.client.runtime.PluginStageExecutionWatcher$1/create:rei_plugin of create:rei_plugin [create]/"
[13:59:25] [REI-ReloadPlugins/TRACE] [REI] [REIPlugin END] Reloading Section: "reloadable-plugin/me.shedaniel.rei.plugin.client.runtime.PluginStageExecutionWatcher$1/create:rei_plugin of create:rei_plugin [create]/" done in 5.600 μs
[13:59:25] [REI-ReloadPlugins/TRACE] [REI] [REIPlugin END] Reloading Section: "reloadable-plugin/me.shedaniel.rei.plugin.client.runtime.PluginStageExecutionWatcher$1/ChiselREI of ChiselREI [chisel]/"
[13:59:25] [REI-ReloadPlugins/TRACE] [REI] [REIPlugin END] Reloading Section: "reloadable-plugin/me.shedaniel.rei.plugin.client.runtime.PluginStageExecutionWatcher$1/ChiselREI of ChiselREI [chisel]/" done in 5.300 μs
[13:59:25] [REI-ReloadPlugins/TRACE] [REI] [REIPlugin END] Reloading Section: "reloadable-plugin/me.shedaniel.rei.plugin.client.runtime.PluginStageExecutionWatcher$1/REITooltipPlugin of REITooltipPlugin [appleskin]/"
[13:59:25] [REI-ReloadPlugins/TRACE] [REI] [REIPlugin END] Reloading Section: "reloadable-plugin/me.shedaniel.rei.plugin.client.runtime.PluginStageExecutionWatcher$1/REITooltipPlugin of REITooltipPlugin [appleskin]/" done in 4.900 μs
[13:59:25] [REI-ReloadPlugins/TRACE] [REI] [REIPlugin END] Reloading Section: "reloadable-plugin/me.shedaniel.rei.plugin.client.runtime.PluginStageExecutionWatcher$1/AdAstraReiPlugin of AdAstraReiPlugin [ad_astra]/"
[13:59:25] [REI-ReloadPlugins/TRACE] [REI] [REIPlugin END] Reloading Section: "reloadable-plugin/me.shedaniel.rei.plugin.client.runtime.PluginStageExecutionWatcher$1/AdAstraReiPlugin of AdAstraReiPlugin [ad_astra]/" done in 5.400 μs
[13:59:25] [REI-ReloadPlugins/TRACE] [REI] [REIPlugin END] Reloading Section: "reloadable-plugin/me.shedaniel.rei.plugin.client.runtime.PluginStageExecutionWatcher$1/DefaultRuntimePlugin of DefaultRuntimePlugin [roughlyenoughitems]/"
[13:59:25] [REI-ReloadPlugins/TRACE] [REI] [REIPlugin END] Reloading Section: "reloadable-plugin/me.shedaniel.rei.plugin.client.runtime.PluginStageExecutionWatcher$1/DefaultRuntimePlugin of DefaultRuntimePlugin [roughlyenoughitems]/" done in 5.200 μs
[13:59:25] [REI-ReloadPlugins/TRACE] [REI] [REIPlugin END] Reloading Section: "reloadable-plugin/me.shedaniel.rei.plugin.client.runtime.PluginStageExecutionWatcher$1/ReiRecipeAction of ReiRecipeAction [wthit]/"
[13:59:25] [REI-ReloadPlugins/TRACE] [REI] [REIPlugin END] Reloading Section: "reloadable-plugin/me.shedaniel.rei.plugin.client.runtime.PluginStageExecutionWatcher$1/ReiRecipeAction of ReiRecipeAction [wthit]/" done in 5.500 μs
[13:59:25] [REI-ReloadPlugins/TRACE] [REI] [REIPlugin END] Reloading Section: "reloadable-plugin/me.shedaniel.rei.plugin.client.runtime.PluginStageExecutionWatcher$1/" done in 1.305 ms
[13:59:25] [REI-ReloadPlugins/DEBUG] [REI] ========================================
[13:59:25] [REI-ReloadPlugins/DEBUG] [REI] REIPlugin ending main-reload for END.
[13:59:25] [REI-ReloadPlugins/DEBUG] [REI] ========================================
[13:59:25] [REI-ReloadPlugins/TRACE] [REI] [REIPlugin END] Reloading Section: "end-reload/"
[13:59:25] [REI-ReloadPlugins/TRACE] [REI] [REIPlugin END] Reloading Section: "end-reload/EntryTypeRegistryImpl/"
[13:59:25] [REI-ReloadPlugins/TRACE] [REI] [REIPlugin END] Reloading Section: "end-reload/EntryTypeRegistryImpl/" done in 5.000 μs
[13:59:25] [REI-ReloadPlugins/TRACE] [REI] [REIPlugin END] Reloading Section: "end-reload/EntrySettingsAdapterRegistryImpl/"
[13:59:25] [REI-ReloadPlugins/TRACE] [REI] [REIPlugin END] Reloading Section: "end-reload/EntrySettingsAdapterRegistryImpl/" done in 4.200 μs
[13:59:25] [REI-ReloadPlugins/TRACE] [REI] [REIPlugin END] Reloading Section: "end-reload/RecipeManagerContextImpl/"
[13:59:25] [REI-ReloadPlugins/TRACE] [REI] [REIPlugin END] Reloading Section: "end-reload/RecipeManagerContextImpl/" done in 4.000 μs
[13:59:25] [REI-ReloadPlugins/TRACE] [REI] [REIPlugin END] Reloading Section: "end-reload/ItemComparatorRegistryImpl/"
[13:59:25] [REI-ReloadPlugins/TRACE] [REI] [REIPlugin END] Reloading Section: "end-reload/ItemComparatorRegistryImpl/" done in 4.100 μs
[13:59:25] [REI-ReloadPlugins/TRACE] [REI] [REIPlugin END] Reloading Section: "end-reload/FluidComparatorRegistryImpl/"
[13:59:25] [REI-ReloadPlugins/TRACE] [REI] [REIPlugin END] Reloading Section: "end-reload/FluidComparatorRegistryImpl/" done in 4.000 μs
[13:59:25] [REI-ReloadPlugins/TRACE] [REI] [REIPlugin END] Reloading Section: "end-reload/DisplaySerializerRegistryImpl/"
[13:59:25] [REI-ReloadPlugins/TRACE] [REI] [REIPlugin END] Reloading Section: "end-reload/DisplaySerializerRegistryImpl/" done in 4.400 μs
[13:59:25] [REI-ReloadPlugins/TRACE] [REI] [REIPlugin END] Reloading Section: "end-reload/FluidSupportProviderImpl/"
[13:59:25] [REI-ReloadPlugins/TRACE] [REI] [REIPlugin END] Reloading Section: "end-reload/FluidSupportProviderImpl/" done in 4.200 μs
[13:59:25] [REI-ReloadPlugins/TRACE] [REI] [REIPlugin END] Reloading Section: "end-reload/me.shedaniel.rei.plugin.client.runtime.PluginStageExecutionWatcher$1/"
[13:59:25] [REI-ReloadPlugins/TRACE] [REI] [REIPlugin END] Reloading Section: "end-reload/me.shedaniel.rei.plugin.client.runtime.PluginStageExecutionWatcher$1/" done in 4.200 μs
[13:59:25] [REI-ReloadPlugins/TRACE] [REI] [REIPlugin END] Reloading Section: "end-reload/" done in 562.1 μs
[13:59:25] [REI-ReloadPlugins/DEBUG] [REI] ========================================
[13:59:25] [REI-ReloadPlugins/DEBUG] [REI] REIPlugin ended main-reload for END in 98.46 ms.
[13:59:25] [REI-ReloadPlugins/DEBUG] [REI] ========================================
[13:59:25] [REI-ReloadPlugins/INFO] [REI] ########################################
[13:59:25] [REI-ReloadPlugins/INFO] [REI] REIClientPlugin starting main-reload for END.
[13:59:25] [REI-ReloadPlugins/DEBUG] [REI] Reloadables (18):
[13:59:25] [REI-ReloadPlugins/DEBUG] [REI]  - EntryRendererRegistryImpl
[13:59:25] [REI-ReloadPlugins/DEBUG] [REI]  - ViewsImpl
[13:59:25] [REI-ReloadPlugins/DEBUG] [REI]  - InputMethodRegistryImpl
[13:59:25] [REI-ReloadPlugins/DEBUG] [REI]  - SearchProviderImpl
[13:59:25] [REI-ReloadPlugins/DEBUG] [REI]  - ConfigManagerImpl
[13:59:25] [REI-ReloadPlugins/DEBUG] [REI]  - EntryRegistryImpl
[13:59:25] [REI-ReloadPlugins/DEBUG] [REI]  - CollapsibleEntryRegistryImpl
[13:59:25] [REI-ReloadPlugins/DEBUG] [REI]  - BasicFilteringRuleImpl
[13:59:25] [REI-ReloadPlugins/DEBUG] [REI]  - CategoryRegistryImpl
[13:59:25] [REI-ReloadPlugins/DEBUG] [REI]  - DisplayRegistryImpl
[13:59:25] [REI-ReloadPlugins/DEBUG] [REI]  - ScreenRegistryImpl
[13:59:25] [REI-ReloadPlugins/DEBUG] [REI]  - FavoriteEntryTypeRegistryImpl
[13:59:25] [REI-ReloadPlugins/DEBUG] [REI]  - SubsetsRegistryImpl
[13:59:25] [REI-ReloadPlugins/DEBUG] [REI]  - TransferHandlerRegistryImpl
[13:59:25] [REI-ReloadPlugins/DEBUG] [REI]  - SearchRuntime
[13:59:25] [REI-ReloadPlugins/DEBUG] [REI]  - REIRuntimeImpl
[13:59:25] [REI-ReloadPlugins/DEBUG] [REI]  - ConfigAddonRegistryImpl
[13:59:25] [REI-ReloadPlugins/DEBUG] [REI]  - me.shedaniel.rei.plugin.client.runtime.PluginStageExecutionWatcher$1
[13:59:25] [REI-ReloadPlugins/INFO] [REI] Plugins (13):
[13:59:25] [REI-ReloadPlugins/INFO] [REI]  - (-100.00) DefaultClientPlugin of DefaultClientPlugin [roughlyenoughitems]
[13:59:25] [REI-ReloadPlugins/INFO] [REI]  - (0.00) REICompat of REICompat [sliceanddice]
[13:59:25] [REI-ReloadPlugins/INFO] [REI]  - (0.00) HideIngredientsFromTagsPlugin of HideIngredientsFromTagsPlugin [roughlyenoughitems]
[13:59:25] [REI-ReloadPlugins/INFO] [REI]  - (0.00) DefaultClientRuntimePlugin of DefaultClientRuntimePlugin [roughlyenoughitems]
[13:59:25] [REI-ReloadPlugins/INFO] [REI]  - (0.00) ClientREIPlugin of ClientREIPlugin [farmersdelight]
[13:59:25] [REI-ReloadPlugins/INFO] [REI]  - (0.00) ExpandedDelightREI of ExpandedDelightREI [expandeddelight]
[13:59:25] [REI-ReloadPlugins/INFO] [REI]  - (0.00) CreateAdditionREI of CreateAdditionREI [createaddition]
[13:59:25] [REI-ReloadPlugins/INFO] [REI]  - (0.00) NewAgeReiPlugin of NewAgeReiPlugin [create_new_age]
[13:59:25] [REI-ReloadPlugins/INFO] [REI]  - (0.00) create:rei_plugin of create:rei_plugin [create]
[13:59:25] [REI-ReloadPlugins/INFO] [REI]  - (0.00) ChiselREI of ChiselREI [chisel]
[13:59:25] [REI-ReloadPlugins/INFO] [REI]  - (0.00) REITooltipPlugin of REITooltipPlugin [appleskin]
[13:59:25] [REI-ReloadPlugins/INFO] [REI]  - (0.00) AdAstraReiPlugin of AdAstraReiPlugin [ad_astra]
[13:59:25] [REI-ReloadPlugins/INFO] [REI]  - (0.00) ReiRecipeAction of ReiRecipeAction [wthit]
[13:59:25] [REI-ReloadPlugins/INFO] [REI] ########################################
[13:59:25] [REI-ReloadPlugins/TRACE] [REI] [REIClientPlugin END] Reloading Section: "start-reload/"
[13:59:25] [REI-ReloadPlugins/TRACE] [REI] [REIClientPlugin END] Reloading Section: "start-reload/EntryRendererRegistryImpl/"
[13:59:25] [REI-ReloadPlugins/TRACE] [REI] [REIClientPlugin END] Reloading Section: "start-reload/EntryRendererRegistryImpl/" done in 18.27 ms
[13:59:25] [REI-ReloadPlugins/TRACE] [REI] [REIClientPlugin END] Reloading Section: "start-reload/ViewsImpl/"
[13:59:25] [REI-ReloadPlugins/TRACE] [REI] [REIClientPlugin END] Reloading Section: "start-reload/ViewsImpl/" done in 12.10 μs
[13:59:25] [REI-ReloadPlugins/TRACE] [REI] [REIClientPlugin END] Reloading Section: "start-reload/InputMethodRegistryImpl/"
[13:59:25] [REI-ReloadPlugins/TRACE] [REI] [REIClientPlugin END] Reloading Section: "start-reload/InputMethodRegistryImpl/" done in 33.90 μs
[13:59:25] [REI-ReloadPlugins/TRACE] [REI] [REIClientPlugin END] Reloading Section: "start-reload/SearchProviderImpl/"
[13:59:25] [REI-ReloadPlugins/TRACE] [REI] [REIClientPlugin END] Reloading Section: "start-reload/SearchProviderImpl/" done in 10.90 μs
[13:59:25] [REI-ReloadPlugins/TRACE] [REI] [REIClientPlugin END] Reloading Section: "start-reload/ConfigManagerImpl/"
[13:59:25] [REI-ReloadPlugins/TRACE] [REI] [REIClientPlugin END] Reloading Section: "start-reload/ConfigManagerImpl/" done in 8.600 μs
[13:59:25] [REI-ReloadPlugins/TRACE] [REI] [REIClientPlugin END] Reloading Section: "start-reload/EntryRegistryImpl/"
[13:59:25] [REI-ReloadPlugins/TRACE] [REI] [REIClientPlugin END] Reloading Section: "start-reload/EntryRegistryImpl/" done in 6.500 μs
[13:59:25] [REI-ReloadPlugins/TRACE] [REI] [REIClientPlugin END] Reloading Section: "start-reload/CollapsibleEntryRegistryImpl/"
[13:59:25] [REI-ReloadPlugins/TRACE] [REI] [REIClientPlugin END] Reloading Section: "start-reload/CollapsibleEntryRegistryImpl/" done in 15.20 μs
[13:59:25] [REI-ReloadPlugins/TRACE] [REI] [REIClientPlugin END] Reloading Section: "start-reload/BasicFilteringRuleImpl/"
[13:59:25] [REI-ReloadPlugins/TRACE] [REI] [REIClientPlugin END] Reloading Section: "start-reload/BasicFilteringRuleImpl/" done in 5.800 μs
[13:59:25] [REI-ReloadPlugins/TRACE] [REI] [REIClientPlugin END] Reloading Section: "start-reload/CategoryRegistryImpl/"
[13:59:25] [REI-ReloadPlugins/DEBUG] [REI] Added category visibility predicate: me.shedaniel.rei.impl.client.registry.category.CategoryRegistryImpl$$Lambda$19047/0x0000025f4e01ade0@6144d359 [0.00 priority]
[13:59:25] [REI-ReloadPlugins/TRACE] [REI] [REIClientPlugin END] Reloading Section: "start-reload/CategoryRegistryImpl/" done in 6.840 ms
[13:59:25] [REI-ReloadPlugins/TRACE] [REI] [REIClientPlugin END] Reloading Section: "start-reload/DisplayRegistryImpl/"
[13:59:25] [REI-ReloadPlugins/TRACE] [REI] [REIClientPlugin END] Reloading Section: "start-reload/DisplayRegistryImpl/" done in 203.5 μs
[13:59:25] [REI-ReloadPlugins/TRACE] [REI] [REIClientPlugin END] Reloading Section: "start-reload/ScreenRegistryImpl/"
[13:59:25] [REI-ReloadPlugins/TRACE] [REI] [REIClientPlugin END] Reloading Section: "start-reload/ScreenRegistryImpl/" done in 7.600 μs
[13:59:25] [REI-ReloadPlugins/TRACE] [REI] [REIClientPlugin END] Reloading Section: "start-reload/FavoriteEntryTypeRegistryImpl/"
[13:59:25] [REI-ReloadPlugins/TRACE] [REI] [REIClientPlugin END] Reloading Section: "start-reload/FavoriteEntryTypeRegistryImpl/" done in 5.700 μs
[13:59:25] [REI-ReloadPlugins/TRACE] [REI] [REIClientPlugin END] Reloading Section: "start-reload/SubsetsRegistryImpl/"
[13:59:25] [REI-ReloadPlugins/TRACE] [REI] [REIClientPlugin END] Reloading Section: "start-reload/SubsetsRegistryImpl/" done in 6.000 μs
[13:59:25] [REI-ReloadPlugins/TRACE] [REI] [REIClientPlugin END] Reloading Section: "start-reload/TransferHandlerRegistryImpl/"
[13:59:25] [REI-ReloadPlugins/TRACE] [REI] [REIClientPlugin END] Reloading Section: "start-reload/TransferHandlerRegistryImpl/" done in 20.90 μs
[13:59:25] [REI-ReloadPlugins/TRACE] [REI] [REIClientPlugin END] Reloading Section: "start-reload/SearchRuntime/"
[13:59:25] [REI-ReloadPlugins/DEBUG] [REI] Preparing collapsed entry groups cache with 0 entries and 5374 stacks
[13:59:25] [REI-ReloadPlugins/DEBUG] [REI] Prepared collapsed entry groups cache with 0 entries and 5374 stacks
[13:59:25] [REI-ReloadPlugins/TRACE] [REI] [REIClientPlugin END] Reloading Section: "start-reload/SearchRuntime/" done in 1.070 ms
[13:59:25] [REI-ReloadPlugins/TRACE] [REI] [REIClientPlugin END] Reloading Section: "start-reload/REIRuntimeImpl/"
[13:59:25] [REI-ReloadPlugins/TRACE] [REI] [REIClientPlugin END] Reloading Section: "start-reload/REIRuntimeImpl/" done in 15.60 μs
[13:59:25] [REI-ReloadPlugins/TRACE] [REI] [REIClientPlugin END] Reloading Section: "start-reload/ConfigAddonRegistryImpl/"
[13:59:25] [REI-ReloadPlugins/TRACE] [REI] [REIClientPlugin END] Reloading Section: "start-reload/ConfigAddonRegistryImpl/" done in 24.50 μs
[13:59:25] [REI-ReloadPlugins/TRACE] [REI] [REIClientPlugin END] Reloading Section: "start-reload/me.shedaniel.rei.plugin.client.runtime.PluginStageExecutionWatcher$1/"
[13:59:25] [REI-ReloadPlugins/TRACE] [REI] [REIClientPlugin END] Reloading Section: "start-reload/me.shedaniel.rei.plugin.client.runtime.PluginStageExecutionWatcher$1/" done in 5.400 μs
[13:59:25] [REI-ReloadPlugins/TRACE] [REI] [REIClientPlugin END] Reloading Section: "start-reload/" done in 28.59 ms
[13:59:25] [REI-ReloadPlugins/DEBUG] [REI] ========================================
[13:59:25] [REI-ReloadPlugins/DEBUG] [REI] REIClientPlugin started main-reload for END.
[13:59:25] [REI-ReloadPlugins/DEBUG] [REI] ========================================
[13:59:25] [REI-ReloadPlugins/TRACE] [REI] [REIClientPlugin END] Reloading Section: "reloadable-plugin/EntryRendererRegistryImpl/"
[13:59:25] [REI-ReloadPlugins/TRACE] [REI] [REIClientPlugin END] Reloading Section: "reloadable-plugin/EntryRendererRegistryImpl/DefaultClientPlugin of DefaultClientPlugin [roughlyenoughitems]/"
[13:59:25] [REI-ReloadPlugins/TRACE] [REI] [REIClientPlugin END] Reloading Section: "reloadable-plugin/EntryRendererRegistryImpl/DefaultClientPlugin of DefaultClientPlugin [roughlyenoughitems]/" done in 28.20 μs
[13:59:25] [REI-ReloadPlugins/TRACE] [REI] [REIClientPlugin END] Reloading Section: "reloadable-plugin/EntryRendererRegistryImpl/REICompat of REICompat [sliceanddice]/"
[13:59:25] [REI-ReloadPlugins/TRACE] [REI] [REIClientPlugin END] Reloading Section: "reloadable-plugin/EntryRendererRegistryImpl/REICompat of REICompat [sliceanddice]/" done in 8.100 μs
[13:59:25] [REI-ReloadPlugins/TRACE] [REI] [REIClientPlugin END] Reloading Section: "reloadable-plugin/EntryRendererRegistryImpl/HideIngredientsFromTagsPlugin of HideIngredientsFromTagsPlugin [roughlyenoughitems]/"
[13:59:25] [REI-ReloadPlugins/TRACE] [REI] [REIClientPlugin END] Reloading Section: "reloadable-plugin/EntryRendererRegistryImpl/HideIngredientsFromTagsPlugin of HideIngredientsFromTagsPlugin [roughlyenoughitems]/" done in 7.900 μs
[13:59:25] [REI-ReloadPlugins/TRACE] [REI] [REIClientPlugin END] Reloading Section: "reloadable-plugin/EntryRendererRegistryImpl/DefaultClientRuntimePlugin of DefaultClientRuntimePlugin [roughlyenoughitems]/"
[13:59:25] [REI-ReloadPlugins/TRACE] [REI] [REIClientPlugin END] Reloading Section: "reloadable-plugin/EntryRendererRegistryImpl/DefaultClientRuntimePlugin of DefaultClientRuntimePlugin [roughlyenoughitems]/" done in 7.900 μs
[13:59:25] [REI-ReloadPlugins/TRACE] [REI] [REIClientPlugin END] Reloading Section: "reloadable-plugin/EntryRendererRegistryImpl/ClientREIPlugin of ClientREIPlugin [farmersdelight]/"
[13:59:25] [REI-ReloadPlugins/TRACE] [REI] [REIClientPlugin END] Reloading Section: "reloadable-plugin/EntryRendererRegistryImpl/ClientREIPlugin of ClientREIPlugin [farmersdelight]/" done in 7.900 μs
[13:59:25] [REI-ReloadPlugins/TRACE] [REI] [REIClientPlugin END] Reloading Section: "reloadable-plugin/EntryRendererRegistryImpl/ExpandedDelightREI of ExpandedDelightREI [expandeddelight]/"
[13:59:25] [REI-ReloadPlugins/TRACE] [REI] [REIClientPlugin END] Reloading Section: "reloadable-plugin/EntryRendererRegistryImpl/ExpandedDelightREI of ExpandedDelightREI [expandeddelight]/" done in 7.600 μs
[13:59:25] [REI-ReloadPlugins/TRACE] [REI] [REIClientPlugin END] Reloading Section: "reloadable-plugin/EntryRendererRegistryImpl/CreateAdditionREI of CreateAdditionREI [createaddition]/"
[13:59:25] [REI-ReloadPlugins/TRACE] [REI] [REIClientPlugin END] Reloading Section: "reloadable-plugin/EntryRendererRegistryImpl/CreateAdditionREI of CreateAdditionREI [createaddition]/" done in 8.900 μs
[13:59:25] [REI-ReloadPlugins/TRACE] [REI] [REIClientPlugin END] Reloading Section: "reloadable-plugin/EntryRendererRegistryImpl/NewAgeReiPlugin of NewAgeReiPlugin [create_new_age]/"
[13:59:25] [REI-ReloadPlugins/TRACE] [REI] [REIClientPlugin END] Reloading Section: "reloadable-plugin/EntryRendererRegistryImpl/NewAgeReiPlugin of NewAgeReiPlugin [create_new_age]/" done in 7.800 μs
[13:59:25] [REI-ReloadPlugins/TRACE] [REI] [REIClientPlugin END] Reloading Section: "reloadable-plugin/EntryRendererRegistryImpl/create:rei_plugin of create:rei_plugin [create]/"
[13:59:25] [REI-ReloadPlugins/TRACE] [REI] [REIClientPlugin END] Reloading Section: "reloadable-plugin/EntryRendererRegistryImpl/create:rei_plugin of create:rei_plugin [create]/" done in 8.500 μs
[13:59:25] [REI-ReloadPlugins/TRACE] [REI] [REIClientPlugin END] Reloading Section: "reloadable-plugin/EntryRendererRegistryImpl/ChiselREI of ChiselREI [chisel]/"
[13:59:25] [REI-ReloadPlugins/TRACE] [REI] [REIClientPlugin END] Reloading Section: "reloadable-plugin/EntryRendererRegistryImpl/ChiselREI of ChiselREI [chisel]/" done in 6.400 μs
[13:59:25] [REI-ReloadPlugins/TRACE] [REI] [REIClientPlugin END] Reloading Section: "reloadable-plugin/EntryRendererRegistryImpl/REITooltipPlugin of REITooltipPlugin [appleskin]/"
[13:59:25] [REI-ReloadPlugins/TRACE] [REI] [REIClientPlugin END] Reloading Section: "reloadable-plugin/EntryRendererRegistryImpl/REITooltipPlugin of REITooltipPlugin [appleskin]/" done in 2.928 ms
[13:59:25] [REI-ReloadPlugins/TRACE] [REI] [REIClientPlugin END] Reloading Section: "reloadable-plugin/EntryRendererRegistryImpl/AdAstraReiPlugin of AdAstraReiPlugin [ad_astra]/"
[13:59:25] [REI-ReloadPlugins/TRACE] [REI] [REIClientPlugin END] Reloading Section: "reloadable-plugin/EntryRendererRegistryImpl/AdAstraReiPlugin of AdAstraReiPlugin [ad_astra]/" done in 16.50 μs
[13:59:25] [REI-ReloadPlugins/TRACE] [REI] [REIClientPlugin END] Reloading Section: "reloadable-plugin/EntryRendererRegistryImpl/ReiRecipeAction of ReiRecipeAction [wthit]/"
[13:59:25] [REI-ReloadPlugins/TRACE] [REI] [REIClientPlugin END] Reloading Section: "reloadable-plugin/EntryRendererRegistryImpl/ReiRecipeAction of ReiRecipeAction [wthit]/" done in 9.200 μs
[13:59:25] [REI-ReloadPlugins/TRACE] [REI] [REIClientPlugin END] Reloading Section: "reloadable-plugin/EntryRendererRegistryImpl/" done in 4.436 ms
[13:59:25] [REI-ReloadPlugins/TRACE] [REI] [REIClientPlugin END] Reloading Section: "reloadable-plugin/ViewsImpl/"
[13:59:25] [REI-ReloadPlugins/TRACE] [REI] [REIClientPlugin END] Reloading Section: "reloadable-plugin/ViewsImpl/DefaultClientPlugin of DefaultClientPlugin [roughlyenoughitems]/"
[13:59:25] [REI-ReloadPlugins/TRACE] [REI] [REIClientPlugin END] Reloading Section: "reloadable-plugin/ViewsImpl/DefaultClientPlugin of DefaultClientPlugin [roughlyenoughitems]/" done in 8.300 μs
[13:59:25] [REI-ReloadPlugins/TRACE] [REI] [REIClientPlugin END] Reloading Section: "reloadable-plugin/ViewsImpl/REICompat of REICompat [sliceanddice]/"
[13:59:25] [REI-ReloadPlugins/TRACE] [REI] [REIClientPlugin END] Reloading Section: "reloadable-plugin/ViewsImpl/REICompat of REICompat [sliceanddice]/" done in 8.000 μs
[13:59:25] [REI-ReloadPlugins/TRACE] [REI] [REIClientPlugin END] Reloading Section: "reloadable-plugin/ViewsImpl/HideIngredientsFromTagsPlugin of HideIngredientsFromTagsPlugin [roughlyenoughitems]/"
[13:59:25] [REI-ReloadPlugins/TRACE] [REI] [REIClientPlugin END] Reloading Section: "reloadable-plugin/ViewsImpl/HideIngredientsFromTagsPlugin of HideIngredientsFromTagsPlugin [roughlyenoughitems]/" done in 9.600 μs
[13:59:25] [REI-ReloadPlugins/TRACE] [REI] [REIClientPlugin END] Reloading Section: "reloadable-plugin/ViewsImpl/DefaultClientRuntimePlugin of DefaultClientRuntimePlugin [roughlyenoughitems]/"
[13:59:25] [REI-ReloadPlugins/TRACE] [REI] [REIClientPlugin END] Reloading Section: "reloadable-plugin/ViewsImpl/DefaultClientRuntimePlugin of DefaultClientRuntimePlugin [roughlyenoughitems]/" done in 7.800 μs
[13:59:25] [REI-ReloadPlugins/TRACE] [REI] [REIClientPlugin END] Reloading Section: "reloadable-plugin/ViewsImpl/ClientREIPlugin of ClientREIPlugin [farmersdelight]/"
[13:59:25] [REI-ReloadPlugins/TRACE] [REI] [REIClientPlugin END] Reloading Section: "reloadable-plugin/ViewsImpl/ClientREIPlugin of ClientREIPlugin [farmersdelight]/" done in 7.300 μs
[13:59:25] [REI-ReloadPlugins/TRACE] [REI] [REIClientPlugin END] Reloading Section: "reloadable-plugin/ViewsImpl/ExpandedDelightREI of ExpandedDelightREI [expandeddelight]/"
[13:59:25] [REI-ReloadPlugins/TRACE] [REI] [REIClientPlugin END] Reloading Section: "reloadable-plugin/ViewsImpl/ExpandedDelightREI of ExpandedDelightREI [expandeddelight]/" done in 7.100 μs
[13:59:25] [REI-ReloadPlugins/TRACE] [REI] [REIClientPlugin END] Reloading Section: "reloadable-plugin/ViewsImpl/CreateAdditionREI of CreateAdditionREI [createaddition]/"
[13:59:25] [REI-ReloadPlugins/TRACE] [REI] [REIClientPlugin END] Reloading Section: "reloadable-plugin/ViewsImpl/CreateAdditionREI of CreateAdditionREI [createaddition]/" done in 7.300 μs
[13:59:25] [REI-ReloadPlugins/TRACE] [REI] [REIClientPlugin END] Reloading Section: "reloadable-plugin/ViewsImpl/NewAgeReiPlugin of NewAgeReiPlugin [create_new_age]/"
[13:59:25] [REI-ReloadPlugins/TRACE] [REI] [REIClientPlugin END] Reloading Section: "reloadable-plugin/ViewsImpl/NewAgeReiPlugin of NewAgeReiPlugin [create_new_age]/" done in 7.300 μs
[13:59:25] [REI-ReloadPlugins/TRACE] [REI] [REIClientPlugin END] Reloading Section: "reloadable-plugin/ViewsImpl/create:rei_plugin of create:rei_plugin [create]/"
[13:59:25] [REI-ReloadPlugins/TRACE] [REI] [REIClientPlugin END] Reloading Section: "reloadable-plugin/ViewsImpl/create:rei_plugin of create:rei_plugin [create]/" done in 7.900 μs
[13:59:25] [REI-ReloadPlugins/TRACE] [REI] [REIClientPlugin END] Reloading Section: "reloadable-plugin/ViewsImpl/ChiselREI of ChiselREI [chisel]/"
[13:59:25] [REI-ReloadPlugins/TRACE] [REI] [REIClientPlugin END] Reloading Section: "reloadable-plugin/ViewsImpl/ChiselREI of ChiselREI [chisel]/" done in 13.40 μs
[13:59:25] [REI-ReloadPlugins/TRACE] [REI] [REIClientPlugin END] Reloading Section: "reloadable-plugin/ViewsImpl/REITooltipPlugin of REITooltipPlugin [appleskin]/"
[13:59:25] [REI-ReloadPlugins/TRACE] [REI] [REIClientPlugin END] Reloading Section: "reloadable-plugin/ViewsImpl/REITooltipPlugin of REITooltipPlugin [appleskin]/" done in 7.200 μs
[13:59:25] [REI-ReloadPlugins/TRACE] [REI] [REIClientPlugin END] Reloading Section: "reloadable-plugin/ViewsImpl/AdAstraReiPlugin of AdAstraReiPlugin [ad_astra]/"
[13:59:25] [REI-ReloadPlugins/TRACE] [REI] [REIClientPlugin END] Reloading Section: "reloadable-plugin/ViewsImpl/AdAstraReiPlugin of AdAstraReiPlugin [ad_astra]/" done in 7.700 μs
[13:59:25] [REI-ReloadPlugins/TRACE] [REI] [REIClientPlugin END] Reloading Section: "reloadable-plugin/ViewsImpl/ReiRecipeAction of ReiRecipeAction [wthit]/"
[13:59:25] [REI-ReloadPlugins/TRACE] [REI] [REIClientPlugin END] Reloading Section: "reloadable-plugin/ViewsImpl/ReiRecipeAction of ReiRecipeAction [wthit]/" done in 11.30 μs
[13:59:25] [REI-ReloadPlugins/TRACE] [REI] [REIClientPlugin END] Reloading Section: "reloadable-plugin/ViewsImpl/" done in 1.398 ms
[13:59:25] [REI-ReloadPlugins/TRACE] [REI] [REIClientPlugin END] Reloading Section: "reloadable-plugin/InputMethodRegistryImpl/"
[13:59:25] [REI-ReloadPlugins/TRACE] [REI] [REIClientPlugin END] Reloading Section: "reloadable-plugin/InputMethodRegistryImpl/DefaultClientPlugin of DefaultClientPlugin [roughlyenoughitems]/"
[13:59:25] [REI-ReloadPlugins/TRACE] [REI] [REIClientPlugin END] Reloading Section: "reloadable-plugin/InputMethodRegistryImpl/DefaultClientPlugin of DefaultClientPlugin [roughlyenoughitems]/" done in 22.60 μs
[13:59:25] [REI-ReloadPlugins/TRACE] [REI] [REIClientPlugin END] Reloading Section: "reloadable-plugin/InputMethodRegistryImpl/REICompat of REICompat [sliceanddice]/"
[13:59:25] [REI-ReloadPlugins/TRACE] [REI] [REIClientPlugin END] Reloading Section: "reloadable-plugin/InputMethodRegistryImpl/REICompat of REICompat [sliceanddice]/" done in 7.900 μs
[13:59:25] [REI-ReloadPlugins/TRACE] [REI] [REIClientPlugin END] Reloading Section: "reloadable-plugin/InputMethodRegistryImpl/HideIngredientsFromTagsPlugin of HideIngredientsFromTagsPlugin [roughlyenoughitems]/"
[13:59:25] [REI-ReloadPlugins/TRACE] [REI] [REIClientPlugin END] Reloading Section: "reloadable-plugin/InputMethodRegistryImpl/HideIngredientsFromTagsPlugin of HideIngredientsFromTagsPlugin [roughlyenoughitems]/" done in 11.60 μs
[13:59:25] [REI-ReloadPlugins/TRACE] [REI] [REIClientPlugin END] Reloading Section: "reloadable-plugin/InputMethodRegistryImpl/DefaultClientRuntimePlugin of DefaultClientRuntimePlugin [roughlyenoughitems]/"
[13:59:25] [REI-ReloadPlugins/DEBUG] [REI] Added input method [rei:default]: Padrão
[13:59:25] [REI-ReloadPlugins/DEBUG] [REI] Added input method [rei:pinyin]: Pinyin (Mandarim)
[13:59:25] [REI-ReloadPlugins/DEBUG] [REI] Added input method [rei:jyutping]: Jyutping (Cantonês)
[13:59:25] [REI-ReloadPlugins/DEBUG] [REI] Added input method [rei:bomopofo]: Bopomofo (Mandarim)
[13:59:25] [REI-ReloadPlugins/DEBUG] [REI] Added input method [rei:double_pinyin]: Double Pinyin (Mandarin)
[13:59:25] [REI-ReloadPlugins/TRACE] [REI] [REIClientPlugin END] Reloading Section: "reloadable-plugin/InputMethodRegistryImpl/DefaultClientRuntimePlugin of DefaultClientRuntimePlugin [roughlyenoughitems]/" done in 140.5 ms
[13:59:25] [REI-ReloadPlugins/TRACE] [REI] [REIClientPlugin END] Reloading Section: "reloadable-plugin/InputMethodRegistryImpl/ClientREIPlugin of ClientREIPlugin [farmersdelight]/"
[13:59:25] [REI-ReloadPlugins/TRACE] [REI] [REIClientPlugin END] Reloading Section: "reloadable-plugin/InputMethodRegistryImpl/ClientREIPlugin of ClientREIPlugin [farmersdelight]/" done in 15.80 μs
[13:59:25] [REI-ReloadPlugins/TRACE] [REI] [REIClientPlugin END] Reloading Section: "reloadable-plugin/InputMethodRegistryImpl/ExpandedDelightREI of ExpandedDelightREI [expandeddelight]/"
[13:59:25] [REI-ReloadPlugins/TRACE] [REI] [REIClientPlugin END] Reloading Section: "reloadable-plugin/InputMethodRegistryImpl/ExpandedDelightREI of ExpandedDelightREI [expandeddelight]/" done in 9.600 μs
[13:59:25] [REI-ReloadPlugins/TRACE] [REI] [REIClientPlugin END] Reloading Section: "reloadable-plugin/InputMethodRegistryImpl/CreateAdditionREI of CreateAdditionREI [createaddition]/"
[13:59:25] [REI-ReloadPlugins/TRACE] [REI] [REIClientPlugin END] Reloading Section: "reloadable-plugin/InputMethodRegistryImpl/CreateAdditionREI of CreateAdditionREI [createaddition]/" done in 9.200 μs
[13:59:25] [REI-ReloadPlugins/TRACE] [REI] [REIClientPlugin END] Reloading Section: "reloadable-plugin/InputMethodRegistryImpl/NewAgeReiPlugin of NewAgeReiPlugin [create_new_age]/"
[13:59:25] [REI-ReloadPlugins/TRACE] [REI] [REIClientPlugin END] Reloading Section: "reloadable-plugin/InputMethodRegistryImpl/NewAgeReiPlugin of NewAgeReiPlugin [create_new_age]/" done in 7.900 μs
[13:59:25] [REI-ReloadPlugins/TRACE] [REI] [REIClientPlugin END] Reloading Section: "reloadable-plugin/InputMethodRegistryImpl/create:rei_plugin of create:rei_plugin [create]/"
[13:59:25] [REI-ReloadPlugins/TRACE] [REI] [REIClientPlugin END] Reloading Section: "reloadable-plugin/InputMethodRegistryImpl/create:rei_plugin of create:rei_plugin [create]/" done in 8.900 μs
[13:59:25] [REI-ReloadPlugins/TRACE] [REI] [REIClientPlugin END] Reloading Section: "reloadable-plugin/InputMethodRegistryImpl/ChiselREI of ChiselREI [chisel]/"
[13:59:25] [REI-ReloadPlugins/TRACE] [REI] [REIClientPlugin END] Reloading Section: "reloadable-plugin/InputMethodRegistryImpl/ChiselREI of ChiselREI [chisel]/" done in 11.50 μs
[13:59:25] [REI-ReloadPlugins/TRACE] [REI] [REIClientPlugin END] Reloading Section: "reloadable-plugin/InputMethodRegistryImpl/REITooltipPlugin of REITooltipPlugin [appleskin]/"
[13:59:25] [REI-ReloadPlugins/TRACE] [REI] [REIClientPlugin END] Reloading Section: "reloadable-plugin/InputMethodRegistryImpl/REITooltipPlugin of REITooltipPlugin [appleskin]/" done in 10.20 μs
[13:59:25] [REI-ReloadPlugins/TRACE] [REI] [REIClientPlugin END] Reloading Section: "reloadable-plugin/InputMethodRegistryImpl/AdAstraReiPlugin of AdAstraReiPlugin [ad_astra]/"
[13:59:25] [REI-ReloadPlugins/TRACE] [REI] [REIClientPlugin END] Reloading Section: "reloadable-plugin/InputMethodRegistryImpl/AdAstraReiPlugin of AdAstraReiPlugin [ad_astra]/" done in 8.200 μs
[13:59:25] [REI-ReloadPlugins/TRACE] [REI] [REIClientPlugin END] Reloading Section: "reloadable-plugin/InputMethodRegistryImpl/ReiRecipeAction of ReiRecipeAction [wthit]/"
[13:59:25] [REI-ReloadPlugins/TRACE] [REI] [REIClientPlugin END] Reloading Section: "reloadable-plugin/InputMethodRegistryImpl/ReiRecipeAction of ReiRecipeAction [wthit]/" done in 7.300 μs
[13:59:25] [REI-ReloadPlugins/TRACE] [REI] [REIClientPlugin END] Reloading Section: "reloadable-plugin/InputMethodRegistryImpl/" done in 142.3 ms
[13:59:25] [REI-ReloadPlugins/TRACE] [REI] [REIClientPlugin END] Reloading Section: "reloadable-plugin/SearchProviderImpl/"
[13:59:25] [REI-ReloadPlugins/TRACE] [REI] [REIClientPlugin END] Reloading Section: "reloadable-plugin/SearchProviderImpl/DefaultClientPlugin of DefaultClientPlugin [roughlyenoughitems]/"
[13:59:25] [REI-ReloadPlugins/TRACE] [REI] [REIClientPlugin END] Reloading Section: "reloadable-plugin/SearchProviderImpl/DefaultClientPlugin of DefaultClientPlugin [roughlyenoughitems]/" done in 8.100 μs
[13:59:25] [REI-ReloadPlugins/TRACE] [REI] [REIClientPlugin END] Reloading Section: "reloadable-plugin/SearchProviderImpl/REICompat of REICompat [sliceanddice]/"
[13:59:25] [REI-ReloadPlugins/TRACE] [REI] [REIClientPlugin END] Reloading Section: "reloadable-plugin/SearchProviderImpl/REICompat of REICompat [sliceanddice]/" done in 7.600 μs
[13:59:25] [REI-ReloadPlugins/TRACE] [REI] [REIClientPlugin END] Reloading Section: "reloadable-plugin/SearchProviderImpl/HideIngredientsFromTagsPlugin of HideIngredientsFromTagsPlugin [roughlyenoughitems]/"
[13:59:25] [REI-ReloadPlugins/TRACE] [REI] [REIClientPlugin END] Reloading Section: "reloadable-plugin/SearchProviderImpl/HideIngredientsFromTagsPlugin of HideIngredientsFromTagsPlugin [roughlyenoughitems]/" done in 8.200 μs
[13:59:25] [REI-ReloadPlugins/TRACE] [REI] [REIClientPlugin END] Reloading Section: "reloadable-plugin/SearchProviderImpl/DefaultClientRuntimePlugin of DefaultClientRuntimePlugin [roughlyenoughitems]/"
[13:59:25] [REI-ReloadPlugins/TRACE] [REI] [REIClientPlugin END] Reloading Section: "reloadable-plugin/SearchProviderImpl/DefaultClientRuntimePlugin of DefaultClientRuntimePlugin [roughlyenoughitems]/" done in 7.500 μs
[13:59:25] [REI-ReloadPlugins/TRACE] [REI] [REIClientPlugin END] Reloading Section: "reloadable-plugin/SearchProviderImpl/ClientREIPlugin of ClientREIPlugin [farmersdelight]/"
[13:59:25] [REI-ReloadPlugins/TRACE] [REI] [REIClientPlugin END] Reloading Section: "reloadable-plugin/SearchProviderImpl/ClientREIPlugin of ClientREIPlugin [farmersdelight]/" done in 8.000 μs
[13:59:25] [REI-ReloadPlugins/TRACE] [REI] [REIClientPlugin END] Reloading Section: "reloadable-plugin/SearchProviderImpl/ExpandedDelightREI of ExpandedDelightREI [expandeddelight]/"
[13:59:25] [REI-ReloadPlugins/TRACE] [REI] [REIClientPlugin END] Reloading Section: "reloadable-plugin/SearchProviderImpl/ExpandedDelightREI of ExpandedDelightREI [expandeddelight]/" done in 8.100 μs
[13:59:25] [REI-ReloadPlugins/TRACE] [REI] [REIClientPlugin END] Reloading Section: "reloadable-plugin/SearchProviderImpl/CreateAdditionREI of CreateAdditionREI [createaddition]/"
[13:59:25] [REI-ReloadPlugins/TRACE] [REI] [REIClientPlugin END] Reloading Section: "reloadable-plugin/SearchProviderImpl/CreateAdditionREI of CreateAdditionREI [createaddition]/" done in 8.400 μs
[13:59:25] [REI-ReloadPlugins/TRACE] [REI] [REIClientPlugin END] Reloading Section: "reloadable-plugin/SearchProviderImpl/NewAgeReiPlugin of NewAgeReiPlugin [create_new_age]/"
[13:59:25] [REI-ReloadPlugins/TRACE] [REI] [REIClientPlugin END] Reloading Section: "reloadable-plugin/SearchProviderImpl/NewAgeReiPlugin of NewAgeReiPlugin [create_new_age]/" done in 6.100 μs
[13:59:25] [REI-ReloadPlugins/TRACE] [REI] [REIClientPlugin END] Reloading Section: "reloadable-plugin/SearchProviderImpl/create:rei_plugin of create:rei_plugin [create]/"
[13:59:25] [REI-ReloadPlugins/TRACE] [REI] [REIClientPlugin END] Reloading Section: "reloadable-plugin/SearchProviderImpl/create:rei_plugin of create:rei_plugin [create]/" done in 5.900 μs
[13:59:25] [REI-ReloadPlugins/TRACE] [REI] [REIClientPlugin END] Reloading Section: "reloadable-plugin/SearchProviderImpl/ChiselREI of ChiselREI [chisel]/"
[13:59:25] [REI-ReloadPlugins/TRACE] [REI] [REIClientPlugin END] Reloading Section: "reloadable-plugin/SearchProviderImpl/ChiselREI of ChiselREI [chisel]/" done in 5.700 μs
[13:59:25] [REI-ReloadPlugins/TRACE] [REI] [REIClientPlugin END] Reloading Section: "reloadable-plugin/SearchProviderImpl/REITooltipPlugin of REITooltipPlugin [appleskin]/"
[13:59:25] [REI-ReloadPlugins/TRACE] [REI] [REIClientPlugin END] Reloading Section: "reloadable-plugin/SearchProviderImpl/REITooltipPlugin of REITooltipPlugin [appleskin]/" done in 5.300 μs
[13:59:25] [REI-ReloadPlugins/TRACE] [REI] [REIClientPlugin END] Reloading Section: "reloadable-plugin/SearchProviderImpl/AdAstraReiPlugin of AdAstraReiPlugin [ad_astra]/"
[13:59:25] [REI-ReloadPlugins/TRACE] [REI] [REIClientPlugin END] Reloading Section: "reloadable-plugin/SearchProviderImpl/AdAstraReiPlugin of AdAstraReiPlugin [ad_astra]/" done in 5.700 μs
[13:59:25] [REI-ReloadPlugins/TRACE] [REI] [REIClientPlugin END] Reloading Section: "reloadable-plugin/SearchProviderImpl/ReiRecipeAction of ReiRecipeAction [wthit]/"
[13:59:25] [REI-ReloadPlugins/TRACE] [REI] [REIClientPlugin END] Reloading Section: "reloadable-plugin/SearchProviderImpl/ReiRecipeAction of ReiRecipeAction [wthit]/" done in 5.500 μs
[13:59:25] [REI-ReloadPlugins/TRACE] [REI] [REIClientPlugin END] Reloading Section: "reloadable-plugin/SearchProviderImpl/" done in 1.316 ms
[13:59:25] [REI-ReloadPlugins/TRACE] [REI] [REIClientPlugin END] Reloading Section: "reloadable-plugin/ConfigManagerImpl/"
[13:59:25] [REI-ReloadPlugins/TRACE] [REI] [REIClientPlugin END] Reloading Section: "reloadable-plugin/ConfigManagerImpl/DefaultClientPlugin of DefaultClientPlugin [roughlyenoughitems]/"
[13:59:25] [REI-ReloadPlugins/TRACE] [REI] [REIClientPlugin END] Reloading Section: "reloadable-plugin/ConfigManagerImpl/DefaultClientPlugin of DefaultClientPlugin [roughlyenoughitems]/" done in 5.200 μs
[13:59:25] [REI-ReloadPlugins/TRACE] [REI] [REIClientPlugin END] Reloading Section: "reloadable-plugin/ConfigManagerImpl/REICompat of REICompat [sliceanddice]/"
[13:59:25] [REI-ReloadPlugins/TRACE] [REI] [REIClientPlugin END] Reloading Section: "reloadable-plugin/ConfigManagerImpl/REICompat of REICompat [sliceanddice]/" done in 5.300 μs
[13:59:25] [REI-ReloadPlugins/TRACE] [REI] [REIClientPlugin END] Reloading Section: "reloadable-plugin/ConfigManagerImpl/HideIngredientsFromTagsPlugin of HideIngredientsFromTagsPlugin [roughlyenoughitems]/"
[13:59:25] [REI-ReloadPlugins/TRACE] [REI] [REIClientPlugin END] Reloading Section: "reloadable-plugin/ConfigManagerImpl/HideIngredientsFromTagsPlugin of HideIngredientsFromTagsPlugin [roughlyenoughitems]/" done in 5.200 μs
[13:59:25] [REI-ReloadPlugins/TRACE] [REI] [REIClientPlugin END] Reloading Section: "reloadable-plugin/ConfigManagerImpl/DefaultClientRuntimePlugin of DefaultClientRuntimePlugin [roughlyenoughitems]/"
[13:59:25] [REI-ReloadPlugins/TRACE] [REI] [REIClientPlugin END] Reloading Section: "reloadable-plugin/ConfigManagerImpl/DefaultClientRuntimePlugin of DefaultClientRuntimePlugin [roughlyenoughitems]/" done in 5.200 μs
[13:59:25] [REI-ReloadPlugins/TRACE] [REI] [REIClientPlugin END] Reloading Section: "reloadable-plugin/ConfigManagerImpl/ClientREIPlugin of ClientREIPlugin [farmersdelight]/"
[13:59:25] [REI-ReloadPlugins/TRACE] [REI] [REIClientPlugin END] Reloading Section: "reloadable-plugin/ConfigManagerImpl/ClientREIPlugin of ClientREIPlugin [farmersdelight]/" done in 5.300 μs
[13:59:25] [REI-ReloadPlugins/TRACE] [REI] [REIClientPlugin END] Reloading Section: "reloadable-plugin/ConfigManagerImpl/ExpandedDelightREI of ExpandedDelightREI [expandeddelight]/"
[13:59:25] [REI-ReloadPlugins/TRACE] [REI] [REIClientPlugin END] Reloading Section: "reloadable-plugin/ConfigManagerImpl/ExpandedDelightREI of ExpandedDelightREI [expandeddelight]/" done in 5.200 μs
[13:59:25] [REI-ReloadPlugins/TRACE] [REI] [REIClientPlugin END] Reloading Section: "reloadable-plugin/ConfigManagerImpl/CreateAdditionREI of CreateAdditionREI [createaddition]/"
[13:59:25] [REI-ReloadPlugins/TRACE] [REI] [REIClientPlugin END] Reloading Section: "reloadable-plugin/ConfigManagerImpl/CreateAdditionREI of CreateAdditionREI [createaddition]/" done in 5.700 μs
[13:59:25] [REI-ReloadPlugins/TRACE] [REI] [REIClientPlugin END] Reloading Section: "reloadable-plugin/ConfigManagerImpl/NewAgeReiPlugin of NewAgeReiPlugin [create_new_age]/"
[13:59:25] [REI-ReloadPlugins/TRACE] [REI] [REIClientPlugin END] Reloading Section: "reloadable-plugin/ConfigManagerImpl/NewAgeReiPlugin of NewAgeReiPlugin [create_new_age]/" done in 5.200 μs
[13:59:25] [REI-ReloadPlugins/TRACE] [REI] [REIClientPlugin END] Reloading Section: "reloadable-plugin/ConfigManagerImpl/create:rei_plugin of create:rei_plugin [create]/"
[13:59:25] [REI-ReloadPlugins/TRACE] [REI] [REIClientPlugin END] Reloading Section: "reloadable-plugin/ConfigManagerImpl/create:rei_plugin of create:rei_plugin [create]/" done in 5.700 μs
[13:59:25] [REI-ReloadPlugins/TRACE] [REI] [REIClientPlugin END] Reloading Section: "reloadable-plugin/ConfigManagerImpl/ChiselREI of ChiselREI [chisel]/"
[13:59:25] [REI-ReloadPlugins/TRACE] [REI] [REIClientPlugin END] Reloading Section: "reloadable-plugin/ConfigManagerImpl/ChiselREI of ChiselREI [chisel]/" done in 5.400 μs
[13:59:25] [REI-ReloadPlugins/TRACE] [REI] [REIClientPlugin END] Reloading Section: "reloadable-plugin/ConfigManagerImpl/REITooltipPlugin of REITooltipPlugin [appleskin]/"
[13:59:25] [REI-ReloadPlugins/TRACE] [REI] [REIClientPlugin END] Reloading Section: "reloadable-plugin/ConfigManagerImpl/REITooltipPlugin of REITooltipPlugin [appleskin]/" done in 5.500 μs
[13:59:25] [REI-ReloadPlugins/TRACE] [REI] [REIClientPlugin END] Reloading Section: "reloadable-plugin/ConfigManagerImpl/AdAstraReiPlugin of AdAstraReiPlugin [ad_astra]/"
[13:59:25] [REI-ReloadPlugins/TRACE] [REI] [REIClientPlugin END] Reloading Section: "reloadable-plugin/ConfigManagerImpl/AdAstraReiPlugin of AdAstraReiPlugin [ad_astra]/" done in 5.700 μs
[13:59:25] [REI-ReloadPlugins/TRACE] [REI] [REIClientPlugin END] Reloading Section: "reloadable-plugin/ConfigManagerImpl/ReiRecipeAction of ReiRecipeAction [wthit]/"
[13:59:25] [REI-ReloadPlugins/TRACE] [REI] [REIClientPlugin END] Reloading Section: "reloadable-plugin/ConfigManagerImpl/ReiRecipeAction of ReiRecipeAction [wthit]/" done in 6.800 μs
[13:59:25] [REI-ReloadPlugins/TRACE] [REI] [REIClientPlugin END] Reloading Section: "reloadable-plugin/ConfigManagerImpl/" done in 1.049 ms
[13:59:25] [REI-ReloadPlugins/TRACE] [REI] [REIClientPlugin END] Reloading Section: "reloadable-plugin/EntryRegistryImpl/"
[13:59:25] [REI-ReloadPlugins/TRACE] [REI] [REIClientPlugin END] Reloading Section: "reloadable-plugin/EntryRegistryImpl/DefaultClientPlugin of DefaultClientPlugin [roughlyenoughitems]/"
[13:59:25] [REI-ReloadPlugins/TRACE] [REI] [REIClientPlugin END] Reloading Section: "reloadable-plugin/EntryRegistryImpl/DefaultClientPlugin of DefaultClientPlugin [roughlyenoughitems]/" done in 5.800 μs
[13:59:25] [REI-ReloadPlugins/TRACE] [REI] [REIClientPlugin END] Reloading Section: "reloadable-plugin/EntryRegistryImpl/REICompat of REICompat [sliceanddice]/"
[13:59:25] [REI-ReloadPlugins/TRACE] [REI] [REIClientPlugin END] Reloading Section: "reloadable-plugin/EntryRegistryImpl/REICompat of REICompat [sliceanddice]/" done in 5.200 μs
[13:59:25] [REI-ReloadPlugins/TRACE] [REI] [REIClientPlugin END] Reloading Section: "reloadable-plugin/EntryRegistryImpl/HideIngredientsFromTagsPlugin of HideIngredientsFromTagsPlugin [roughlyenoughitems]/"
[13:59:25] [REI-ReloadPlugins/TRACE] [REI] [REIClientPlugin END] Reloading Section: "reloadable-plugin/EntryRegistryImpl/HideIngredientsFromTagsPlugin of HideIngredientsFromTagsPlugin [roughlyenoughitems]/" done in 5.100 μs
[13:59:25] [REI-ReloadPlugins/TRACE] [REI] [REIClientPlugin END] Reloading Section: "reloadable-plugin/EntryRegistryImpl/DefaultClientRuntimePlugin of DefaultClientRuntimePlugin [roughlyenoughitems]/"
[13:59:25] [REI-ReloadPlugins/TRACE] [REI] [REIClientPlugin END] Reloading Section: "reloadable-plugin/EntryRegistryImpl/DefaultClientRuntimePlugin of DefaultClientRuntimePlugin [roughlyenoughitems]/" done in 5.200 μs
[13:59:25] [REI-ReloadPlugins/TRACE] [REI] [REIClientPlugin END] Reloading Section: "reloadable-plugin/EntryRegistryImpl/ClientREIPlugin of ClientREIPlugin [farmersdelight]/"
[13:59:25] [REI-ReloadPlugins/TRACE] [REI] [REIClientPlugin END] Reloading Section: "reloadable-plugin/EntryRegistryImpl/ClientREIPlugin of ClientREIPlugin [farmersdelight]/" done in 5.100 μs
[13:59:25] [REI-ReloadPlugins/TRACE] [REI] [REIClientPlugin END] Reloading Section: "reloadable-plugin/EntryRegistryImpl/ExpandedDelightREI of ExpandedDelightREI [expandeddelight]/"
[13:59:25] [REI-ReloadPlugins/TRACE] [REI] [REIClientPlugin END] Reloading Section: "reloadable-plugin/EntryRegistryImpl/ExpandedDelightREI of ExpandedDelightREI [expandeddelight]/" done in 5.200 μs
[13:59:25] [REI-ReloadPlugins/TRACE] [REI] [REIClientPlugin END] Reloading Section: "reloadable-plugin/EntryRegistryImpl/CreateAdditionREI of CreateAdditionREI [createaddition]/"
[13:59:25] [REI-ReloadPlugins/TRACE] [REI] [REIClientPlugin END] Reloading Section: "reloadable-plugin/EntryRegistryImpl/CreateAdditionREI of CreateAdditionREI [createaddition]/" done in 5.500 μs
[13:59:25] [REI-ReloadPlugins/TRACE] [REI] [REIClientPlugin END] Reloading Section: "reloadable-plugin/EntryRegistryImpl/NewAgeReiPlugin of NewAgeReiPlugin [create_new_age]/"
[13:59:25] [REI-ReloadPlugins/TRACE] [REI] [REIClientPlugin END] Reloading Section: "reloadable-plugin/EntryRegistryImpl/NewAgeReiPlugin of NewAgeReiPlugin [create_new_age]/" done in 5.500 μs
[13:59:25] [REI-ReloadPlugins/TRACE] [REI] [REIClientPlugin END] Reloading Section: "reloadable-plugin/EntryRegistryImpl/create:rei_plugin of create:rei_plugin [create]/"
[13:59:25] [REI-ReloadPlugins/TRACE] [REI] [REIClientPlugin END] Reloading Section: "reloadable-plugin/EntryRegistryImpl/create:rei_plugin of create:rei_plugin [create]/" done in 5.600 μs
[13:59:25] [REI-ReloadPlugins/TRACE] [REI] [REIClientPlugin END] Reloading Section: "reloadable-plugin/EntryRegistryImpl/ChiselREI of ChiselREI [chisel]/"
[13:59:25] [REI-ReloadPlugins/TRACE] [REI] [REIClientPlugin END] Reloading Section: "reloadable-plugin/EntryRegistryImpl/ChiselREI of ChiselREI [chisel]/" done in 5.400 μs
[13:59:25] [REI-ReloadPlugins/TRACE] [REI] [REIClientPlugin END] Reloading Section: "reloadable-plugin/EntryRegistryImpl/REITooltipPlugin of REITooltipPlugin [appleskin]/"
[13:59:25] [REI-ReloadPlugins/TRACE] [REI] [REIClientPlugin END] Reloading Section: "reloadable-plugin/EntryRegistryImpl/REITooltipPlugin of REITooltipPlugin [appleskin]/" done in 5.400 μs
[13:59:25] [REI-ReloadPlugins/TRACE] [REI] [REIClientPlugin END] Reloading Section: "reloadable-plugin/EntryRegistryImpl/AdAstraReiPlugin of AdAstraReiPlugin [ad_astra]/"
[13:59:25] [REI-ReloadPlugins/TRACE] [REI] [REIClientPlugin END] Reloading Section: "reloadable-plugin/EntryRegistryImpl/AdAstraReiPlugin of AdAstraReiPlugin [ad_astra]/" done in 8.700 μs
[13:59:25] [REI-ReloadPlugins/TRACE] [REI] [REIClientPlugin END] Reloading Section: "reloadable-plugin/EntryRegistryImpl/ReiRecipeAction of ReiRecipeAction [wthit]/"
[13:59:25] [REI-ReloadPlugins/TRACE] [REI] [REIClientPlugin END] Reloading Section: "reloadable-plugin/EntryRegistryImpl/ReiRecipeAction of ReiRecipeAction [wthit]/" done in 6.000 μs
[13:59:25] [REI-ReloadPlugins/TRACE] [REI] [REIClientPlugin END] Reloading Section: "reloadable-plugin/EntryRegistryImpl/" done in 1.118 ms
[13:59:25] [REI-ReloadPlugins/TRACE] [REI] [REIClientPlugin END] Reloading Section: "reloadable-plugin/CollapsibleEntryRegistryImpl/"
[13:59:25] [REI-ReloadPlugins/TRACE] [REI] [REIClientPlugin END] Reloading Section: "reloadable-plugin/CollapsibleEntryRegistryImpl/DefaultClientPlugin of DefaultClientPlugin [roughlyenoughitems]/"
[13:59:25] [REI-ReloadPlugins/DEBUG] [REI] Added collapsible entry group [roughlyenoughitems:enchanted_book] Livro Encantado with dynamic predicate
[13:59:25] [REI-ReloadPlugins/DEBUG] [REI] Added collapsible entry group [roughlyenoughitems:potion] Poção with dynamic predicate
[13:59:25] [REI-ReloadPlugins/DEBUG] [REI] Added collapsible entry group [roughlyenoughitems:splash_potion] Poção Arremessável with dynamic predicate
[13:59:25] [REI-ReloadPlugins/DEBUG] [REI] Added collapsible entry group [roughlyenoughitems:lingering_potion] Poção Prolongada with dynamic predicate
[13:59:25] [REI-ReloadPlugins/DEBUG] [REI] Added collapsible entry group [roughlyenoughitems:spawn_egg] Spawn Egg with dynamic predicate
[13:59:25] [REI-ReloadPlugins/DEBUG] [REI] Added collapsible entry group [roughlyenoughitems:tipped_arrow] Flecha com Efeito with dynamic predicate
[13:59:25] [REI-ReloadPlugins/DEBUG] [REI] Added collapsible entry group [roughlyenoughitems:music_disc] Music Disc with dynamic predicate
[13:59:25] [REI-ReloadPlugins/TRACE] [REI] [REIClientPlugin END] Reloading Section: "reloadable-plugin/CollapsibleEntryRegistryImpl/DefaultClientPlugin of DefaultClientPlugin [roughlyenoughitems]/" done in 4.017 ms
[13:59:25] [REI-ReloadPlugins/TRACE] [REI] [REIClientPlugin END] Reloading Section: "reloadable-plugin/CollapsibleEntryRegistryImpl/REICompat of REICompat [sliceanddice]/"
[13:59:25] [REI-ReloadPlugins/TRACE] [REI] [REIClientPlugin END] Reloading Section: "reloadable-plugin/CollapsibleEntryRegistryImpl/REICompat of REICompat [sliceanddice]/" done in 16.30 μs
[13:59:25] [REI-ReloadPlugins/TRACE] [REI] [REIClientPlugin END] Reloading Section: "reloadable-plugin/CollapsibleEntryRegistryImpl/HideIngredientsFromTagsPlugin of HideIngredientsFromTagsPlugin [roughlyenoughitems]/"
[13:59:25] [REI-ReloadPlugins/TRACE] [REI] [REIClientPlugin END] Reloading Section: "reloadable-plugin/CollapsibleEntryRegistryImpl/HideIngredientsFromTagsPlugin of HideIngredientsFromTagsPlugin [roughlyenoughitems]/" done in 9.100 μs
[13:59:25] [REI-ReloadPlugins/TRACE] [REI] [REIClientPlugin END] Reloading Section: "reloadable-plugin/CollapsibleEntryRegistryImpl/DefaultClientRuntimePlugin of DefaultClientRuntimePlugin [roughlyenoughitems]/"
[13:59:25] [REI-ReloadPlugins/TRACE] [REI] [REIClientPlugin END] Reloading Section: "reloadable-plugin/CollapsibleEntryRegistryImpl/DefaultClientRuntimePlugin of DefaultClientRuntimePlugin [roughlyenoughitems]/" done in 8.400 μs
[13:59:25] [REI-ReloadPlugins/TRACE] [REI] [REIClientPlugin END] Reloading Section: "reloadable-plugin/CollapsibleEntryRegistryImpl/ClientREIPlugin of ClientREIPlugin [farmersdelight]/"
[13:59:25] [REI-ReloadPlugins/TRACE] [REI] [REIClientPlugin END] Reloading Section: "reloadable-plugin/CollapsibleEntryRegistryImpl/ClientREIPlugin of ClientREIPlugin [farmersdelight]/" done in 8.700 μs
[13:59:25] [REI-ReloadPlugins/TRACE] [REI] [REIClientPlugin END] Reloading Section: "reloadable-plugin/CollapsibleEntryRegistryImpl/ExpandedDelightREI of ExpandedDelightREI [expandeddelight]/"
[13:59:25] [REI-ReloadPlugins/TRACE] [REI] [REIClientPlugin END] Reloading Section: "reloadable-plugin/CollapsibleEntryRegistryImpl/ExpandedDelightREI of ExpandedDelightREI [expandeddelight]/" done in 6.400 μs
[13:59:25] [REI-ReloadPlugins/TRACE] [REI] [REIClientPlugin END] Reloading Section: "reloadable-plugin/CollapsibleEntryRegistryImpl/CreateAdditionREI of CreateAdditionREI [createaddition]/"
[13:59:25] [REI-ReloadPlugins/TRACE] [REI] [REIClientPlugin END] Reloading Section: "reloadable-plugin/CollapsibleEntryRegistryImpl/CreateAdditionREI of CreateAdditionREI [createaddition]/" done in 9.600 μs
[13:59:25] [REI-ReloadPlugins/TRACE] [REI] [REIClientPlugin END] Reloading Section: "reloadable-plugin/CollapsibleEntryRegistryImpl/NewAgeReiPlugin of NewAgeReiPlugin [create_new_age]/"
[13:59:25] [REI-ReloadPlugins/TRACE] [REI] [REIClientPlugin END] Reloading Section: "reloadable-plugin/CollapsibleEntryRegistryImpl/NewAgeReiPlugin of NewAgeReiPlugin [create_new_age]/" done in 6.600 μs
[13:59:25] [REI-ReloadPlugins/TRACE] [REI] [REIClientPlugin END] Reloading Section: "reloadable-plugin/CollapsibleEntryRegistryImpl/create:rei_plugin of create:rei_plugin [create]/"
[13:59:25] [REI-ReloadPlugins/TRACE] [REI] [REIClientPlugin END] Reloading Section: "reloadable-plugin/CollapsibleEntryRegistryImpl/create:rei_plugin of create:rei_plugin [create]/" done in 6.400 μs
[13:59:25] [REI-ReloadPlugins/TRACE] [REI] [REIClientPlugin END] Reloading Section: "reloadable-plugin/CollapsibleEntryRegistryImpl/ChiselREI of ChiselREI [chisel]/"
[13:59:25] [REI-ReloadPlugins/TRACE] [REI] [REIClientPlugin END] Reloading Section: "reloadable-plugin/CollapsibleEntryRegistryImpl/ChiselREI of ChiselREI [chisel]/" done in 6.100 μs
[13:59:25] [REI-ReloadPlugins/TRACE] [REI] [REIClientPlugin END] Reloading Section: "reloadable-plugin/CollapsibleEntryRegistryImpl/REITooltipPlugin of REITooltipPlugin [appleskin]/"
[13:59:25] [REI-ReloadPlugins/TRACE] [REI] [REIClientPlugin END] Reloading Section: "reloadable-plugin/CollapsibleEntryRegistryImpl/REITooltipPlugin of REITooltipPlugin [appleskin]/" done in 6.100 μs
[13:59:25] [REI-ReloadPlugins/TRACE] [REI] [REIClientPlugin END] Reloading Section: "reloadable-plugin/CollapsibleEntryRegistryImpl/AdAstraReiPlugin of AdAstraReiPlugin [ad_astra]/"
[13:59:25] [REI-ReloadPlugins/TRACE] [REI] [REIClientPlugin END] Reloading Section: "reloadable-plugin/CollapsibleEntryRegistryImpl/AdAstraReiPlugin of AdAstraReiPlugin [ad_astra]/" done in 6.300 μs
[13:59:25] [REI-ReloadPlugins/TRACE] [REI] [REIClientPlugin END] Reloading Section: "reloadable-plugin/CollapsibleEntryRegistryImpl/ReiRecipeAction of ReiRecipeAction [wthit]/"
[13:59:25] [REI-ReloadPlugins/TRACE] [REI] [REIClientPlugin END] Reloading Section: "reloadable-plugin/CollapsibleEntryRegistryImpl/ReiRecipeAction of ReiRecipeAction [wthit]/" done in 6.000 μs
[13:59:25] [REI-ReloadPlugins/TRACE] [REI] [REIClientPlugin END] Reloading Section: "reloadable-plugin/CollapsibleEntryRegistryImpl/" done in 5.375 ms
[13:59:25] [REI-ReloadPlugins/TRACE] [REI] [REIClientPlugin END] Reloading Section: "reloadable-plugin/BasicFilteringRuleImpl/"
[13:59:25] [REI-ReloadPlugins/TRACE] [REI] [REIClientPlugin END] Reloading Section: "reloadable-plugin/BasicFilteringRuleImpl/DefaultClientPlugin of DefaultClientPlugin [roughlyenoughitems]/"
[13:59:25] [REI-ReloadPlugins/TRACE] [REI] [REIClientPlugin END] Reloading Section: "reloadable-plugin/BasicFilteringRuleImpl/DefaultClientPlugin of DefaultClientPlugin [roughlyenoughitems]/" done in 5.900 μs
[13:59:25] [REI-ReloadPlugins/TRACE] [REI] [REIClientPlugin END] Reloading Section: "reloadable-plugin/BasicFilteringRuleImpl/REICompat of REICompat [sliceanddice]/"
[13:59:25] [REI-ReloadPlugins/TRACE] [REI] [REIClientPlugin END] Reloading Section: "reloadable-plugin/BasicFilteringRuleImpl/REICompat of REICompat [sliceanddice]/" done in 5.300 μs
[13:59:25] [REI-ReloadPlugins/TRACE] [REI] [REIClientPlugin END] Reloading Section: "reloadable-plugin/BasicFilteringRuleImpl/HideIngredientsFromTagsPlugin of HideIngredientsFromTagsPlugin [roughlyenoughitems]/"
[13:59:25] [REI-ReloadPlugins/TRACE] [REI] [REIClientPlugin END] Reloading Section: "reloadable-plugin/BasicFilteringRuleImpl/HideIngredientsFromTagsPlugin of HideIngredientsFromTagsPlugin [roughlyenoughitems]/" done in 11.80 μs
[13:59:25] [REI-ReloadPlugins/TRACE] [REI] [REIClientPlugin END] Reloading Section: "reloadable-plugin/BasicFilteringRuleImpl/DefaultClientRuntimePlugin of DefaultClientRuntimePlugin [roughlyenoughitems]/"
[13:59:25] [REI-ReloadPlugins/TRACE] [REI] [REIClientPlugin END] Reloading Section: "reloadable-plugin/BasicFilteringRuleImpl/DefaultClientRuntimePlugin of DefaultClientRuntimePlugin [roughlyenoughitems]/" done in 8.200 μs
[13:59:25] [REI-ReloadPlugins/TRACE] [REI] [REIClientPlugin END] Reloading Section: "reloadable-plugin/BasicFilteringRuleImpl/ClientREIPlugin of ClientREIPlugin [farmersdelight]/"
[13:59:25] [REI-ReloadPlugins/TRACE] [REI] [REIClientPlugin END] Reloading Section: "reloadable-plugin/BasicFilteringRuleImpl/ClientREIPlugin of ClientREIPlugin [farmersdelight]/" done in 9.300 μs
[13:59:25] [REI-ReloadPlugins/TRACE] [REI] [REIClientPlugin END] Reloading Section: "reloadable-plugin/BasicFilteringRuleImpl/ExpandedDelightREI of ExpandedDelightREI [expandeddelight]/"
[13:59:25] [REI-ReloadPlugins/TRACE] [REI] [REIClientPlugin END] Reloading Section: "reloadable-plugin/BasicFilteringRuleImpl/ExpandedDelightREI of ExpandedDelightREI [expandeddelight]/" done in 6.800 μs
[13:59:25] [REI-ReloadPlugins/TRACE] [REI] [REIClientPlugin END] Reloading Section: "reloadable-plugin/BasicFilteringRuleImpl/CreateAdditionREI of CreateAdditionREI [createaddition]/"
[13:59:25] [REI-ReloadPlugins/TRACE] [REI] [REIClientPlugin END] Reloading Section: "reloadable-plugin/BasicFilteringRuleImpl/CreateAdditionREI of CreateAdditionREI [createaddition]/" done in 6.000 μs
[13:59:25] [REI-ReloadPlugins/TRACE] [REI] [REIClientPlugin END] Reloading Section: "reloadable-plugin/BasicFilteringRuleImpl/NewAgeReiPlugin of NewAgeReiPlugin [create_new_age]/"
[13:59:25] [REI-ReloadPlugins/TRACE] [REI] [REIClientPlugin END] Reloading Section: "reloadable-plugin/BasicFilteringRuleImpl/NewAgeReiPlugin of NewAgeReiPlugin [create_new_age]/" done in 5.800 μs
[13:59:25] [REI-ReloadPlugins/TRACE] [REI] [REIClientPlugin END] Reloading Section: "reloadable-plugin/BasicFilteringRuleImpl/create:rei_plugin of create:rei_plugin [create]/"
[13:59:25] [REI-ReloadPlugins/TRACE] [REI] [REIClientPlugin END] Reloading Section: "reloadable-plugin/BasicFilteringRuleImpl/create:rei_plugin of create:rei_plugin [create]/" done in 5.800 μs
[13:59:25] [REI-ReloadPlugins/TRACE] [REI] [REIClientPlugin END] Reloading Section: "reloadable-plugin/BasicFilteringRuleImpl/ChiselREI of ChiselREI [chisel]/"
[13:59:25] [REI-ReloadPlugins/TRACE] [REI] [REIClientPlugin END] Reloading Section: "reloadable-plugin/BasicFilteringRuleImpl/ChiselREI of ChiselREI [chisel]/" done in 6.200 μs
[13:59:25] [REI-ReloadPlugins/TRACE] [REI] [REIClientPlugin END] Reloading Section: "reloadable-plugin/BasicFilteringRuleImpl/REITooltipPlugin of REITooltipPlugin [appleskin]/"
[13:59:25] [REI-ReloadPlugins/TRACE] [REI] [REIClientPlugin END] Reloading Section: "reloadable-plugin/BasicFilteringRuleImpl/REITooltipPlugin of REITooltipPlugin [appleskin]/" done in 5.700 μs
[13:59:25] [REI-ReloadPlugins/TRACE] [REI] [REIClientPlugin END] Reloading Section: "reloadable-plugin/BasicFilteringRuleImpl/AdAstraReiPlugin of AdAstraReiPlugin [ad_astra]/"
[13:59:25] [REI-ReloadPlugins/TRACE] [REI] [REIClientPlugin END] Reloading Section: "reloadable-plugin/BasicFilteringRuleImpl/AdAstraReiPlugin of AdAstraReiPlugin [ad_astra]/" done in 5.700 μs
[13:59:25] [REI-ReloadPlugins/TRACE] [REI] [REIClientPlugin END] Reloading Section: "reloadable-plugin/BasicFilteringRuleImpl/ReiRecipeAction of ReiRecipeAction [wthit]/"
[13:59:25] [REI-ReloadPlugins/TRACE] [REI] [REIClientPlugin END] Reloading Section: "reloadable-plugin/BasicFilteringRuleImpl/ReiRecipeAction of ReiRecipeAction [wthit]/" done in 5.300 μs
[13:59:25] [REI-ReloadPlugins/TRACE] [REI] [REIClientPlugin END] Reloading Section: "reloadable-plugin/BasicFilteringRuleImpl/" done in 1.537 ms
[13:59:25] [REI-ReloadPlugins/TRACE] [REI] [REIClientPlugin END] Reloading Section: "reloadable-plugin/CategoryRegistryImpl/"
[13:59:25] [REI-ReloadPlugins/TRACE] [REI] [REIClientPlugin END] Reloading Section: "reloadable-plugin/CategoryRegistryImpl/DefaultClientPlugin of DefaultClientPlugin [roughlyenoughitems]/"
[13:59:25] [REI-ReloadPlugins/DEBUG] [REI] Added category [minecraft:plugins/crafting]: Fabricáveis
[13:59:25] [REI-ReloadPlugins/DEBUG] [REI] Added category [minecraft:plugins/smelting]: Fundíveis
[13:59:25] [REI-ReloadPlugins/DEBUG] [REI] Added category [minecraft:plugins/smoking]: Defumáveis
[13:59:25] [REI-ReloadPlugins/DEBUG] [REI] Added category [minecraft:plugins/blasting]: Explosíveis
[13:59:25] [REI-ReloadPlugins/DEBUG] [REI] Added category [minecraft:plugins/campfire]: Fogueira
[13:59:25] [REI-ReloadPlugins/DEBUG] [REI] Added category [minecraft:plugins/stone_cutting]: Corte de pedras
[13:59:25] [REI-ReloadPlugins/DEBUG] [REI] Added category [minecraft:plugins/fuel]: Combustível
[13:59:25] [REI-ReloadPlugins/DEBUG] [REI] Added category [minecraft:plugins/brewing]: Poções
[13:59:25] [REI-ReloadPlugins/DEBUG] [REI] Added category [minecraft:plugins/composting]: Compostagem
[13:59:25] [REI-ReloadPlugins/DEBUG] [REI] Added category [minecraft:plugins/stripping]: Descasca
[13:59:25] [REI-ReloadPlugins/DEBUG] [REI] Added category [minecraft:plugins/smithing]: Ferraria
[13:59:25] [REI-ReloadPlugins/DEBUG] [REI] Added category [minecraft:plugins/anvil]: Bigorna
[13:59:25] [REI-ReloadPlugins/DEBUG] [REI] Added category [minecraft:plugins/beacon_base]: Base do sinalizador
[13:59:25] [REI-ReloadPlugins/DEBUG] [REI] Added category [minecraft:plugins/beacon_payment]: Entrada do sinalizador
[13:59:25] [REI-ReloadPlugins/DEBUG] [REI] Added category [minecraft:plugins/tilling]: Aragem
[13:59:25] [REI-ReloadPlugins/DEBUG] [REI] Added category [minecraft:plugins/pathing]: Trilha
[13:59:25] [REI-ReloadPlugins/DEBUG] [REI] Added category [minecraft:plugins/waxing]: Enceramento
[13:59:25] [REI-ReloadPlugins/DEBUG] [REI] Added category [minecraft:plugins/wax_scraping]: Raspagem
[13:59:25] [REI-ReloadPlugins/DEBUG] [REI] Added category [minecraft:plugins/oxidizing]: Oxidação
[13:59:25] [REI-ReloadPlugins/DEBUG] [REI] Added category [minecraft:plugins/oxidation_scraping]: Desoxidação
[13:59:25] [REI-ReloadPlugins/DEBUG] [REI] Added category visibility predicate: me.shedaniel.rei.plugin.client.DefaultClientPlugin$$Lambda$19145/0x0000025f4e045c58@50a46437 [0.00 priority]
[13:59:25] [REI-ReloadPlugins/TRACE] [REI] [REIClientPlugin END] Reloading Section: "reloadable-plugin/CategoryRegistryImpl/DefaultClientPlugin of DefaultClientPlugin [roughlyenoughitems]/" done in 51.27 ms
[13:59:25] [REI-ReloadPlugins/TRACE] [REI] [REIClientPlugin END] Reloading Section: "reloadable-plugin/CategoryRegistryImpl/REICompat of REICompat [sliceanddice]/"
[13:59:25] [REI-ReloadPlugins/TRACE] [REI] [REIClientPlugin END] Reloading Section: "reloadable-plugin/CategoryRegistryImpl/REICompat of REICompat [sliceanddice]/" done in 2.522 ms
[13:59:25] [REI-ReloadPlugins/TRACE] [REI] [REIClientPlugin END] Reloading Section: "reloadable-plugin/CategoryRegistryImpl/HideIngredientsFromTagsPlugin of HideIngredientsFromTagsPlugin [roughlyenoughitems]/"
[13:59:25] [REI-ReloadPlugins/TRACE] [REI] [REIClientPlugin END] Reloading Section: "reloadable-plugin/CategoryRegistryImpl/HideIngredientsFromTagsPlugin of HideIngredientsFromTagsPlugin [roughlyenoughitems]/" done in 11.60 μs
[13:59:25] [REI-ReloadPlugins/TRACE] [REI] [REIClientPlugin END] Reloading Section: "reloadable-plugin/CategoryRegistryImpl/DefaultClientRuntimePlugin of DefaultClientRuntimePlugin [roughlyenoughitems]/"
[13:59:25] [REI-ReloadPlugins/TRACE] [REI] [REIClientPlugin END] Reloading Section: "reloadable-plugin/CategoryRegistryImpl/DefaultClientRuntimePlugin of DefaultClientRuntimePlugin [roughlyenoughitems]/" done in 6.400 μs
[13:59:25] [REI-ReloadPlugins/TRACE] [REI] [REIClientPlugin END] Reloading Section: "reloadable-plugin/CategoryRegistryImpl/ClientREIPlugin of ClientREIPlugin [farmersdelight]/"
[13:59:25] [REI-ReloadPlugins/DEBUG] [REI] Added category [farmersdelight:plugin/cooking]: Panela
[13:59:25] [REI-ReloadPlugins/DEBUG] [REI] Added category [farmersdelight:plugin/cutting]: Tábua de corte
[13:59:25] [REI-ReloadPlugins/DEBUG] [REI] Added category [farmersdelight:plugin/decomposition]: Decomposição
[13:59:25] [REI-ReloadPlugins/TRACE] [REI] [REIClientPlugin END] Reloading Section: "reloadable-plugin/CategoryRegistryImpl/ClientREIPlugin of ClientREIPlugin [farmersdelight]/" done in 5.690 ms
[13:59:25] [REI-ReloadPlugins/TRACE] [REI] [REIClientPlugin END] Reloading Section: "reloadable-plugin/CategoryRegistryImpl/ExpandedDelightREI of ExpandedDelightREI [expandeddelight]/"
[13:59:25] [REI-ReloadPlugins/DEBUG] [REI] Added category [expandeddelight:juicing]: Juicing
[13:59:25] [REI-ReloadPlugins/TRACE] [REI] [REIClientPlugin END] Reloading Section: "reloadable-plugin/CategoryRegistryImpl/ExpandedDelightREI of ExpandedDelightREI [expandeddelight]/" done in 1.798 ms
[13:59:25] [REI-ReloadPlugins/TRACE] [REI] [REIClientPlugin END] Reloading Section: "reloadable-plugin/CategoryRegistryImpl/CreateAdditionREI of CreateAdditionREI [createaddition]/"
[13:59:25] [REI-ReloadPlugins/DEBUG] [REI] Added category [createaddition:rolling]: Laminação
[13:59:25] [REI-ReloadPlugins/DEBUG] [REI] Added category [createaddition:charging]: Carregamento
[13:59:25] [REI-ReloadPlugins/DEBUG] [REI] Added category [createaddition:liquid_burning]: Combustão de líquido
[13:59:25] [REI-ReloadPlugins/TRACE] [REI] [REIClientPlugin END] Reloading Section: "reloadable-plugin/CategoryRegistryImpl/CreateAdditionREI of CreateAdditionREI [createaddition]/" done in 32.60 ms
[13:59:25] [REI-ReloadPlugins/TRACE] [REI] [REIClientPlugin END] Reloading Section: "reloadable-plugin/CategoryRegistryImpl/NewAgeReiPlugin of NewAgeReiPlugin [create_new_age]/"
[13:59:25] [REI-ReloadPlugins/DEBUG] [REI] Added category [org.antarcticgardens.newage.compat.rei.NewAgeReiPlugin$$Lambda$19166/0x0000025f4e04e8f8@34ba7ca5]: Energizing
[13:59:25] [REI-ReloadPlugins/TRACE] [REI] [REIClientPlugin END] Reloading Section: "reloadable-plugin/CategoryRegistryImpl/NewAgeReiPlugin of NewAgeReiPlugin [create_new_age]/" done in 2.345 ms
[13:59:25] [REI-ReloadPlugins/TRACE] [REI] [REIClientPlugin END] Reloading Section: "reloadable-plugin/CategoryRegistryImpl/create:rei_plugin of create:rei_plugin [create]/"
[13:59:25] [REI-ReloadPlugins/DEBUG] [REI] Added category [create:milling]: Moendo
[13:59:25] [REI-ReloadPlugins/DEBUG] [REI] Added category [create:crushing]: Triturando
[13:59:25] [REI-ReloadPlugins/DEBUG] [REI] Added category [create:pressing]: Prensando
[13:59:25] [REI-ReloadPlugins/DEBUG] [REI] Added category [create:fan_washing]: Lavagem em massa
[13:59:25] [REI-ReloadPlugins/DEBUG] [REI] Added category [create:fan_smoking]: Defumação em massa
[13:59:25] [REI-ReloadPlugins/DEBUG] [REI] Added category [create:fan_blasting]: Fundição em massa
[13:59:25] [REI-ReloadPlugins/DEBUG] [REI] Added category [create:fan_haunting]: Assombração em massa
[13:59:25] [REI-ReloadPlugins/DEBUG] [REI] Added category [create:mixing]: Misturando
[13:59:25] [REI-ReloadPlugins/DEBUG] [REI] Added category [create:automatic_shapeless]: Fabricação sem forma automático
[13:59:25] [REI-ReloadPlugins/DEBUG] [REI] Added category [create:automatic_brewing]: Produção de poções
[13:59:25] [REI-ReloadPlugins/DEBUG] [REI] Added category [create:packing]: Compactando
[13:59:25] [REI-ReloadPlugins/DEBUG] [REI] Added category [create:automatic_packing]: Compactação automática
[13:59:25] [REI-ReloadPlugins/DEBUG] [REI] Added category [create:sawing]: Serrando
[13:59:25] [REI-ReloadPlugins/DEBUG] [REI] Added category [create:block_cutting]: Corte de blocos
[13:59:25] [REI-ReloadPlugins/DEBUG] [REI] Added category [create:wood_cutting]: Corte de madeira
[13:59:25] [REI-ReloadPlugins/DEBUG] [REI] Added category [create:sandpaper_polishing]: Polimento com lixa
[13:59:25] [REI-ReloadPlugins/DEBUG] [REI] Added category [create:item_application]: Aplicação de item manual
[13:59:25] [REI-ReloadPlugins/DEBUG] [REI] Added category [create:deploying]: Implantando
[13:59:25] [REI-ReloadPlugins/DEBUG] [REI] Added category [create:spout_filling]: Preenchimento com bica
[13:59:25] [REI-ReloadPlugins/DEBUG] [REI] Added category [create:draining]: Drenagem de item
[13:59:25] [REI-ReloadPlugins/DEBUG] [REI] Added category [create:automatic_shaped]: Fabricação com forma automática
[13:59:25] [REI-ReloadPlugins/DEBUG] [REI] Added category [create:mechanical_crafting]: Fabricação mecânica
[13:59:25] [REI-ReloadPlugins/DEBUG] [REI] Added category [create:sequenced_assembly]: Montagem sequenciada
[13:59:25] [REI-ReloadPlugins/DEBUG] [REI] Added category [create:mystery_conversion]: Conversão misteriosa
[13:59:25] [REI-ReloadPlugins/TRACE] [REI] [REIClientPlugin END] Reloading Section: "reloadable-plugin/CategoryRegistryImpl/create:rei_plugin of create:rei_plugin [create]/" done in 81.59 ms
[13:59:25] [REI-ReloadPlugins/TRACE] [REI] [REIClientPlugin END] Reloading Section: "reloadable-plugin/CategoryRegistryImpl/ChiselREI of ChiselREI [chisel]/"
[13:59:25] [REI-ReloadPlugins/DEBUG] [REI] Added category [chisel:chisel_recipes_category]: Chisel Recipes
[13:59:25] [REI-ReloadPlugins/TRACE] [REI] [REIClientPlugin END] Reloading Section: "reloadable-plugin/CategoryRegistryImpl/ChiselREI of ChiselREI [chisel]/" done in 1.921 ms
[13:59:25] [REI-ReloadPlugins/TRACE] [REI] [REIClientPlugin END] Reloading Section: "reloadable-plugin/CategoryRegistryImpl/REITooltipPlugin of REITooltipPlugin [appleskin]/"
[13:59:25] [REI-ReloadPlugins/TRACE] [REI] [REIClientPlugin END] Reloading Section: "reloadable-plugin/CategoryRegistryImpl/REITooltipPlugin of REITooltipPlugin [appleskin]/" done in 11.50 μs
[13:59:25] [REI-ReloadPlugins/TRACE] [REI] [REIClientPlugin END] Reloading Section: "reloadable-plugin/CategoryRegistryImpl/AdAstraReiPlugin of AdAstraReiPlugin [ad_astra]/"
[13:59:25] [REI-ReloadPlugins/DEBUG] [REI] Added category [ad_astra:compressing]: Compressor
[13:59:25] [REI-ReloadPlugins/DEBUG] [REI] Added category [ad_astra:alloying]: Etrionic Blast Furnace
[13:59:25] [REI-ReloadPlugins/DEBUG] [REI] Added category [ad_astra:oxygen_loading]: Oxygen Loader
[13:59:25] [REI-ReloadPlugins/DEBUG] [REI] Added category [ad_astra:fuel_refining]: Fuel Refinery
[13:59:25] [REI-ReloadPlugins/DEBUG] [REI] Added category [ad_astra:cryo_freezing]: Cryo Freezer
[13:59:25] [REI-ReloadPlugins/DEBUG] [REI] Added category [ad_astra:nasa_workbench]: Nasa Workbench
[13:59:25] [REI-ReloadPlugins/TRACE] [REI] [REIClientPlugin END] Reloading Section: "reloadable-plugin/CategoryRegistryImpl/AdAstraReiPlugin of AdAstraReiPlugin [ad_astra]/" done in 368.3 μs
[13:59:25] [REI-ReloadPlugins/TRACE] [REI] [REIClientPlugin END] Reloading Section: "reloadable-plugin/CategoryRegistryImpl/ReiRecipeAction of ReiRecipeAction [wthit]/"
[13:59:25] [REI-ReloadPlugins/TRACE] [REI] [REIClientPlugin END] Reloading Section: "reloadable-plugin/CategoryRegistryImpl/ReiRecipeAction of ReiRecipeAction [wthit]/" done in 9.600 μs
[13:59:25] [REI-ReloadPlugins/TRACE] [REI] [REIClientPlugin END] Reloading Section: "reloadable-plugin/CategoryRegistryImpl/" done in 181.6 ms
[13:59:25] [REI-ReloadPlugins/TRACE] [REI] [REIClientPlugin END] Reloading Section: "reloadable-plugin/DisplayRegistryImpl/"
[13:59:25] [REI-ReloadPlugins/TRACE] [REI] [REIClientPlugin END] Reloading Section: "reloadable-plugin/DisplayRegistryImpl/DefaultClientPlugin of DefaultClientPlugin [roughlyenoughitems]/"
[13:59:25] [REI-ReloadPlugins/DEBUG] [REI] Added category [roughlyenoughitems:plugins/information]: Informações
[13:59:25] [REI-ReloadPlugins/DEBUG] [REI] Added category [minecraft:plugins/tag]: Tag
[13:59:25] [REI-ReloadPlugins/DEBUG] [REI] Added display filter: me.shedaniel.rei.impl.client.registry.display.DisplayRegistryImpl$$Lambda$19282/0x0000025f4e06b508@125aaff1
[13:59:25] [REI-ReloadPlugins/DEBUG] [REI] Added display filter: me.shedaniel.rei.impl.client.registry.display.DisplayRegistryImpl$$Lambda$19282/0x0000025f4e06b508@1ce205ab
[13:59:25] [REI-ReloadPlugins/DEBUG] [REI] Added display filter: me.shedaniel.rei.impl.client.registry.display.DisplayRegistryImpl$$Lambda$19282/0x0000025f4e06b508@11222265
[13:59:25] [REI-ReloadPlugins/DEBUG] [REI] Added display filter: me.shedaniel.rei.impl.client.registry.display.DisplayRegistryImpl$$Lambda$19282/0x0000025f4e06b508@224580b5
[13:59:25] [REI-ReloadPlugins/DEBUG] [REI] Added display filter: me.shedaniel.rei.impl.client.registry.display.DisplayRegistryImpl$$Lambda$19282/0x0000025f4e06b508@75b0d0ab
[13:59:25] [REI-ReloadPlugins/DEBUG] [REI] Added display filter: me.shedaniel.rei.impl.client.registry.display.DisplayRegistryImpl$$Lambda$19282/0x0000025f4e06b508@65da0e6e
[13:59:25] [REI-ReloadPlugins/DEBUG] [REI] Added display filter: me.shedaniel.rei.impl.client.registry.display.DisplayRegistryImpl$$Lambda$19282/0x0000025f4e06b508@6ccc53a6
[13:59:25] [REI-ReloadPlugins/DEBUG] [REI] Added display filter: me.shedaniel.rei.impl.client.registry.display.DisplayRegistryImpl$$Lambda$19295/0x0000025f4e06d458@15dbada2
[13:59:25] [REI-ReloadPlugins/DEBUG] [REI] Added display filter: me.shedaniel.rei.impl.client.registry.display.DisplayRegistryImpl$$Lambda$19282/0x0000025f4e06b508@66253c93
[13:59:25] [REI-ReloadPlugins/DEBUG] [REI] Added display filter: me.shedaniel.rei.impl.client.registry.display.DisplayRegistryImpl$$Lambda$19282/0x0000025f4e06b508@48fe09dd
[13:59:25] [REI-ReloadPlugins/DEBUG] [REI] Added display filter: me.shedaniel.rei.impl.client.registry.display.DisplayRegistryImpl$$Lambda$19282/0x0000025f4e06b508@528059a
[13:59:25] [REI-ReloadPlugins/DEBUG] [REI] Added display filter: me.shedaniel.rei.impl.client.registry.display.DisplayRegistryImpl$$Lambda$19295/0x0000025f4e06d458@3dd16d50
[13:59:25] [REI-ReloadPlugins/DEBUG] [REI] Added display filter: me.shedaniel.rei.impl.client.registry.display.DisplayRegistryImpl$$Lambda$19295/0x0000025f4e06d458@2e17906f
[13:59:25] [REI-ReloadPlugins/DEBUG] [REI] Added display filter: me.shedaniel.rei.impl.client.registry.display.DisplayRegistryImpl$$Lambda$19295/0x0000025f4e06d458@27c6b6b6
[13:59:25] [REI-ReloadPlugins/DEBUG] [REI] Added display filter: me.shedaniel.rei.impl.client.registry.display.DisplayRegistryImpl$$Lambda$19295/0x0000025f4e06d458@78be1ebd
[13:59:25] [REI-ReloadPlugins/DEBUG] [REI] Added display filter: me.shedaniel.rei.impl.client.registry.display.DisplayRegistryImpl$$Lambda$19295/0x0000025f4e06d458@4e335717
[13:59:25] [REI-ReloadPlugins/DEBUG] [REI] Added display filter: me.shedaniel.rei.impl.client.registry.display.DisplayRegistryImpl$$Lambda$19295/0x0000025f4e06d458@5c353256
[13:59:25] [REI-ReloadPlugins/DEBUG] [REI] Added display filter: me.shedaniel.rei.impl.client.registry.display.DisplayRegistryImpl$$Lambda$19295/0x0000025f4e06d458@4ed44c60
[13:59:25] [REI-ReloadPlugins/DEBUG] [REI] Added display filter: me.shedaniel.rei.impl.client.registry.display.DisplayRegistryImpl$$Lambda$19295/0x0000025f4e06d458@4697e8f1
[13:59:25] [REI-ReloadPlugins/DEBUG] [REI] Added display filter: me.shedaniel.rei.impl.client.registry.display.DisplayRegistryImpl$$Lambda$19295/0x0000025f4e06d458@124894db
[13:59:25] [REI-ReloadPlugins/DEBUG] [REI] Added display filter: me.shedaniel.rei.impl.client.registry.display.DisplayRegistryImpl$$Lambda$19295/0x0000025f4e06d458@671aa346
[13:59:27] [REI-ReloadPlugins/TRACE] [REI] [REIClientPlugin END] Reloading Section: "reloadable-plugin/DisplayRegistryImpl/DefaultClientPlugin of DefaultClientPlugin [roughlyenoughitems]/" done in 1.624 s
[13:59:27] [REI-ReloadPlugins/TRACE] [REI] [REIClientPlugin END] Reloading Section: "reloadable-plugin/DisplayRegistryImpl/REICompat of REICompat [sliceanddice]/"
[13:59:27] [REI-ReloadPlugins/TRACE] [REI] [REIClientPlugin END] Reloading Section: "reloadable-plugin/DisplayRegistryImpl/REICompat of REICompat [sliceanddice]/" done in 20.30 μs
[13:59:27] [REI-ReloadPlugins/TRACE] [REI] [REIClientPlugin END] Reloading Section: "reloadable-plugin/DisplayRegistryImpl/HideIngredientsFromTagsPlugin of HideIngredientsFromTagsPlugin [roughlyenoughitems]/"
[13:59:27] [REI-ReloadPlugins/TRACE] [REI] [REIClientPlugin END] Reloading Section: "reloadable-plugin/DisplayRegistryImpl/HideIngredientsFromTagsPlugin of HideIngredientsFromTagsPlugin [roughlyenoughitems]/" done in 9.300 μs
[13:59:27] [REI-ReloadPlugins/TRACE] [REI] [REIClientPlugin END] Reloading Section: "reloadable-plugin/DisplayRegistryImpl/DefaultClientRuntimePlugin of DefaultClientRuntimePlugin [roughlyenoughitems]/"
[13:59:28] [REI-ReloadPlugins/DEBUG] [REI] Computed existing filtered displays with 3 rules in 909.7 ms
[13:59:28] [REI-ReloadPlugins/DEBUG] [REI] Added display visibility predicate: me.shedaniel.rei.plugin.client.runtime.FilteredStacksVisibilityHandler@4687e00e [0.00 priority]
[13:59:28] [REI-ReloadPlugins/TRACE] [REI] [REIClientPlugin END] Reloading Section: "reloadable-plugin/DisplayRegistryImpl/DefaultClientRuntimePlugin of DefaultClientRuntimePlugin [roughlyenoughitems]/" done in 910.1 ms
[13:59:28] [REI-ReloadPlugins/TRACE] [REI] [REIClientPlugin END] Reloading Section: "reloadable-plugin/DisplayRegistryImpl/ClientREIPlugin of ClientREIPlugin [farmersdelight]/"
[13:59:28] [REI-ReloadPlugins/DEBUG] [REI] Added display filter: me.shedaniel.rei.impl.client.registry.display.DisplayRegistryImpl$$Lambda$19282/0x0000025f4e06b508@579bc5c4
[13:59:28] [REI-ReloadPlugins/DEBUG] [REI] Added display filter: me.shedaniel.rei.impl.client.registry.display.DisplayRegistryImpl$$Lambda$19282/0x0000025f4e06b508@42981ba1
[13:59:28] [REI-ReloadPlugins/TRACE] [REI] [REIClientPlugin END] Reloading Section: "reloadable-plugin/DisplayRegistryImpl/ClientREIPlugin of ClientREIPlugin [farmersdelight]/" done in 5.724 ms
[13:59:28] [REI-ReloadPlugins/TRACE] [REI] [REIClientPlugin END] Reloading Section: "reloadable-plugin/DisplayRegistryImpl/ExpandedDelightREI of ExpandedDelightREI [expandeddelight]/"
[13:59:28] [REI-ReloadPlugins/DEBUG] [REI] Added display filter: me.shedaniel.rei.impl.client.registry.display.DisplayRegistryImpl$$Lambda$19282/0x0000025f4e06b508@42245bc
[13:59:28] [REI-ReloadPlugins/TRACE] [REI] [REIClientPlugin END] Reloading Section: "reloadable-plugin/DisplayRegistryImpl/ExpandedDelightREI of ExpandedDelightREI [expandeddelight]/" done in 1.358 ms
[13:59:28] [REI-ReloadPlugins/TRACE] [REI] [REIClientPlugin END] Reloading Section: "reloadable-plugin/DisplayRegistryImpl/CreateAdditionREI of CreateAdditionREI [createaddition]/"
[13:59:28] [REI-ReloadPlugins/TRACE] [REI] [REIClientPlugin END] Reloading Section: "reloadable-plugin/DisplayRegistryImpl/CreateAdditionREI of CreateAdditionREI [createaddition]/" done in 3.129 ms
[13:59:28] [REI-ReloadPlugins/TRACE] [REI] [REIClientPlugin END] Reloading Section: "reloadable-plugin/DisplayRegistryImpl/NewAgeReiPlugin of NewAgeReiPlugin [create_new_age]/"
[13:59:28] [REI-ReloadPlugins/TRACE] [REI] [REIClientPlugin END] Reloading Section: "reloadable-plugin/DisplayRegistryImpl/NewAgeReiPlugin of NewAgeReiPlugin [create_new_age]/" done in 1.973 ms
[13:59:28] [REI-ReloadPlugins/TRACE] [REI] [REIClientPlugin END] Reloading Section: "reloadable-plugin/DisplayRegistryImpl/create:rei_plugin of create:rei_plugin [create]/"
[13:59:28] [REI-ReloadPlugins/TRACE] [REI] [REIClientPlugin END] Reloading Section: "reloadable-plugin/DisplayRegistryImpl/create:rei_plugin of create:rei_plugin [create]/" done in 457.1 ms
[13:59:28] [REI-ReloadPlugins/TRACE] [REI] [REIClientPlugin END] Reloading Section: "reloadable-plugin/DisplayRegistryImpl/ChiselREI of ChiselREI [chisel]/"
[13:59:28] [REI-ReloadPlugins/TRACE] [REI] [REIClientPlugin END] Reloading Section: "reloadable-plugin/DisplayRegistryImpl/ChiselREI of ChiselREI [chisel]/" done in 5.040 ms
[13:59:28] [REI-ReloadPlugins/TRACE] [REI] [REIClientPlugin END] Reloading Section: "reloadable-plugin/DisplayRegistryImpl/REITooltipPlugin of REITooltipPlugin [appleskin]/"
[13:59:28] [REI-ReloadPlugins/TRACE] [REI] [REIClientPlugin END] Reloading Section: "reloadable-plugin/DisplayRegistryImpl/REITooltipPlugin of REITooltipPlugin [appleskin]/" done in 14.30 μs
[13:59:28] [REI-ReloadPlugins/TRACE] [REI] [REIClientPlugin END] Reloading Section: "reloadable-plugin/DisplayRegistryImpl/AdAstraReiPlugin of AdAstraReiPlugin [ad_astra]/"
[13:59:28] [REI-ReloadPlugins/DEBUG] [REI] Added display filter: me.shedaniel.rei.impl.client.registry.display.DisplayRegistryImpl$$Lambda$19282/0x0000025f4e06b508@7fe99ae5
[13:59:28] [REI-ReloadPlugins/DEBUG] [REI] Added display filter: me.shedaniel.rei.impl.client.registry.display.DisplayRegistryImpl$$Lambda$19282/0x0000025f4e06b508@1f592b2a
[13:59:28] [REI-ReloadPlugins/DEBUG] [REI] Added display filter: me.shedaniel.rei.impl.client.registry.display.DisplayRegistryImpl$$Lambda$19282/0x0000025f4e06b508@27ddfa80
[13:59:28] [REI-ReloadPlugins/DEBUG] [REI] Added display filter: me.shedaniel.rei.impl.client.registry.display.DisplayRegistryImpl$$Lambda$19282/0x0000025f4e06b508@214af26a
[13:59:28] [REI-ReloadPlugins/DEBUG] [REI] Added display filter: me.shedaniel.rei.impl.client.registry.display.DisplayRegistryImpl$$Lambda$19282/0x0000025f4e06b508@5ae763f5
[13:59:28] [REI-ReloadPlugins/DEBUG] [REI] Added display filter: me.shedaniel.rei.impl.client.registry.display.DisplayRegistryImpl$$Lambda$19282/0x0000025f4e06b508@23b1c636
[13:59:28] [REI-ReloadPlugins/TRACE] [REI] [REIClientPlugin END] Reloading Section: "reloadable-plugin/DisplayRegistryImpl/AdAstraReiPlugin of AdAstraReiPlugin [ad_astra]/" done in 14.92 ms
[13:59:28] [REI-ReloadPlugins/TRACE] [REI] [REIClientPlugin END] Reloading Section: "reloadable-plugin/DisplayRegistryImpl/ReiRecipeAction of ReiRecipeAction [wthit]/"
[13:59:28] [REI-ReloadPlugins/TRACE] [REI] [REIClientPlugin END] Reloading Section: "reloadable-plugin/DisplayRegistryImpl/ReiRecipeAction of ReiRecipeAction [wthit]/" done in 18.80 μs
[13:59:28] [REI-ReloadPlugins/TRACE] [REI] [REIClientPlugin END] Reloading Section: "reloadable-plugin/DisplayRegistryImpl/" done in 3.026 s
[13:59:28] [REI-ReloadPlugins/TRACE] [REI] [REIClientPlugin END] Reloading Section: "reloadable-plugin/ScreenRegistryImpl/"
[13:59:28] [REI-ReloadPlugins/TRACE] [REI] [REIClientPlugin END] Reloading Section: "reloadable-plugin/ScreenRegistryImpl/DefaultClientPlugin of DefaultClientPlugin [roughlyenoughitems]/"
[13:59:28] [REI-ReloadPlugins/TRACE] [REI] [REIClientPlugin END] Reloading Section: "reloadable-plugin/ScreenRegistryImpl/DefaultClientPlugin of DefaultClientPlugin [roughlyenoughitems]/" done in 11.70 μs
[13:59:28] [REI-ReloadPlugins/TRACE] [REI] [REIClientPlugin END] Reloading Section: "reloadable-plugin/ScreenRegistryImpl/REICompat of REICompat [sliceanddice]/"
[13:59:28] [REI-ReloadPlugins/TRACE] [REI] [REIClientPlugin END] Reloading Section: "reloadable-plugin/ScreenRegistryImpl/REICompat of REICompat [sliceanddice]/" done in 9.200 μs
[13:59:28] [REI-ReloadPlugins/TRACE] [REI] [REIClientPlugin END] Reloading Section: "reloadable-plugin/ScreenRegistryImpl/HideIngredientsFromTagsPlugin of HideIngredientsFromTagsPlugin [roughlyenoughitems]/"
[13:59:28] [REI-ReloadPlugins/TRACE] [REI] [REIClientPlugin END] Reloading Section: "reloadable-plugin/ScreenRegistryImpl/HideIngredientsFromTagsPlugin of HideIngredientsFromTagsPlugin [roughlyenoughitems]/" done in 10.40 μs
[13:59:28] [REI-ReloadPlugins/TRACE] [REI] [REIClientPlugin END] Reloading Section: "reloadable-plugin/ScreenRegistryImpl/DefaultClientRuntimePlugin of DefaultClientRuntimePlugin [roughlyenoughitems]/"
[13:59:28] [REI-ReloadPlugins/TRACE] [REI] [REIClientPlugin END] Reloading Section: "reloadable-plugin/ScreenRegistryImpl/DefaultClientRuntimePlugin of DefaultClientRuntimePlugin [roughlyenoughitems]/" done in 10.70 μs
[13:59:28] [REI-ReloadPlugins/TRACE] [REI] [REIClientPlugin END] Reloading Section: "reloadable-plugin/ScreenRegistryImpl/ClientREIPlugin of ClientREIPlugin [farmersdelight]/"
[13:59:28] [REI-ReloadPlugins/TRACE] [REI] [REIClientPlugin END] Reloading Section: "reloadable-plugin/ScreenRegistryImpl/ClientREIPlugin of ClientREIPlugin [farmersdelight]/" done in 9.700 μs
[13:59:28] [REI-ReloadPlugins/TRACE] [REI] [REIClientPlugin END] Reloading Section: "reloadable-plugin/ScreenRegistryImpl/ExpandedDelightREI of ExpandedDelightREI [expandeddelight]/"
[13:59:28] [REI-ReloadPlugins/TRACE] [REI] [REIClientPlugin END] Reloading Section: "reloadable-plugin/ScreenRegistryImpl/ExpandedDelightREI of ExpandedDelightREI [expandeddelight]/" done in 9.600 μs
[13:59:28] [REI-ReloadPlugins/TRACE] [REI] [REIClientPlugin END] Reloading Section: "reloadable-plugin/ScreenRegistryImpl/CreateAdditionREI of CreateAdditionREI [createaddition]/"
[13:59:28] [REI-ReloadPlugins/TRACE] [REI] [REIClientPlugin END] Reloading Section: "reloadable-plugin/ScreenRegistryImpl/CreateAdditionREI of CreateAdditionREI [createaddition]/" done in 11.20 μs
[13:59:28] [REI-ReloadPlugins/TRACE] [REI] [REIClientPlugin END] Reloading Section: "reloadable-plugin/ScreenRegistryImpl/NewAgeReiPlugin of NewAgeReiPlugin [create_new_age]/"
[13:59:28] [REI-ReloadPlugins/TRACE] [REI] [REIClientPlugin END] Reloading Section: "reloadable-plugin/ScreenRegistryImpl/NewAgeReiPlugin of NewAgeReiPlugin [create_new_age]/" done in 10.70 μs
[13:59:28] [REI-ReloadPlugins/TRACE] [REI] [REIClientPlugin END] Reloading Section: "reloadable-plugin/ScreenRegistryImpl/create:rei_plugin of create:rei_plugin [create]/"
[13:59:28] [REI-ReloadPlugins/TRACE] [REI] [REIClientPlugin END] Reloading Section: "reloadable-plugin/ScreenRegistryImpl/create:rei_plugin of create:rei_plugin [create]/" done in 13.00 μs
[13:59:28] [REI-ReloadPlugins/TRACE] [REI] [REIClientPlugin END] Reloading Section: "reloadable-plugin/ScreenRegistryImpl/ChiselREI of ChiselREI [chisel]/"
[13:59:28] [REI-ReloadPlugins/TRACE] [REI] [REIClientPlugin END] Reloading Section: "reloadable-plugin/ScreenRegistryImpl/ChiselREI of ChiselREI [chisel]/" done in 13.30 μs
[13:59:28] [REI-ReloadPlugins/TRACE] [REI] [REIClientPlugin END] Reloading Section: "reloadable-plugin/ScreenRegistryImpl/REITooltipPlugin of REITooltipPlugin [appleskin]/"
[13:59:28] [REI-ReloadPlugins/TRACE] [REI] [REIClientPlugin END] Reloading Section: "reloadable-plugin/ScreenRegistryImpl/REITooltipPlugin of REITooltipPlugin [appleskin]/" done in 7.600 μs
[13:59:28] [REI-ReloadPlugins/TRACE] [REI] [REIClientPlugin END] Reloading Section: "reloadable-plugin/ScreenRegistryImpl/AdAstraReiPlugin of AdAstraReiPlugin [ad_astra]/"
[13:59:28] [REI-ReloadPlugins/TRACE] [REI] [REIClientPlugin END] Reloading Section: "reloadable-plugin/ScreenRegistryImpl/AdAstraReiPlugin of AdAstraReiPlugin [ad_astra]/" done in 8.400 μs
[13:59:28] [REI-ReloadPlugins/TRACE] [REI] [REIClientPlugin END] Reloading Section: "reloadable-plugin/ScreenRegistryImpl/ReiRecipeAction of ReiRecipeAction [wthit]/"
[13:59:28] [REI-ReloadPlugins/TRACE] [REI] [REIClientPlugin END] Reloading Section: "reloadable-plugin/ScreenRegistryImpl/ReiRecipeAction of ReiRecipeAction [wthit]/" done in 8.500 μs
[13:59:28] [REI-ReloadPlugins/TRACE] [REI] [REIClientPlugin END] Reloading Section: "reloadable-plugin/ScreenRegistryImpl/" done in 1.513 ms
[13:59:28] [REI-ReloadPlugins/TRACE] [REI] [REIClientPlugin END] Reloading Section: "reloadable-plugin/FavoriteEntryTypeRegistryImpl/"
[13:59:28] [REI-ReloadPlugins/TRACE] [REI] [REIClientPlugin END] Reloading Section: "reloadable-plugin/FavoriteEntryTypeRegistryImpl/DefaultClientPlugin of DefaultClientPlugin [roughlyenoughitems]/"
[13:59:28] [REI-ReloadPlugins/TRACE] [REI] [REIClientPlugin END] Reloading Section: "reloadable-plugin/FavoriteEntryTypeRegistryImpl/DefaultClientPlugin of DefaultClientPlugin [roughlyenoughitems]/" done in 8.900 μs
[13:59:28] [REI-ReloadPlugins/TRACE] [REI] [REIClientPlugin END] Reloading Section: "reloadable-plugin/FavoriteEntryTypeRegistryImpl/REICompat of REICompat [sliceanddice]/"
[13:59:28] [REI-ReloadPlugins/TRACE] [REI] [REIClientPlugin END] Reloading Section: "reloadable-plugin/FavoriteEntryTypeRegistryImpl/REICompat of REICompat [sliceanddice]/" done in 8.300 μs
[13:59:28] [REI-ReloadPlugins/TRACE] [REI] [REIClientPlugin END] Reloading Section: "reloadable-plugin/FavoriteEntryTypeRegistryImpl/HideIngredientsFromTagsPlugin of HideIngredientsFromTagsPlugin [roughlyenoughitems]/"
[13:59:28] [REI-ReloadPlugins/TRACE] [REI] [REIClientPlugin END] Reloading Section: "reloadable-plugin/FavoriteEntryTypeRegistryImpl/HideIngredientsFromTagsPlugin of HideIngredientsFromTagsPlugin [roughlyenoughitems]/" done in 7.500 μs
[13:59:28] [REI-ReloadPlugins/TRACE] [REI] [REIClientPlugin END] Reloading Section: "reloadable-plugin/FavoriteEntryTypeRegistryImpl/DefaultClientRuntimePlugin of DefaultClientRuntimePlugin [roughlyenoughitems]/"
[13:59:28] [REI-ReloadPlugins/TRACE] [REI] [REIClientPlugin END] Reloading Section: "reloadable-plugin/FavoriteEntryTypeRegistryImpl/DefaultClientRuntimePlugin of DefaultClientRuntimePlugin [roughlyenoughitems]/" done in 7.500 μs
[13:59:28] [REI-ReloadPlugins/TRACE] [REI] [REIClientPlugin END] Reloading Section: "reloadable-plugin/FavoriteEntryTypeRegistryImpl/ClientREIPlugin of ClientREIPlugin [farmersdelight]/"
[13:59:28] [REI-ReloadPlugins/TRACE] [REI] [REIClientPlugin END] Reloading Section: "reloadable-plugin/FavoriteEntryTypeRegistryImpl/ClientREIPlugin of ClientREIPlugin [farmersdelight]/" done in 7.500 μs
[13:59:28] [REI-ReloadPlugins/TRACE] [REI] [REIClientPlugin END] Reloading Section: "reloadable-plugin/FavoriteEntryTypeRegistryImpl/ExpandedDelightREI of ExpandedDelightREI [expandeddelight]/"
[13:59:28] [REI-ReloadPlugins/TRACE] [REI] [REIClientPlugin END] Reloading Section: "reloadable-plugin/FavoriteEntryTypeRegistryImpl/ExpandedDelightREI of ExpandedDelightREI [expandeddelight]/" done in 7.500 μs
[13:59:28] [REI-ReloadPlugins/TRACE] [REI] [REIClientPlugin END] Reloading Section: "reloadable-plugin/FavoriteEntryTypeRegistryImpl/CreateAdditionREI of CreateAdditionREI [createaddition]/"
[13:59:28] [REI-ReloadPlugins/TRACE] [REI] [REIClientPlugin END] Reloading Section: "reloadable-plugin/FavoriteEntryTypeRegistryImpl/CreateAdditionREI of CreateAdditionREI [createaddition]/" done in 7.700 μs
[13:59:28] [REI-ReloadPlugins/TRACE] [REI] [REIClientPlugin END] Reloading Section: "reloadable-plugin/FavoriteEntryTypeRegistryImpl/NewAgeReiPlugin of NewAgeReiPlugin [create_new_age]/"
[13:59:28] [REI-ReloadPlugins/TRACE] [REI] [REIClientPlugin END] Reloading Section: "reloadable-plugin/FavoriteEntryTypeRegistryImpl/NewAgeReiPlugin of NewAgeReiPlugin [create_new_age]/" done in 7.100 μs
[13:59:28] [REI-ReloadPlugins/TRACE] [REI] [REIClientPlugin END] Reloading Section: "reloadable-plugin/FavoriteEntryTypeRegistryImpl/create:rei_plugin of create:rei_plugin [create]/"
[13:59:28] [REI-ReloadPlugins/TRACE] [REI] [REIClientPlugin END] Reloading Section: "reloadable-plugin/FavoriteEntryTypeRegistryImpl/create:rei_plugin of create:rei_plugin [create]/" done in 7.700 μs
[13:59:28] [REI-ReloadPlugins/TRACE] [REI] [REIClientPlugin END] Reloading Section: "reloadable-plugin/FavoriteEntryTypeRegistryImpl/ChiselREI of ChiselREI [chisel]/"
[13:59:28] [REI-ReloadPlugins/TRACE] [REI] [REIClientPlugin END] Reloading Section: "reloadable-plugin/FavoriteEntryTypeRegistryImpl/ChiselREI of ChiselREI [chisel]/" done in 10.90 μs
[13:59:28] [REI-ReloadPlugins/TRACE] [REI] [REIClientPlugin END] Reloading Section: "reloadable-plugin/FavoriteEntryTypeRegistryImpl/REITooltipPlugin of REITooltipPlugin [appleskin]/"
[13:59:28] [REI-ReloadPlugins/TRACE] [REI] [REIClientPlugin END] Reloading Section: "reloadable-plugin/FavoriteEntryTypeRegistryImpl/REITooltipPlugin of REITooltipPlugin [appleskin]/" done in 8.200 μs
[13:59:28] [REI-ReloadPlugins/TRACE] [REI] [REIClientPlugin END] Reloading Section: "reloadable-plugin/FavoriteEntryTypeRegistryImpl/AdAstraReiPlugin of AdAstraReiPlugin [ad_astra]/"
[13:59:28] [REI-ReloadPlugins/TRACE] [REI] [REIClientPlugin END] Reloading Section: "reloadable-plugin/FavoriteEntryTypeRegistryImpl/AdAstraReiPlugin of AdAstraReiPlugin [ad_astra]/" done in 8.900 μs
[13:59:28] [REI-ReloadPlugins/TRACE] [REI] [REIClientPlugin END] Reloading Section: "reloadable-plugin/FavoriteEntryTypeRegistryImpl/ReiRecipeAction of ReiRecipeAction [wthit]/"
[13:59:28] [REI-ReloadPlugins/TRACE] [REI] [REIClientPlugin END] Reloading Section: "reloadable-plugin/FavoriteEntryTypeRegistryImpl/ReiRecipeAction of ReiRecipeAction [wthit]/" done in 8.400 μs
[13:59:28] [REI-ReloadPlugins/TRACE] [REI] [REIClientPlugin END] Reloading Section: "reloadable-plugin/FavoriteEntryTypeRegistryImpl/" done in 1.423 ms
[13:59:28] [REI-ReloadPlugins/TRACE] [REI] [REIClientPlugin END] Reloading Section: "reloadable-plugin/SubsetsRegistryImpl/"
[13:59:28] [REI-ReloadPlugins/TRACE] [REI] [REIClientPlugin END] Reloading Section: "reloadable-plugin/SubsetsRegistryImpl/DefaultClientPlugin of DefaultClientPlugin [roughlyenoughitems]/"
[13:59:28] [REI-ReloadPlugins/TRACE] [REI] [REIClientPlugin END] Reloading Section: "reloadable-plugin/SubsetsRegistryImpl/DefaultClientPlugin of DefaultClientPlugin [roughlyenoughitems]/" done in 8.700 μs
[13:59:28] [REI-ReloadPlugins/TRACE] [REI] [REIClientPlugin END] Reloading Section: "reloadable-plugin/SubsetsRegistryImpl/REICompat of REICompat [sliceanddice]/"
[13:59:28] [REI-ReloadPlugins/TRACE] [REI] [REIClientPlugin END] Reloading Section: "reloadable-plugin/SubsetsRegistryImpl/REICompat of REICompat [sliceanddice]/" done in 8.100 μs
[13:59:28] [REI-ReloadPlugins/TRACE] [REI] [REIClientPlugin END] Reloading Section: "reloadable-plugin/SubsetsRegistryImpl/HideIngredientsFromTagsPlugin of HideIngredientsFromTagsPlugin [roughlyenoughitems]/"
[13:59:28] [REI-ReloadPlugins/TRACE] [REI] [REIClientPlugin END] Reloading Section: "reloadable-plugin/SubsetsRegistryImpl/HideIngredientsFromTagsPlugin of HideIngredientsFromTagsPlugin [roughlyenoughitems]/" done in 8.800 μs
[13:59:28] [REI-ReloadPlugins/TRACE] [REI] [REIClientPlugin END] Reloading Section: "reloadable-plugin/SubsetsRegistryImpl/DefaultClientRuntimePlugin of DefaultClientRuntimePlugin [roughlyenoughitems]/"
[13:59:28] [REI-ReloadPlugins/TRACE] [REI] [REIClientPlugin END] Reloading Section: "reloadable-plugin/SubsetsRegistryImpl/DefaultClientRuntimePlugin of DefaultClientRuntimePlugin [roughlyenoughitems]/" done in 17.80 μs
[13:59:28] [REI-ReloadPlugins/TRACE] [REI] [REIClientPlugin END] Reloading Section: "reloadable-plugin/SubsetsRegistryImpl/ClientREIPlugin of ClientREIPlugin [farmersdelight]/"
[13:59:28] [REI-ReloadPlugins/TRACE] [REI] [REIClientPlugin END] Reloading Section: "reloadable-plugin/SubsetsRegistryImpl/ClientREIPlugin of ClientREIPlugin [farmersdelight]/" done in 8.200 μs
[13:59:28] [REI-ReloadPlugins/TRACE] [REI] [REIClientPlugin END] Reloading Section: "reloadable-plugin/SubsetsRegistryImpl/ExpandedDelightREI of ExpandedDelightREI [expandeddelight]/"
[13:59:28] [REI-ReloadPlugins/TRACE] [REI] [REIClientPlugin END] Reloading Section: "reloadable-plugin/SubsetsRegistryImpl/ExpandedDelightREI of ExpandedDelightREI [expandeddelight]/" done in 7.900 μs
[13:59:28] [REI-ReloadPlugins/TRACE] [REI] [REIClientPlugin END] Reloading Section: "reloadable-plugin/SubsetsRegistryImpl/CreateAdditionREI of CreateAdditionREI [createaddition]/"
[13:59:28] [REI-ReloadPlugins/TRACE] [REI] [REIClientPlugin END] Reloading Section: "reloadable-plugin/SubsetsRegistryImpl/CreateAdditionREI of CreateAdditionREI [createaddition]/" done in 6.500 μs
[13:59:28] [REI-ReloadPlugins/TRACE] [REI] [REIClientPlugin END] Reloading Section: "reloadable-plugin/SubsetsRegistryImpl/NewAgeReiPlugin of NewAgeReiPlugin [create_new_age]/"
[13:59:28] [REI-ReloadPlugins/TRACE] [REI] [REIClientPlugin END] Reloading Section: "reloadable-plugin/SubsetsRegistryImpl/NewAgeReiPlugin of NewAgeReiPlugin [create_new_age]/" done in 5.400 μs
[13:59:28] [REI-ReloadPlugins/TRACE] [REI] [REIClientPlugin END] Reloading Section: "reloadable-plugin/SubsetsRegistryImpl/create:rei_plugin of create:rei_plugin [create]/"
[13:59:28] [REI-ReloadPlugins/TRACE] [REI] [REIClientPlugin END] Reloading Section: "reloadable-plugin/SubsetsRegistryImpl/create:rei_plugin of create:rei_plugin [create]/" done in 8.900 μs
[13:59:28] [REI-ReloadPlugins/TRACE] [REI] [REIClientPlugin END] Reloading Section: "reloadable-plugin/SubsetsRegistryImpl/ChiselREI of ChiselREI [chisel]/"
[13:59:28] [REI-ReloadPlugins/TRACE] [REI] [REIClientPlugin END] Reloading Section: "reloadable-plugin/SubsetsRegistryImpl/ChiselREI of ChiselREI [chisel]/" done in 6.800 μs
[13:59:28] [REI-ReloadPlugins/TRACE] [REI] [REIClientPlugin END] Reloading Section: "reloadable-plugin/SubsetsRegistryImpl/REITooltipPlugin of REITooltipPlugin [appleskin]/"
[13:59:28] [REI-ReloadPlugins/TRACE] [REI] [REIClientPlugin END] Reloading Section: "reloadable-plugin/SubsetsRegistryImpl/REITooltipPlugin of REITooltipPlugin [appleskin]/" done in 7.900 μs
[13:59:28] [REI-ReloadPlugins/TRACE] [REI] [REIClientPlugin END] Reloading Section: "reloadable-plugin/SubsetsRegistryImpl/AdAstraReiPlugin of AdAstraReiPlugin [ad_astra]/"
[13:59:28] [REI-ReloadPlugins/TRACE] [REI] [REIClientPlugin END] Reloading Section: "reloadable-plugin/SubsetsRegistryImpl/AdAstraReiPlugin of AdAstraReiPlugin [ad_astra]/" done in 8.600 μs
[13:59:28] [REI-ReloadPlugins/TRACE] [REI] [REIClientPlugin END] Reloading Section: "reloadable-plugin/SubsetsRegistryImpl/ReiRecipeAction of ReiRecipeAction [wthit]/"
[13:59:28] [REI-ReloadPlugins/TRACE] [REI] [REIClientPlugin END] Reloading Section: "reloadable-plugin/SubsetsRegistryImpl/ReiRecipeAction of ReiRecipeAction [wthit]/" done in 7.700 μs
[13:59:28] [REI-ReloadPlugins/TRACE] [REI] [REIClientPlugin END] Reloading Section: "reloadable-plugin/SubsetsRegistryImpl/" done in 1.404 ms
[13:59:28] [REI-ReloadPlugins/TRACE] [REI] [REIClientPlugin END] Reloading Section: "reloadable-plugin/TransferHandlerRegistryImpl/"
[13:59:28] [REI-ReloadPlugins/TRACE] [REI] [REIClientPlugin END] Reloading Section: "reloadable-plugin/TransferHandlerRegistryImpl/DefaultClientPlugin of DefaultClientPlugin [roughlyenoughitems]/"
[13:59:28] [REI-ReloadPlugins/DEBUG] [REI] Added transfer handler: me.shedaniel.rei.api.client.registry.transfer.simple.SimpleTransferHandler$1@4098549b [0.00 priority]
[13:59:28] [REI-ReloadPlugins/DEBUG] [REI] Added transfer handler: me.shedaniel.rei.plugin.autocrafting.InventoryCraftingTransferHandler@70ef6401 [0.00 priority]
[13:59:28] [REI-ReloadPlugins/DEBUG] [REI] Added transfer handler: me.shedaniel.rei.api.client.registry.transfer.simple.SimpleTransferHandler$1@562f0842 [0.00 priority]
[13:59:28] [REI-ReloadPlugins/DEBUG] [REI] Added transfer handler: me.shedaniel.rei.api.client.registry.transfer.simple.SimpleTransferHandler$1@1d59169 [0.00 priority]
[13:59:28] [REI-ReloadPlugins/DEBUG] [REI] Added transfer handler: me.shedaniel.rei.api.client.registry.transfer.simple.SimpleTransferHandler$1@7d2ab8b5 [0.00 priority]
[13:59:28] [REI-ReloadPlugins/DEBUG] [REI] Added transfer handler: me.shedaniel.rei.plugin.autocrafting.recipebook.DefaultRecipeBookHandler@5d191241 [-20.00 priority]
[13:59:28] [REI-ReloadPlugins/TRACE] [REI] [REIClientPlugin END] Reloading Section: "reloadable-plugin/TransferHandlerRegistryImpl/DefaultClientPlugin of DefaultClientPlugin [roughlyenoughitems]/" done in 13.58 ms
[13:59:28] [REI-ReloadPlugins/TRACE] [REI] [REIClientPlugin END] Reloading Section: "reloadable-plugin/TransferHandlerRegistryImpl/REICompat of REICompat [sliceanddice]/"
[13:59:28] [REI-ReloadPlugins/TRACE] [REI] [REIClientPlugin END] Reloading Section: "reloadable-plugin/TransferHandlerRegistryImpl/REICompat of REICompat [sliceanddice]/" done in 24.90 μs
[13:59:28] [REI-ReloadPlugins/TRACE] [REI] [REIClientPlugin END] Reloading Section: "reloadable-plugin/TransferHandlerRegistryImpl/HideIngredientsFromTagsPlugin of HideIngredientsFromTagsPlugin [roughlyenoughitems]/"
[13:59:28] [REI-ReloadPlugins/TRACE] [REI] [REIClientPlugin END] Reloading Section: "reloadable-plugin/TransferHandlerRegistryImpl/HideIngredientsFromTagsPlugin of HideIngredientsFromTagsPlugin [roughlyenoughitems]/" done in 10.40 μs
[13:59:28] [REI-ReloadPlugins/TRACE] [REI] [REIClientPlugin END] Reloading Section: "reloadable-plugin/TransferHandlerRegistryImpl/DefaultClientRuntimePlugin of DefaultClientRuntimePlugin [roughlyenoughitems]/"
[13:59:28] [REI-ReloadPlugins/DEBUG] [REI] Added transfer handler: me.shedaniel.rei.plugin.autocrafting.DefaultCategoryHandler@229c018a [-10.00 priority]
[13:59:28] [REI-ReloadPlugins/TRACE] [REI] [REIClientPlugin END] Reloading Section: "reloadable-plugin/TransferHandlerRegistryImpl/DefaultClientRuntimePlugin of DefaultClientRuntimePlugin [roughlyenoughitems]/" done in 8.244 ms
[13:59:28] [REI-ReloadPlugins/TRACE] [REI] [REIClientPlugin END] Reloading Section: "reloadable-plugin/TransferHandlerRegistryImpl/ClientREIPlugin of ClientREIPlugin [farmersdelight]/"
[13:59:28] [REI-ReloadPlugins/DEBUG] [REI] Added transfer handler: me.shedaniel.rei.api.client.registry.transfer.simple.SimpleTransferHandler$1@12ed426a [0.00 priority]
[13:59:28] [REI-ReloadPlugins/TRACE] [REI] [REIClientPlugin END] Reloading Section: "reloadable-plugin/TransferHandlerRegistryImpl/ClientREIPlugin of ClientREIPlugin [farmersdelight]/" done in 97.10 μs
[13:59:28] [REI-ReloadPlugins/TRACE] [REI] [REIClientPlugin END] Reloading Section: "reloadable-plugin/TransferHandlerRegistryImpl/ExpandedDelightREI of ExpandedDelightREI [expandeddelight]/"
[13:59:28] [REI-ReloadPlugins/TRACE] [REI] [REIClientPlugin END] Reloading Section: "reloadable-plugin/TransferHandlerRegistryImpl/ExpandedDelightREI of ExpandedDelightREI [expandeddelight]/" done in 9.300 μs
[13:59:28] [REI-ReloadPlugins/TRACE] [REI] [REIClientPlugin END] Reloading Section: "reloadable-plugin/TransferHandlerRegistryImpl/CreateAdditionREI of CreateAdditionREI [createaddition]/"
[13:59:28] [REI-ReloadPlugins/TRACE] [REI] [REIClientPlugin END] Reloading Section: "reloadable-plugin/TransferHandlerRegistryImpl/CreateAdditionREI of CreateAdditionREI [createaddition]/" done in 8.800 μs
[13:59:28] [REI-ReloadPlugins/TRACE] [REI] [REIClientPlugin END] Reloading Section: "reloadable-plugin/TransferHandlerRegistryImpl/NewAgeReiPlugin of NewAgeReiPlugin [create_new_age]/"
[13:59:28] [REI-ReloadPlugins/TRACE] [REI] [REIClientPlugin END] Reloading Section: "reloadable-plugin/TransferHandlerRegistryImpl/NewAgeReiPlugin of NewAgeReiPlugin [create_new_age]/" done in 9.800 μs
[13:59:28] [REI-ReloadPlugins/TRACE] [REI] [REIClientPlugin END] Reloading Section: "reloadable-plugin/TransferHandlerRegistryImpl/create:rei_plugin of create:rei_plugin [create]/"
[13:59:28] [REI-ReloadPlugins/DEBUG] [REI] Added transfer handler: com.simibubi.create.compat.rei.BlueprintTransferHandler@759bf64c [0.00 priority]
[13:59:28] [REI-ReloadPlugins/TRACE] [REI] [REIClientPlugin END] Reloading Section: "reloadable-plugin/TransferHandlerRegistryImpl/create:rei_plugin of create:rei_plugin [create]/" done in 2.052 ms
[13:59:28] [REI-ReloadPlugins/TRACE] [REI] [REIClientPlugin END] Reloading Section: "reloadable-plugin/TransferHandlerRegistryImpl/ChiselREI of ChiselREI [chisel]/"
[13:59:28] [REI-ReloadPlugins/TRACE] [REI] [REIClientPlugin END] Reloading Section: "reloadable-plugin/TransferHandlerRegistryImpl/ChiselREI of ChiselREI [chisel]/" done in 14.60 μs
[13:59:28] [REI-ReloadPlugins/TRACE] [REI] [REIClientPlugin END] Reloading Section: "reloadable-plugin/TransferHandlerRegistryImpl/REITooltipPlugin of REITooltipPlugin [appleskin]/"
[13:59:28] [REI-ReloadPlugins/TRACE] [REI] [REIClientPlugin END] Reloading Section: "reloadable-plugin/TransferHandlerRegistryImpl/REITooltipPlugin of REITooltipPlugin [appleskin]/" done in 8.400 μs
[13:59:28] [REI-ReloadPlugins/TRACE] [REI] [REIClientPlugin END] Reloading Section: "reloadable-plugin/TransferHandlerRegistryImpl/AdAstraReiPlugin of AdAstraReiPlugin [ad_astra]/"
[13:59:28] [REI-ReloadPlugins/TRACE] [REI] [REIClientPlugin END] Reloading Section: "reloadable-plugin/TransferHandlerRegistryImpl/AdAstraReiPlugin of AdAstraReiPlugin [ad_astra]/" done in 9.300 μs
[13:59:28] [REI-ReloadPlugins/TRACE] [REI] [REIClientPlugin END] Reloading Section: "reloadable-plugin/TransferHandlerRegistryImpl/ReiRecipeAction of ReiRecipeAction [wthit]/"
[13:59:28] [REI-ReloadPlugins/TRACE] [REI] [REIClientPlugin END] Reloading Section: "reloadable-plugin/TransferHandlerRegistryImpl/ReiRecipeAction of ReiRecipeAction [wthit]/" done in 8.200 μs
[13:59:28] [REI-ReloadPlugins/TRACE] [REI] [REIClientPlugin END] Reloading Section: "reloadable-plugin/TransferHandlerRegistryImpl/" done in 25.39 ms
[13:59:28] [REI-ReloadPlugins/TRACE] [REI] [REIClientPlugin END] Reloading Section: "reloadable-plugin/SearchRuntime/"
[13:59:28] [REI-ReloadPlugins/TRACE] [REI] [REIClientPlugin END] Reloading Section: "reloadable-plugin/SearchRuntime/DefaultClientPlugin of DefaultClientPlugin [roughlyenoughitems]/"
[13:59:28] [REI-ReloadPlugins/TRACE] [REI] [REIClientPlugin END] Reloading Section: "reloadable-plugin/SearchRuntime/DefaultClientPlugin of DefaultClientPlugin [roughlyenoughitems]/" done in 7.600 μs
[13:59:28] [REI-ReloadPlugins/TRACE] [REI] [REIClientPlugin END] Reloading Section: "reloadable-plugin/SearchRuntime/REICompat of REICompat [sliceanddice]/"
[13:59:28] [REI-ReloadPlugins/TRACE] [REI] [REIClientPlugin END] Reloading Section: "reloadable-plugin/SearchRuntime/REICompat of REICompat [sliceanddice]/" done in 7.200 μs
[13:59:28] [REI-ReloadPlugins/TRACE] [REI] [REIClientPlugin END] Reloading Section: "reloadable-plugin/SearchRuntime/HideIngredientsFromTagsPlugin of HideIngredientsFromTagsPlugin [roughlyenoughitems]/"
[13:59:28] [REI-ReloadPlugins/TRACE] [REI] [REIClientPlugin END] Reloading Section: "reloadable-plugin/SearchRuntime/HideIngredientsFromTagsPlugin of HideIngredientsFromTagsPlugin [roughlyenoughitems]/" done in 10.10 μs
[13:59:28] [REI-ReloadPlugins/TRACE] [REI] [REIClientPlugin END] Reloading Section: "reloadable-plugin/SearchRuntime/DefaultClientRuntimePlugin of DefaultClientRuntimePlugin [roughlyenoughitems]/"
[13:59:28] [REI-ReloadPlugins/TRACE] [REI] [REIClientPlugin END] Reloading Section: "reloadable-plugin/SearchRuntime/DefaultClientRuntimePlugin of DefaultClientRuntimePlugin [roughlyenoughitems]/" done in 8.000 μs
[13:59:28] [REI-ReloadPlugins/TRACE] [REI] [REIClientPlugin END] Reloading Section: "reloadable-plugin/SearchRuntime/ClientREIPlugin of ClientREIPlugin [farmersdelight]/"
[13:59:28] [REI-ReloadPlugins/TRACE] [REI] [REIClientPlugin END] Reloading Section: "reloadable-plugin/SearchRuntime/ClientREIPlugin of ClientREIPlugin [farmersdelight]/" done in 7.900 μs
[13:59:28] [REI-ReloadPlugins/TRACE] [REI] [REIClientPlugin END] Reloading Section: "reloadable-plugin/SearchRuntime/ExpandedDelightREI of ExpandedDelightREI [expandeddelight]/"
[13:59:28] [REI-ReloadPlugins/TRACE] [REI] [REIClientPlugin END] Reloading Section: "reloadable-plugin/SearchRuntime/ExpandedDelightREI of ExpandedDelightREI [expandeddelight]/" done in 7.900 μs
[13:59:28] [REI-ReloadPlugins/TRACE] [REI] [REIClientPlugin END] Reloading Section: "reloadable-plugin/SearchRuntime/CreateAdditionREI of CreateAdditionREI [createaddition]/"
[13:59:28] [REI-ReloadPlugins/TRACE] [REI] [REIClientPlugin END] Reloading Section: "reloadable-plugin/SearchRuntime/CreateAdditionREI of CreateAdditionREI [createaddition]/" done in 8.300 μs
[13:59:28] [REI-ReloadPlugins/TRACE] [REI] [REIClientPlugin END] Reloading Section: "reloadable-plugin/SearchRuntime/NewAgeReiPlugin of NewAgeReiPlugin [create_new_age]/"
[13:59:28] [REI-ReloadPlugins/TRACE] [REI] [REIClientPlugin END] Reloading Section: "reloadable-plugin/SearchRuntime/NewAgeReiPlugin of NewAgeReiPlugin [create_new_age]/" done in 8.000 μs
[13:59:28] [REI-ReloadPlugins/TRACE] [REI] [REIClientPlugin END] Reloading Section: "reloadable-plugin/SearchRuntime/create:rei_plugin of create:rei_plugin [create]/"
[13:59:28] [REI-ReloadPlugins/TRACE] [REI] [REIClientPlugin END] Reloading Section: "reloadable-plugin/SearchRuntime/create:rei_plugin of create:rei_plugin [create]/" done in 8.400 μs
[13:59:28] [REI-ReloadPlugins/TRACE] [REI] [REIClientPlugin END] Reloading Section: "reloadable-plugin/SearchRuntime/ChiselREI of ChiselREI [chisel]/"
[13:59:28] [REI-ReloadPlugins/TRACE] [REI] [REIClientPlugin END] Reloading Section: "reloadable-plugin/SearchRuntime/ChiselREI of ChiselREI [chisel]/" done in 7.900 μs
[13:59:28] [REI-ReloadPlugins/TRACE] [REI] [REIClientPlugin END] Reloading Section: "reloadable-plugin/SearchRuntime/REITooltipPlugin of REITooltipPlugin [appleskin]/"
[13:59:28] [REI-ReloadPlugins/TRACE] [REI] [REIClientPlugin END] Reloading Section: "reloadable-plugin/SearchRuntime/REITooltipPlugin of REITooltipPlugin [appleskin]/" done in 7.500 μs
[13:59:28] [REI-ReloadPlugins/TRACE] [REI] [REIClientPlugin END] Reloading Section: "reloadable-plugin/SearchRuntime/AdAstraReiPlugin of AdAstraReiPlugin [ad_astra]/"
[13:59:28] [REI-ReloadPlugins/TRACE] [REI] [REIClientPlugin END] Reloading Section: "reloadable-plugin/SearchRuntime/AdAstraReiPlugin of AdAstraReiPlugin [ad_astra]/" done in 7.900 μs
[13:59:28] [REI-ReloadPlugins/TRACE] [REI] [REIClientPlugin END] Reloading Section: "reloadable-plugin/SearchRuntime/ReiRecipeAction of ReiRecipeAction [wthit]/"
[13:59:28] [REI-ReloadPlugins/TRACE] [REI] [REIClientPlugin END] Reloading Section: "reloadable-plugin/SearchRuntime/ReiRecipeAction of ReiRecipeAction [wthit]/" done in 17.40 μs
[13:59:28] [REI-ReloadPlugins/TRACE] [REI] [REIClientPlugin END] Reloading Section: "reloadable-plugin/SearchRuntime/" done in 1.721 ms
[13:59:28] [REI-ReloadPlugins/TRACE] [REI] [REIClientPlugin END] Reloading Section: "reloadable-plugin/REIRuntimeImpl/"
[13:59:28] [REI-ReloadPlugins/TRACE] [REI] [REIClientPlugin END] Reloading Section: "reloadable-plugin/REIRuntimeImpl/DefaultClientPlugin of DefaultClientPlugin [roughlyenoughitems]/"
[13:59:28] [REI-ReloadPlugins/TRACE] [REI] [REIClientPlugin END] Reloading Section: "reloadable-plugin/REIRuntimeImpl/DefaultClientPlugin of DefaultClientPlugin [roughlyenoughitems]/" done in 11.30 μs
[13:59:28] [REI-ReloadPlugins/TRACE] [REI] [REIClientPlugin END] Reloading Section: "reloadable-plugin/REIRuntimeImpl/REICompat of REICompat [sliceanddice]/"
[13:59:28] [REI-ReloadPlugins/TRACE] [REI] [REIClientPlugin END] Reloading Section: "reloadable-plugin/REIRuntimeImpl/REICompat of REICompat [sliceanddice]/" done in 7.500 μs
[13:59:28] [REI-ReloadPlugins/TRACE] [REI] [REIClientPlugin END] Reloading Section: "reloadable-plugin/REIRuntimeImpl/HideIngredientsFromTagsPlugin of HideIngredientsFromTagsPlugin [roughlyenoughitems]/"
[13:59:28] [REI-ReloadPlugins/TRACE] [REI] [REIClientPlugin END] Reloading Section: "reloadable-plugin/REIRuntimeImpl/HideIngredientsFromTagsPlugin of HideIngredientsFromTagsPlugin [roughlyenoughitems]/" done in 7.700 μs
[13:59:28] [REI-ReloadPlugins/TRACE] [REI] [REIClientPlugin END] Reloading Section: "reloadable-plugin/REIRuntimeImpl/DefaultClientRuntimePlugin of DefaultClientRuntimePlugin [roughlyenoughitems]/"
[13:59:28] [REI-ReloadPlugins/TRACE] [REI] [REIClientPlugin END] Reloading Section: "reloadable-plugin/REIRuntimeImpl/DefaultClientRuntimePlugin of DefaultClientRuntimePlugin [roughlyenoughitems]/" done in 7.600 μs
[13:59:28] [REI-ReloadPlugins/TRACE] [REI] [REIClientPlugin END] Reloading Section: "reloadable-plugin/REIRuntimeImpl/ClientREIPlugin of ClientREIPlugin [farmersdelight]/"
[13:59:28] [REI-ReloadPlugins/TRACE] [REI] [REIClientPlugin END] Reloading Section: "reloadable-plugin/REIRuntimeImpl/ClientREIPlugin of ClientREIPlugin [farmersdelight]/" done in 7.600 μs
[13:59:28] [REI-ReloadPlugins/TRACE] [REI] [REIClientPlugin END] Reloading Section: "reloadable-plugin/REIRuntimeImpl/ExpandedDelightREI of ExpandedDelightREI [expandeddelight]/"
[13:59:28] [REI-ReloadPlugins/TRACE] [REI] [REIClientPlugin END] Reloading Section: "reloadable-plugin/REIRuntimeImpl/ExpandedDelightREI of ExpandedDelightREI [expandeddelight]/" done in 7.500 μs
[13:59:28] [REI-ReloadPlugins/TRACE] [REI] [REIClientPlugin END] Reloading Section: "reloadable-plugin/REIRuntimeImpl/CreateAdditionREI of CreateAdditionREI [createaddition]/"
[13:59:28] [REI-ReloadPlugins/TRACE] [REI] [REIClientPlugin END] Reloading Section: "reloadable-plugin/REIRuntimeImpl/CreateAdditionREI of CreateAdditionREI [createaddition]/" done in 7.800 μs
[13:59:28] [REI-ReloadPlugins/TRACE] [REI] [REIClientPlugin END] Reloading Section: "reloadable-plugin/REIRuntimeImpl/NewAgeReiPlugin of NewAgeReiPlugin [create_new_age]/"
[13:59:28] [REI-ReloadPlugins/TRACE] [REI] [REIClientPlugin END] Reloading Section: "reloadable-plugin/REIRuntimeImpl/NewAgeReiPlugin of NewAgeReiPlugin [create_new_age]/" done in 5.700 μs
[13:59:28] [REI-ReloadPlugins/TRACE] [REI] [REIClientPlugin END] Reloading Section: "reloadable-plugin/REIRuntimeImpl/create:rei_plugin of create:rei_plugin [create]/"
[13:59:28] [REI-ReloadPlugins/TRACE] [REI] [REIClientPlugin END] Reloading Section: "reloadable-plugin/REIRuntimeImpl/create:rei_plugin of create:rei_plugin [create]/" done in 7.900 μs
[13:59:28] [REI-ReloadPlugins/TRACE] [REI] [REIClientPlugin END] Reloading Section: "reloadable-plugin/REIRuntimeImpl/ChiselREI of ChiselREI [chisel]/"
[13:59:28] [REI-ReloadPlugins/TRACE] [REI] [REIClientPlugin END] Reloading Section: "reloadable-plugin/REIRuntimeImpl/ChiselREI of ChiselREI [chisel]/" done in 7.500 μs
[13:59:28] [REI-ReloadPlugins/TRACE] [REI] [REIClientPlugin END] Reloading Section: "reloadable-plugin/REIRuntimeImpl/REITooltipPlugin of REITooltipPlugin [appleskin]/"
[13:59:28] [REI-ReloadPlugins/TRACE] [REI] [REIClientPlugin END] Reloading Section: "reloadable-plugin/REIRuntimeImpl/REITooltipPlugin of REITooltipPlugin [appleskin]/" done in 7.900 μs
[13:59:28] [REI-ReloadPlugins/TRACE] [REI] [REIClientPlugin END] Reloading Section: "reloadable-plugin/REIRuntimeImpl/AdAstraReiPlugin of AdAstraReiPlugin [ad_astra]/"
[13:59:28] [REI-ReloadPlugins/TRACE] [REI] [REIClientPlugin END] Reloading Section: "reloadable-plugin/REIRuntimeImpl/AdAstraReiPlugin of AdAstraReiPlugin [ad_astra]/" done in 7.600 μs
[13:59:28] [REI-ReloadPlugins/TRACE] [REI] [REIClientPlugin END] Reloading Section: "reloadable-plugin/REIRuntimeImpl/ReiRecipeAction of ReiRecipeAction [wthit]/"
[13:59:28] [REI-ReloadPlugins/TRACE] [REI] [REIClientPlugin END] Reloading Section: "reloadable-plugin/REIRuntimeImpl/ReiRecipeAction of ReiRecipeAction [wthit]/" done in 11.00 μs
[13:59:28] [REI-ReloadPlugins/TRACE] [REI] [REIClientPlugin END] Reloading Section: "reloadable-plugin/REIRuntimeImpl/" done in 1.249 ms
[13:59:28] [REI-ReloadPlugins/TRACE] [REI] [REIClientPlugin END] Reloading Section: "reloadable-plugin/ConfigAddonRegistryImpl/"
[13:59:28] [REI-ReloadPlugins/TRACE] [REI] [REIClientPlugin END] Reloading Section: "reloadable-plugin/ConfigAddonRegistryImpl/DefaultClientPlugin of DefaultClientPlugin [roughlyenoughitems]/"
[13:59:28] [REI-ReloadPlugins/TRACE] [REI] [REIClientPlugin END] Reloading Section: "reloadable-plugin/ConfigAddonRegistryImpl/DefaultClientPlugin of DefaultClientPlugin [roughlyenoughitems]/" done in 28.80 μs
[13:59:28] [REI-ReloadPlugins/TRACE] [REI] [REIClientPlugin END] Reloading Section: "reloadable-plugin/ConfigAddonRegistryImpl/REICompat of REICompat [sliceanddice]/"
[13:59:28] [REI-ReloadPlugins/TRACE] [REI] [REIClientPlugin END] Reloading Section: "reloadable-plugin/ConfigAddonRegistryImpl/REICompat of REICompat [sliceanddice]/" done in 7.500 μs
[13:59:28] [REI-ReloadPlugins/TRACE] [REI] [REIClientPlugin END] Reloading Section: "reloadable-plugin/ConfigAddonRegistryImpl/HideIngredientsFromTagsPlugin of HideIngredientsFromTagsPlugin [roughlyenoughitems]/"
[13:59:28] [REI-ReloadPlugins/TRACE] [REI] [REIClientPlugin END] Reloading Section: "reloadable-plugin/ConfigAddonRegistryImpl/HideIngredientsFromTagsPlugin of HideIngredientsFromTagsPlugin [roughlyenoughitems]/" done in 5.900 μs
[13:59:28] [REI-ReloadPlugins/TRACE] [REI] [REIClientPlugin END] Reloading Section: "reloadable-plugin/ConfigAddonRegistryImpl/DefaultClientRuntimePlugin of DefaultClientRuntimePlugin [roughlyenoughitems]/"
[13:59:28] [REI-ReloadPlugins/TRACE] [REI] [REIClientPlugin END] Reloading Section: "reloadable-plugin/ConfigAddonRegistryImpl/DefaultClientRuntimePlugin of DefaultClientRuntimePlugin [roughlyenoughitems]/" done in 6.000 μs
[13:59:28] [REI-ReloadPlugins/TRACE] [REI] [REIClientPlugin END] Reloading Section: "reloadable-plugin/ConfigAddonRegistryImpl/ClientREIPlugin of ClientREIPlugin [farmersdelight]/"
[13:59:28] [REI-ReloadPlugins/TRACE] [REI] [REIClientPlugin END] Reloading Section: "reloadable-plugin/ConfigAddonRegistryImpl/ClientREIPlugin of ClientREIPlugin [farmersdelight]/" done in 5.600 μs
[13:59:28] [REI-ReloadPlugins/TRACE] [REI] [REIClientPlugin END] Reloading Section: "reloadable-plugin/ConfigAddonRegistryImpl/ExpandedDelightREI of ExpandedDelightREI [expandeddelight]/"
[13:59:28] [REI-ReloadPlugins/TRACE] [REI] [REIClientPlugin END] Reloading Section: "reloadable-plugin/ConfigAddonRegistryImpl/ExpandedDelightREI of ExpandedDelightREI [expandeddelight]/" done in 5.700 μs
[13:59:28] [REI-ReloadPlugins/TRACE] [REI] [REIClientPlugin END] Reloading Section: "reloadable-plugin/ConfigAddonRegistryImpl/CreateAdditionREI of CreateAdditionREI [createaddition]/"
[13:59:28] [REI-ReloadPlugins/TRACE] [REI] [REIClientPlugin END] Reloading Section: "reloadable-plugin/ConfigAddonRegistryImpl/CreateAdditionREI of CreateAdditionREI [createaddition]/" done in 6.100 μs
[13:59:28] [REI-ReloadPlugins/TRACE] [REI] [REIClientPlugin END] Reloading Section: "reloadable-plugin/ConfigAddonRegistryImpl/NewAgeReiPlugin of NewAgeReiPlugin [create_new_age]/"
[13:59:28] [REI-ReloadPlugins/TRACE] [REI] [REIClientPlugin END] Reloading Section: "reloadable-plugin/ConfigAddonRegistryImpl/NewAgeReiPlugin of NewAgeReiPlugin [create_new_age]/" done in 5.400 μs
[13:59:28] [REI-ReloadPlugins/TRACE] [REI] [REIClientPlugin END] Reloading Section: "reloadable-plugin/ConfigAddonRegistryImpl/create:rei_plugin of create:rei_plugin [create]/"
[13:59:28] [REI-ReloadPlugins/TRACE] [REI] [REIClientPlugin END] Reloading Section: "reloadable-plugin/ConfigAddonRegistryImpl/create:rei_plugin of create:rei_plugin [create]/" done in 6.200 μs
[13:59:28] [REI-ReloadPlugins/TRACE] [REI] [REIClientPlugin END] Reloading Section: "reloadable-plugin/ConfigAddonRegistryImpl/ChiselREI of ChiselREI [chisel]/"
[13:59:28] [REI-ReloadPlugins/TRACE] [REI] [REIClientPlugin END] Reloading Section: "reloadable-plugin/ConfigAddonRegistryImpl/ChiselREI of ChiselREI [chisel]/" done in 5.800 μs
[13:59:28] [REI-ReloadPlugins/TRACE] [REI] [REIClientPlugin END] Reloading Section: "reloadable-plugin/ConfigAddonRegistryImpl/REITooltipPlugin of REITooltipPlugin [appleskin]/"
[13:59:28] [REI-ReloadPlugins/TRACE] [REI] [REIClientPlugin END] Reloading Section: "reloadable-plugin/ConfigAddonRegistryImpl/REITooltipPlugin of REITooltipPlugin [appleskin]/" done in 5.500 μs
[13:59:28] [REI-ReloadPlugins/TRACE] [REI] [REIClientPlugin END] Reloading Section: "reloadable-plugin/ConfigAddonRegistryImpl/AdAstraReiPlugin of AdAstraReiPlugin [ad_astra]/"
[13:59:28] [REI-ReloadPlugins/TRACE] [REI] [REIClientPlugin END] Reloading Section: "reloadable-plugin/ConfigAddonRegistryImpl/AdAstraReiPlugin of AdAstraReiPlugin [ad_astra]/" done in 5.900 μs
[13:59:28] [REI-ReloadPlugins/TRACE] [REI] [REIClientPlugin END] Reloading Section: "reloadable-plugin/ConfigAddonRegistryImpl/ReiRecipeAction of ReiRecipeAction [wthit]/"
[13:59:28] [REI-ReloadPlugins/TRACE] [REI] [REIClientPlugin END] Reloading Section: "reloadable-plugin/ConfigAddonRegistryImpl/ReiRecipeAction of ReiRecipeAction [wthit]/" done in 5.600 μs
[13:59:28] [REI-ReloadPlugins/TRACE] [REI] [REIClientPlugin END] Reloading Section: "reloadable-plugin/ConfigAddonRegistryImpl/" done in 930.1 μs
[13:59:28] [REI-ReloadPlugins/TRACE] [REI] [REIClientPlugin END] Reloading Section: "reloadable-plugin/me.shedaniel.rei.plugin.client.runtime.PluginStageExecutionWatcher$1/"
[13:59:28] [REI-ReloadPlugins/TRACE] [REI] [REIClientPlugin END] Reloading Section: "reloadable-plugin/me.shedaniel.rei.plugin.client.runtime.PluginStageExecutionWatcher$1/DefaultClientPlugin of DefaultClientPlugin [roughlyenoughitems]/"
[13:59:28] [REI-ReloadPlugins/TRACE] [REI] [REIClientPlugin END] Reloading Section: "reloadable-plugin/me.shedaniel.rei.plugin.client.runtime.PluginStageExecutionWatcher$1/DefaultClientPlugin of DefaultClientPlugin [roughlyenoughitems]/" done in 5.100 μs
[13:59:28] [REI-ReloadPlugins/TRACE] [REI] [REIClientPlugin END] Reloading Section: "reloadable-plugin/me.shedaniel.rei.plugin.client.runtime.PluginStageExecutionWatcher$1/REICompat of REICompat [sliceanddice]/"
[13:59:28] [REI-ReloadPlugins/TRACE] [REI] [REIClientPlugin END] Reloading Section: "reloadable-plugin/me.shedaniel.rei.plugin.client.runtime.PluginStageExecutionWatcher$1/REICompat of REICompat [sliceanddice]/" done in 6.300 μs
[13:59:28] [REI-ReloadPlugins/TRACE] [REI] [REIClientPlugin END] Reloading Section: "reloadable-plugin/me.shedaniel.rei.plugin.client.runtime.PluginStageExecutionWatcher$1/HideIngredientsFromTagsPlugin of HideIngredientsFromTagsPlugin [roughlyenoughitems]/"
[13:59:28] [REI-ReloadPlugins/TRACE] [REI] [REIClientPlugin END] Reloading Section: "reloadable-plugin/me.shedaniel.rei.plugin.client.runtime.PluginStageExecutionWatcher$1/HideIngredientsFromTagsPlugin of HideIngredientsFromTagsPlugin [roughlyenoughitems]/" done in 5.500 μs
[13:59:28] [REI-ReloadPlugins/TRACE] [REI] [REIClientPlugin END] Reloading Section: "reloadable-plugin/me.shedaniel.rei.plugin.client.runtime.PluginStageExecutionWatcher$1/DefaultClientRuntimePlugin of DefaultClientRuntimePlugin [roughlyenoughitems]/"
[13:59:28] [REI-ReloadPlugins/TRACE] [REI] [REIClientPlugin END] Reloading Section: "reloadable-plugin/me.shedaniel.rei.plugin.client.runtime.PluginStageExecutionWatcher$1/DefaultClientRuntimePlugin of DefaultClientRuntimePlugin [roughlyenoughitems]/" done in 5.500 μs
[13:59:28] [REI-ReloadPlugins/TRACE] [REI] [REIClientPlugin END] Reloading Section: "reloadable-plugin/me.shedaniel.rei.plugin.client.runtime.PluginStageExecutionWatcher$1/ClientREIPlugin of ClientREIPlugin [farmersdelight]/"
[13:59:28] [REI-ReloadPlugins/TRACE] [REI] [REIClientPlugin END] Reloading Section: "reloadable-plugin/me.shedaniel.rei.plugin.client.runtime.PluginStageExecutionWatcher$1/ClientREIPlugin of ClientREIPlugin [farmersdelight]/" done in 24.70 μs
[13:59:28] [REI-ReloadPlugins/TRACE] [REI] [REIClientPlugin END] Reloading Section: "reloadable-plugin/me.shedaniel.rei.plugin.client.runtime.PluginStageExecutionWatcher$1/ExpandedDelightREI of ExpandedDelightREI [expandeddelight]/"
[13:59:28] [REI-ReloadPlugins/TRACE] [REI] [REIClientPlugin END] Reloading Section: "reloadable-plugin/me.shedaniel.rei.plugin.client.runtime.PluginStageExecutionWatcher$1/ExpandedDelightREI of ExpandedDelightREI [expandeddelight]/" done in 5.400 μs
[13:59:28] [REI-ReloadPlugins/TRACE] [REI] [REIClientPlugin END] Reloading Section: "reloadable-plugin/me.shedaniel.rei.plugin.client.runtime.PluginStageExecutionWatcher$1/CreateAdditionREI of CreateAdditionREI [createaddition]/"
[13:59:28] [REI-ReloadPlugins/TRACE] [REI] [REIClientPlugin END] Reloading Section: "reloadable-plugin/me.shedaniel.rei.plugin.client.runtime.PluginStageExecutionWatcher$1/CreateAdditionREI of CreateAdditionREI [createaddition]/" done in 5.400 μs
[13:59:28] [REI-ReloadPlugins/TRACE] [REI] [REIClientPlugin END] Reloading Section: "reloadable-plugin/me.shedaniel.rei.plugin.client.runtime.PluginStageExecutionWatcher$1/NewAgeReiPlugin of NewAgeReiPlugin [create_new_age]/"
[13:59:28] [REI-ReloadPlugins/TRACE] [REI] [REIClientPlugin END] Reloading Section: "reloadable-plugin/me.shedaniel.rei.plugin.client.runtime.PluginStageExecutionWatcher$1/NewAgeReiPlugin of NewAgeReiPlugin [create_new_age]/" done in 5.300 μs
[13:59:28] [REI-ReloadPlugins/TRACE] [REI] [REIClientPlugin END] Reloading Section: "reloadable-plugin/me.shedaniel.rei.plugin.client.runtime.PluginStageExecutionWatcher$1/create:rei_plugin of create:rei_plugin [create]/"
[13:59:28] [REI-ReloadPlugins/TRACE] [REI] [REIClientPlugin END] Reloading Section: "reloadable-plugin/me.shedaniel.rei.plugin.client.runtime.PluginStageExecutionWatcher$1/create:rei_plugin of create:rei_plugin [create]/" done in 10.40 μs
[13:59:28] [REI-ReloadPlugins/TRACE] [REI] [REIClientPlugin END] Reloading Section: "reloadable-plugin/me.shedaniel.rei.plugin.client.runtime.PluginStageExecutionWatcher$1/ChiselREI of ChiselREI [chisel]/"
[13:59:28] [REI-ReloadPlugins/TRACE] [REI] [REIClientPlugin END] Reloading Section: "reloadable-plugin/me.shedaniel.rei.plugin.client.runtime.PluginStageExecutionWatcher$1/ChiselREI of ChiselREI [chisel]/" done in 7.800 μs
[13:59:28] [REI-ReloadPlugins/TRACE] [REI] [REIClientPlugin END] Reloading Section: "reloadable-plugin/me.shedaniel.rei.plugin.client.runtime.PluginStageExecutionWatcher$1/REITooltipPlugin of REITooltipPlugin [appleskin]/"
[13:59:28] [REI-ReloadPlugins/TRACE] [REI] [REIClientPlugin END] Reloading Section: "reloadable-plugin/me.shedaniel.rei.plugin.client.runtime.PluginStageExecutionWatcher$1/REITooltipPlugin of REITooltipPlugin [appleskin]/" done in 7.500 μs
[13:59:28] [REI-ReloadPlugins/TRACE] [REI] [REIClientPlugin END] Reloading Section: "reloadable-plugin/me.shedaniel.rei.plugin.client.runtime.PluginStageExecutionWatcher$1/AdAstraReiPlugin of AdAstraReiPlugin [ad_astra]/"
[13:59:28] [REI-ReloadPlugins/TRACE] [REI] [REIClientPlugin END] Reloading Section: "reloadable-plugin/me.shedaniel.rei.plugin.client.runtime.PluginStageExecutionWatcher$1/AdAstraReiPlugin of AdAstraReiPlugin [ad_astra]/" done in 8.000 μs
[13:59:28] [REI-ReloadPlugins/TRACE] [REI] [REIClientPlugin END] Reloading Section: "reloadable-plugin/me.shedaniel.rei.plugin.client.runtime.PluginStageExecutionWatcher$1/ReiRecipeAction of ReiRecipeAction [wthit]/"
[13:59:28] [REI-ReloadPlugins/TRACE] [REI] [REIClientPlugin END] Reloading Section: "reloadable-plugin/me.shedaniel.rei.plugin.client.runtime.PluginStageExecutionWatcher$1/ReiRecipeAction of ReiRecipeAction [wthit]/" done in 8.100 μs
[13:59:28] [REI-ReloadPlugins/TRACE] [REI] [REIClientPlugin END] Reloading Section: "reloadable-plugin/me.shedaniel.rei.plugin.client.runtime.PluginStageExecutionWatcher$1/" done in 1.079 ms
[13:59:28] [REI-ReloadPlugins/DEBUG] [REI] ========================================
[13:59:28] [REI-ReloadPlugins/DEBUG] [REI] REIClientPlugin ending main-reload for END.
[13:59:28] [REI-ReloadPlugins/DEBUG] [REI] ========================================
[13:59:28] [REI-ReloadPlugins/TRACE] [REI] [REIClientPlugin END] Reloading Section: "end-reload/"
[13:59:28] [REI-ReloadPlugins/TRACE] [REI] [REIClientPlugin END] Reloading Section: "end-reload/EntryRendererRegistryImpl/"
[13:59:28] [REI-ReloadPlugins/TRACE] [REI] [REIClientPlugin END] Reloading Section: "end-reload/EntryRendererRegistryImpl/" done in 7.600 μs
[13:59:28] [REI-ReloadPlugins/TRACE] [REI] [REIClientPlugin END] Reloading Section: "end-reload/ViewsImpl/"
[13:59:28] [REI-ReloadPlugins/TRACE] [REI] [REIClientPlugin END] Reloading Section: "end-reload/ViewsImpl/" done in 6.200 μs
[13:59:28] [REI-ReloadPlugins/TRACE] [REI] [REIClientPlugin END] Reloading Section: "end-reload/InputMethodRegistryImpl/"
[13:59:28] [REI-ReloadPlugins/DEBUG] [REI] Registered 5 input methods: Padrão, Jyutping (Cantonês), Pinyin (Mandarim), Bopomofo (Mandarim), Double Pinyin (Mandarin)
[13:59:28] [REI-ReloadPlugins/TRACE] [REI] [REIClientPlugin END] Reloading Section: "end-reload/InputMethodRegistryImpl/" done in 4.996 ms
[13:59:28] [REI-ReloadPlugins/TRACE] [REI] [REIClientPlugin END] Reloading Section: "end-reload/SearchProviderImpl/"
[13:59:28] [REI-ReloadPlugins/TRACE] [REI] [REIClientPlugin END] Reloading Section: "end-reload/SearchProviderImpl/" done in 8.500 μs
[13:59:28] [REI-ReloadPlugins/TRACE] [REI] [REIClientPlugin END] Reloading Section: "end-reload/ConfigManagerImpl/"
[13:59:28] [REI-ReloadPlugins/TRACE] [REI] [REIClientPlugin END] Reloading Section: "end-reload/ConfigManagerImpl/" done in 5.800 μs
[13:59:28] [REI-ReloadPlugins/TRACE] [REI] [REIClientPlugin END] Reloading Section: "end-reload/EntryRegistryImpl/"
[13:59:28] [REI-ReloadPlugins/TRACE] [REI] [REIClientPlugin END] Reloading Section: "end-reload/EntryRegistryImpl/" done in 5.900 μs
[13:59:28] [REI-ReloadPlugins/TRACE] [REI] [REIClientPlugin END] Reloading Section: "end-reload/CollapsibleEntryRegistryImpl/"
[13:59:28] [REI-ReloadPlugins/DEBUG] [REI] Recollecting custom collapsible entry groups
[13:59:28] [REI-ReloadPlugins/DEBUG] [REI] Registered 0 custom collapsible entry groups: 
[13:59:28] [REI-ReloadPlugins/DEBUG] [REI] Registered 7 collapsible entry groups: Livro Encantado, Poção, Poção Arremessável, Poção Prolongada, Spawn Egg, Flecha com Efeito, Music Disc
[13:59:28] [REI-ReloadPlugins/TRACE] [REI] [REIClientPlugin END] Reloading Section: "end-reload/CollapsibleEntryRegistryImpl/" done in 1.052 ms
[13:59:28] [REI-ReloadPlugins/TRACE] [REI] [REIClientPlugin END] Reloading Section: "end-reload/BasicFilteringRuleImpl/"
[13:59:28] [REI-ReloadPlugins/TRACE] [REI] [REIClientPlugin END] Reloading Section: "end-reload/BasicFilteringRuleImpl/" done in 8.300 μs
[13:59:28] [REI-ReloadPlugins/TRACE] [REI] [REIClientPlugin END] Reloading Section: "end-reload/CategoryRegistryImpl/"
[13:59:28] [REI-ReloadPlugins/DEBUG] [REI] Registered 61 categories: Fabricáveis, Fundíveis, Defumáveis, Explosíveis, Fogueira, Corte de pedras, Combustível, Poções, Compostagem, Descasca, Ferraria, Bigorna, Base do sinalizador, Entrada do sinalizador, Aragem, Trilha, Enceramento, Raspagem, Oxidação, Desoxidação, Panela, Tábua de corte, Decomposição, Juicing, Laminação, Carregamento, Combustão de líquido, Energizing, Moendo, Triturando, Prensando, Lavagem em massa, Defumação em massa, Fundição em massa, Assombração em massa, Misturando, Fabricação sem forma automático, Produção de poções, Compactando, Compactação automática, Serrando, Corte de blocos, Corte de madeira, Polimento com lixa, Aplicação de item manual, Implantando, Preenchimento com bica, Drenagem de item, Fabricação com forma automática, Fabricação mecânica, Montagem sequenciada, Conversão misteriosa, Chisel Recipes, Compressor, Etrionic Blast Furnace, Oxygen Loader, Fuel Refinery, Cryo Freezer, Nasa Workbench, Informações, Tag
[13:59:28] [REI-ReloadPlugins/TRACE] [REI] [REIClientPlugin END] Reloading Section: "end-reload/CategoryRegistryImpl/" done in 1.088 ms
[13:59:28] [REI-ReloadPlugins/TRACE] [REI] [REIClientPlugin END] Reloading Section: "end-reload/DisplayRegistryImpl/"
[13:59:29] [REI-ReloadPlugins/DEBUG] [REI] Processing 20229 displays for optimal lookup performance...
[13:59:29] [REI-ReloadPlugins/DEBUG] [REI] Processed displays for optimal lookup performance in 545.8 ms.
[13:59:29] [REI-ReloadPlugins/DEBUG] [REI] Registered 20229 displays
[13:59:29] [REI-ReloadPlugins/TRACE] [REI] [REIClientPlugin END] Reloading Section: "end-reload/DisplayRegistryImpl/" done in 1.109 s
[13:59:29] [REI-ReloadPlugins/TRACE] [REI] [REIClientPlugin END] Reloading Section: "end-reload/ScreenRegistryImpl/"
[13:59:29] [REI-ReloadPlugins/TRACE] [REI] [REIClientPlugin END] Reloading Section: "end-reload/ScreenRegistryImpl/" done in 12.50 μs
[13:59:29] [REI-ReloadPlugins/TRACE] [REI] [REIClientPlugin END] Reloading Section: "end-reload/FavoriteEntryTypeRegistryImpl/"
[13:59:29] [REI-ReloadPlugins/TRACE] [REI] [REIClientPlugin END] Reloading Section: "end-reload/FavoriteEntryTypeRegistryImpl/" done in 9.300 μs
[13:59:29] [REI-ReloadPlugins/TRACE] [REI] [REIClientPlugin END] Reloading Section: "end-reload/SubsetsRegistryImpl/"
[13:59:29] [REI-ReloadPlugins/TRACE] [REI] [REIClientPlugin END] Reloading Section: "end-reload/SubsetsRegistryImpl/" done in 10.20 μs
[13:59:29] [REI-ReloadPlugins/TRACE] [REI] [REIClientPlugin END] Reloading Section: "end-reload/TransferHandlerRegistryImpl/"
[13:59:29] [REI-ReloadPlugins/DEBUG] [REI] Registered 9 transfer handlers
[13:59:29] [REI-ReloadPlugins/TRACE] [REI] [REIClientPlugin END] Reloading Section: "end-reload/TransferHandlerRegistryImpl/" done in 127.2 μs
[13:59:29] [REI-ReloadPlugins/TRACE] [REI] [REIClientPlugin END] Reloading Section: "end-reload/SearchRuntime/"
[13:59:29] [REI-ReloadPlugins/TRACE] [REI] Preparing 37618 stacks for search arguments
[13:59:30] [REI-ReloadPlugins/TRACE] [REI] Prepared 37618 / 37618 stacks for search arguments in 574ms
[13:59:30] [REI-ReloadPlugins/DEBUG] [REI] Preparing collapsed entry groups cache with 7 entries and 5374 stacks
[13:59:30] [REI-ReloadPlugins/DEBUG] [REI] Prepared collapsed entry groups cache with 7 entries and 5374 stacks
[13:59:30] [REI-ReloadPlugins/TRACE] [REI] [REIClientPlugin END] Reloading Section: "end-reload/SearchRuntime/" done in 575.3 ms
[13:59:30] [REI-ReloadPlugins/TRACE] [REI] [REIClientPlugin END] Reloading Section: "end-reload/REIRuntimeImpl/"
[13:59:30] [REI-ReloadPlugins/TRACE] [REI] [REIClientPlugin END] Reloading Section: "end-reload/REIRuntimeImpl/" done in 11.40 μs
[13:59:30] [REI-ReloadPlugins/TRACE] [REI] [REIClientPlugin END] Reloading Section: "end-reload/ConfigAddonRegistryImpl/"
[13:59:30] [REI-ReloadPlugins/DEBUG] [REI] Registered 0 config addons
[13:59:30] [REI-ReloadPlugins/TRACE] [REI] [REIClientPlugin END] Reloading Section: "end-reload/ConfigAddonRegistryImpl/" done in 131.5 μs
[13:59:30] [REI-ReloadPlugins/TRACE] [REI] [REIClientPlugin END] Reloading Section: "end-reload/me.shedaniel.rei.plugin.client.runtime.PluginStageExecutionWatcher$1/"
[13:59:30] [REI-ReloadPlugins/TRACE] [REI] [REIClientPlugin END] Reloading Section: "end-reload/me.shedaniel.rei.plugin.client.runtime.PluginStageExecutionWatcher$1/" done in 7.600 μs
[13:59:30] [REI-ReloadPlugins/TRACE] [REI] [REIClientPlugin END] Reloading Section: "end-reload/" done in 1.694 s
[13:59:30] [REI-ReloadPlugins/DEBUG] [REI] ========================================
[13:59:30] [REI-ReloadPlugins/DEBUG] [REI] REIClientPlugin ended main-reload for END in 5.128 s.
[13:59:30] [REI-ReloadPlugins/DEBUG] [REI] ========================================
[13:59:30] [REI-ReloadPlugins/INFO] [REI] ~~~~~~~~~~~~~~~~~~~~~~~~~~~~~~~~~~~~~~~~
[13:59:30] [REI-ReloadPlugins/INFO] [REI] REIServerPlugin starting main-reload for END.
[13:59:30] [REI-ReloadPlugins/DEBUG] [REI] Reloadables (3):
[13:59:30] [REI-ReloadPlugins/DEBUG] [REI]  - MenuInfoRegistryImpl
[13:59:30] [REI-ReloadPlugins/DEBUG] [REI]  - SlotAccessorRegistryImpl
[13:59:30] [REI-ReloadPlugins/DEBUG] [REI]  - me.shedaniel.rei.plugin.client.runtime.PluginStageExecutionWatcher$1
[13:59:30] [REI-ReloadPlugins/INFO] [REI] Plugins (3):
[13:59:30] [REI-ReloadPlugins/INFO] [REI]  - (-100.00) DefaultPlugin of DefaultPlugin [roughlyenoughitems]
[13:59:30] [REI-ReloadPlugins/INFO] [REI]  - (0.00) FabricFluidAPISupportPlugin
[13:59:30] [REI-ReloadPlugins/INFO] [REI]  - (0.00) DefaultRuntimePlugin of DefaultRuntimePlugin [roughlyenoughitems]
[13:59:30] [REI-ReloadPlugins/INFO] [REI] ~~~~~~~~~~~~~~~~~~~~~~~~~~~~~~~~~~~~~~~~
[13:59:30] [REI-ReloadPlugins/TRACE] [REI] [REIServerPlugin END] Reloading Section: "start-reload/"
[13:59:30] [REI-ReloadPlugins/TRACE] [REI] [REIServerPlugin END] Reloading Section: "start-reload/MenuInfoRegistryImpl/"
[13:59:30] [REI-ReloadPlugins/TRACE] [REI] [REIServerPlugin END] Reloading Section: "start-reload/MenuInfoRegistryImpl/" done in 53.80 μs
[13:59:30] [REI-ReloadPlugins/TRACE] [REI] [REIServerPlugin END] Reloading Section: "start-reload/SlotAccessorRegistryImpl/"
[13:59:30] [REI-ReloadPlugins/TRACE] [REI] [REIServerPlugin END] Reloading Section: "start-reload/SlotAccessorRegistryImpl/" done in 18.30 μs
[13:59:30] [REI-ReloadPlugins/TRACE] [REI] [REIServerPlugin END] Reloading Section: "start-reload/me.shedaniel.rei.plugin.client.runtime.PluginStageExecutionWatcher$1/"
[13:59:30] [REI-ReloadPlugins/TRACE] [REI] [REIServerPlugin END] Reloading Section: "start-reload/me.shedaniel.rei.plugin.client.runtime.PluginStageExecutionWatcher$1/" done in 7.000 μs
[13:59:30] [REI-ReloadPlugins/TRACE] [REI] [REIServerPlugin END] Reloading Section: "start-reload/" done in 411.7 μs
[13:59:30] [REI-ReloadPlugins/DEBUG] [REI] ========================================
[13:59:30] [REI-ReloadPlugins/DEBUG] [REI] REIServerPlugin started main-reload for END.
[13:59:30] [REI-ReloadPlugins/DEBUG] [REI] ========================================
[13:59:30] [REI-ReloadPlugins/TRACE] [REI] [REIServerPlugin END] Reloading Section: "reloadable-plugin/MenuInfoRegistryImpl/"
[13:59:30] [REI-ReloadPlugins/TRACE] [REI] [REIServerPlugin END] Reloading Section: "reloadable-plugin/MenuInfoRegistryImpl/DefaultPlugin of DefaultPlugin [roughlyenoughitems]/"
[13:59:30] [REI-ReloadPlugins/TRACE] [REI] [REIServerPlugin END] Reloading Section: "reloadable-plugin/MenuInfoRegistryImpl/DefaultPlugin of DefaultPlugin [roughlyenoughitems]/" done in 38.40 μs
[13:59:30] [REI-ReloadPlugins/TRACE] [REI] [REIServerPlugin END] Reloading Section: "reloadable-plugin/MenuInfoRegistryImpl/FabricFluidAPISupportPlugin/"
[13:59:30] [REI-ReloadPlugins/TRACE] [REI] [REIServerPlugin END] Reloading Section: "reloadable-plugin/MenuInfoRegistryImpl/FabricFluidAPISupportPlugin/" done in 8.600 μs
[13:59:30] [REI-ReloadPlugins/TRACE] [REI] [REIServerPlugin END] Reloading Section: "reloadable-plugin/MenuInfoRegistryImpl/DefaultRuntimePlugin of DefaultRuntimePlugin [roughlyenoughitems]/"
[13:59:30] [REI-ReloadPlugins/TRACE] [REI] [REIServerPlugin END] Reloading Section: "reloadable-plugin/MenuInfoRegistryImpl/DefaultRuntimePlugin of DefaultRuntimePlugin [roughlyenoughitems]/" done in 8.900 μs
[13:59:30] [REI-ReloadPlugins/TRACE] [REI] [REIServerPlugin END] Reloading Section: "reloadable-plugin/MenuInfoRegistryImpl/" done in 400.5 μs
[13:59:30] [REI-ReloadPlugins/TRACE] [REI] [REIServerPlugin END] Reloading Section: "reloadable-plugin/SlotAccessorRegistryImpl/"
[13:59:30] [REI-ReloadPlugins/TRACE] [REI] [REIServerPlugin END] Reloading Section: "reloadable-plugin/SlotAccessorRegistryImpl/DefaultPlugin of DefaultPlugin [roughlyenoughitems]/"
[13:59:30] [REI-ReloadPlugins/TRACE] [REI] [REIServerPlugin END] Reloading Section: "reloadable-plugin/SlotAccessorRegistryImpl/DefaultPlugin of DefaultPlugin [roughlyenoughitems]/" done in 25.50 μs
[13:59:30] [REI-ReloadPlugins/TRACE] [REI] [REIServerPlugin END] Reloading Section: "reloadable-plugin/SlotAccessorRegistryImpl/FabricFluidAPISupportPlugin/"
[13:59:30] [REI-ReloadPlugins/TRACE] [REI] [REIServerPlugin END] Reloading Section: "reloadable-plugin/SlotAccessorRegistryImpl/FabricFluidAPISupportPlugin/" done in 7.400 μs
[13:59:30] [REI-ReloadPlugins/TRACE] [REI] [REIServerPlugin END] Reloading Section: "reloadable-plugin/SlotAccessorRegistryImpl/DefaultRuntimePlugin of DefaultRuntimePlugin [roughlyenoughitems]/"
[13:59:30] [REI-ReloadPlugins/DEBUG] [REI] Added slot accessor serializer: me.shedaniel.rei.plugin.common.runtime.DefaultRuntimePlugin$1@7e1f7af4 [roughlyenoughitems:vanilla]
[13:59:30] [REI-ReloadPlugins/DEBUG] [REI] Added slot accessor serializer: me.shedaniel.rei.plugin.common.runtime.DefaultRuntimePlugin$2@1213262e [roughlyenoughitems:player]
[13:59:30] [REI-ReloadPlugins/TRACE] [REI] [REIServerPlugin END] Reloading Section: "reloadable-plugin/SlotAccessorRegistryImpl/DefaultRuntimePlugin of DefaultRuntimePlugin [roughlyenoughitems]/" done in 16.83 ms
[13:59:30] [REI-ReloadPlugins/TRACE] [REI] [REIServerPlugin END] Reloading Section: "reloadable-plugin/SlotAccessorRegistryImpl/" done in 17.63 ms
[13:59:30] [REI-ReloadPlugins/TRACE] [REI] [REIServerPlugin END] Reloading Section: "reloadable-plugin/me.shedaniel.rei.plugin.client.runtime.PluginStageExecutionWatcher$1/"
[13:59:30] [REI-ReloadPlugins/TRACE] [REI] [REIServerPlugin END] Reloading Section: "reloadable-plugin/me.shedaniel.rei.plugin.client.runtime.PluginStageExecutionWatcher$1/DefaultPlugin of DefaultPlugin [roughlyenoughitems]/"
[13:59:30] [REI-ReloadPlugins/TRACE] [REI] [REIServerPlugin END] Reloading Section: "reloadable-plugin/me.shedaniel.rei.plugin.client.runtime.PluginStageExecutionWatcher$1/DefaultPlugin of DefaultPlugin [roughlyenoughitems]/" done in 20.00 μs
[13:59:30] [REI-ReloadPlugins/TRACE] [REI] [REIServerPlugin END] Reloading Section: "reloadable-plugin/me.shedaniel.rei.plugin.client.runtime.PluginStageExecutionWatcher$1/FabricFluidAPISupportPlugin/"
[13:59:30] [REI-ReloadPlugins/TRACE] [REI] [REIServerPlugin END] Reloading Section: "reloadable-plugin/me.shedaniel.rei.plugin.client.runtime.PluginStageExecutionWatcher$1/FabricFluidAPISupportPlugin/" done in 9.800 μs
[13:59:30] [REI-ReloadPlugins/TRACE] [REI] [REIServerPlugin END] Reloading Section: "reloadable-plugin/me.shedaniel.rei.plugin.client.runtime.PluginStageExecutionWatcher$1/DefaultRuntimePlugin of DefaultRuntimePlugin [roughlyenoughitems]/"
[13:59:30] [REI-ReloadPlugins/TRACE] [REI] [REIServerPlugin END] Reloading Section: "reloadable-plugin/me.shedaniel.rei.plugin.client.runtime.PluginStageExecutionWatcher$1/DefaultRuntimePlugin of DefaultRuntimePlugin [roughlyenoughitems]/" done in 8.100 μs
[13:59:30] [REI-ReloadPlugins/TRACE] [REI] [REIServerPlugin END] Reloading Section: "reloadable-plugin/me.shedaniel.rei.plugin.client.runtime.PluginStageExecutionWatcher$1/" done in 437.0 μs
[13:59:30] [REI-ReloadPlugins/DEBUG] [REI] ========================================
[13:59:30] [REI-ReloadPlugins/DEBUG] [REI] REIServerPlugin ending main-reload for END.
[13:59:30] [REI-ReloadPlugins/DEBUG] [REI] ========================================
[13:59:30] [REI-ReloadPlugins/TRACE] [REI] [REIServerPlugin END] Reloading Section: "end-reload/"
[13:59:30] [REI-ReloadPlugins/TRACE] [REI] [REIServerPlugin END] Reloading Section: "end-reload/MenuInfoRegistryImpl/"
[13:59:30] [REI-ReloadPlugins/DEBUG] [REI] Registered 0 menu infos
[13:59:30] [REI-ReloadPlugins/TRACE] [REI] [REIServerPlugin END] Reloading Section: "end-reload/MenuInfoRegistryImpl/" done in 129.9 μs
[13:59:30] [REI-ReloadPlugins/TRACE] [REI] [REIServerPlugin END] Reloading Section: "end-reload/SlotAccessorRegistryImpl/"
[13:59:30] [REI-ReloadPlugins/DEBUG] [REI] Registered 2 slot accessor serializers
[13:59:30] [REI-ReloadPlugins/TRACE] [REI] [REIServerPlugin END] Reloading Section: "end-reload/SlotAccessorRegistryImpl/" done in 68.10 μs
[13:59:30] [REI-ReloadPlugins/TRACE] [REI] [REIServerPlugin END] Reloading Section: "end-reload/me.shedaniel.rei.plugin.client.runtime.PluginStageExecutionWatcher$1/"
[13:59:30] [REI-ReloadPlugins/TRACE] [REI] [REIServerPlugin END] Reloading Section: "end-reload/me.shedaniel.rei.plugin.client.runtime.PluginStageExecutionWatcher$1/" done in 5.200 μs
[13:59:30] [REI-ReloadPlugins/TRACE] [REI] [REIServerPlugin END] Reloading Section: "end-reload/" done in 453.0 μs
[13:59:30] [REI-ReloadPlugins/DEBUG] [REI] ========================================
[13:59:30] [REI-ReloadPlugins/DEBUG] [REI] REIServerPlugin ended main-reload for END in 22.20 ms.
[13:59:30] [REI-ReloadPlugins/DEBUG] [REI] ========================================
[13:59:30] [REI-ReloadPlugins/DEBUG] [REI] ========================================
[13:59:30] [REI-ReloadPlugins/DEBUG] [REI] REIPlugin starting post-reload for END.
[13:59:30] [REI-ReloadPlugins/DEBUG] [REI] Reloadables (8):
[13:59:30] [REI-ReloadPlugins/DEBUG] [REI]  - EntryTypeRegistryImpl
[13:59:30] [REI-ReloadPlugins/DEBUG] [REI]  - EntrySettingsAdapterRegistryImpl
[13:59:30] [REI-ReloadPlugins/DEBUG] [REI]  - RecipeManagerContextImpl
[13:59:30] [REI-ReloadPlugins/DEBUG] [REI]  - ItemComparatorRegistryImpl
[13:59:30] [REI-ReloadPlugins/DEBUG] [REI]  - FluidComparatorRegistryImpl
[13:59:30] [REI-ReloadPlugins/DEBUG] [REI]  - DisplaySerializerRegistryImpl
[13:59:30] [REI-ReloadPlugins/DEBUG] [REI]  - FluidSupportProviderImpl
[13:59:30] [REI-ReloadPlugins/DEBUG] [REI]  - me.shedaniel.rei.plugin.client.runtime.PluginStageExecutionWatcher$1
[13:59:30] [REI-ReloadPlugins/DEBUG] [REI] Plugins (16):
[13:59:30] [REI-ReloadPlugins/DEBUG] [REI]  - (-100.00) DefaultClientPlugin of DefaultClientPlugin [roughlyenoughitems]
[13:59:30] [REI-ReloadPlugins/DEBUG] [REI]  - (-100.00) DefaultPlugin of DefaultPlugin [roughlyenoughitems]
[13:59:30] [REI-ReloadPlugins/DEBUG] [REI]  - (0.00) FabricFluidAPISupportPlugin
[13:59:30] [REI-ReloadPlugins/DEBUG] [REI]  - (0.00) REICompat of REICompat [sliceanddice]
[13:59:30] [REI-ReloadPlugins/DEBUG] [REI]  - (0.00) HideIngredientsFromTagsPlugin of HideIngredientsFromTagsPlugin [roughlyenoughitems]
[13:59:30] [REI-ReloadPlugins/DEBUG] [REI]  - (0.00) DefaultClientRuntimePlugin of DefaultClientRuntimePlugin [roughlyenoughitems]
[13:59:30] [REI-ReloadPlugins/DEBUG] [REI]  - (0.00) ClientREIPlugin of ClientREIPlugin [farmersdelight]
[13:59:30] [REI-ReloadPlugins/DEBUG] [REI]  - (0.00) ExpandedDelightREI of ExpandedDelightREI [expandeddelight]
[13:59:30] [REI-ReloadPlugins/DEBUG] [REI]  - (0.00) CreateAdditionREI of CreateAdditionREI [createaddition]
[13:59:30] [REI-ReloadPlugins/DEBUG] [REI]  - (0.00) NewAgeReiPlugin of NewAgeReiPlugin [create_new_age]
[13:59:30] [REI-ReloadPlugins/DEBUG] [REI]  - (0.00) create:rei_plugin of create:rei_plugin [create]
[13:59:30] [REI-ReloadPlugins/DEBUG] [REI]  - (0.00) ChiselREI of ChiselREI [chisel]
[13:59:30] [REI-ReloadPlugins/DEBUG] [REI]  - (0.00) REITooltipPlugin of REITooltipPlugin [appleskin]
[13:59:30] [REI-ReloadPlugins/DEBUG] [REI]  - (0.00) AdAstraReiPlugin of AdAstraReiPlugin [ad_astra]
[13:59:30] [REI-ReloadPlugins/DEBUG] [REI]  - (0.00) DefaultRuntimePlugin of DefaultRuntimePlugin [roughlyenoughitems]
[13:59:30] [REI-ReloadPlugins/DEBUG] [REI]  - (0.00) ReiRecipeAction of ReiRecipeAction [wthit]
[13:59:30] [REI-ReloadPlugins/DEBUG] [REI] ========================================
[13:59:30] [REI-ReloadPlugins/TRACE] [REI] [REIPlugin END] Reloading Section: "post-register/"
[13:59:30] [REI-ReloadPlugins/TRACE] [REI] [REIPlugin END] Reloading Section: "post-register/DefaultClientPlugin of DefaultClientPlugin [roughlyenoughitems]/"
[13:59:30] [REI-ReloadPlugins/TRACE] [REI] [REIPlugin END] Reloading Section: "post-register/DefaultClientPlugin of DefaultClientPlugin [roughlyenoughitems]/" done in 17.10 μs
[13:59:30] [REI-ReloadPlugins/TRACE] [REI] [REIPlugin END] Reloading Section: "post-register/DefaultPlugin of DefaultPlugin [roughlyenoughitems]/"
[13:59:30] [REI-ReloadPlugins/TRACE] [REI] [REIPlugin END] Reloading Section: "post-register/DefaultPlugin of DefaultPlugin [roughlyenoughitems]/" done in 7.000 μs
[13:59:30] [REI-ReloadPlugins/TRACE] [REI] [REIPlugin END] Reloading Section: "post-register/FabricFluidAPISupportPlugin/"
[13:59:30] [REI-ReloadPlugins/TRACE] [REI] [REIPlugin END] Reloading Section: "post-register/FabricFluidAPISupportPlugin/" done in 7.200 μs
[13:59:30] [REI-ReloadPlugins/TRACE] [REI] [REIPlugin END] Reloading Section: "post-register/REICompat of REICompat [sliceanddice]/"
[13:59:30] [REI-ReloadPlugins/TRACE] [REI] [REIPlugin END] Reloading Section: "post-register/REICompat of REICompat [sliceanddice]/" done in 6.800 μs
[13:59:30] [REI-ReloadPlugins/TRACE] [REI] [REIPlugin END] Reloading Section: "post-register/HideIngredientsFromTagsPlugin of HideIngredientsFromTagsPlugin [roughlyenoughitems]/"
[13:59:30] [REI-ReloadPlugins/TRACE] [REI] [REIPlugin END] Reloading Section: "post-register/HideIngredientsFromTagsPlugin of HideIngredientsFromTagsPlugin [roughlyenoughitems]/" done in 7.300 μs
[13:59:30] [REI-ReloadPlugins/TRACE] [REI] [REIPlugin END] Reloading Section: "post-register/DefaultClientRuntimePlugin of DefaultClientRuntimePlugin [roughlyenoughitems]/"
[13:59:30] [REI-ReloadPlugins/TRACE] [REI] [REIPlugin END] Reloading Section: "post-register/DefaultClientRuntimePlugin of DefaultClientRuntimePlugin [roughlyenoughitems]/" done in 7.200 μs
[13:59:30] [REI-ReloadPlugins/TRACE] [REI] [REIPlugin END] Reloading Section: "post-register/ClientREIPlugin of ClientREIPlugin [farmersdelight]/"
[13:59:30] [REI-ReloadPlugins/TRACE] [REI] [REIPlugin END] Reloading Section: "post-register/ClientREIPlugin of ClientREIPlugin [farmersdelight]/" done in 7.500 μs
[13:59:30] [REI-ReloadPlugins/TRACE] [REI] [REIPlugin END] Reloading Section: "post-register/ExpandedDelightREI of ExpandedDelightREI [expandeddelight]/"
[13:59:30] [REI-ReloadPlugins/TRACE] [REI] [REIPlugin END] Reloading Section: "post-register/ExpandedDelightREI of ExpandedDelightREI [expandeddelight]/" done in 6.600 μs
[13:59:30] [REI-ReloadPlugins/TRACE] [REI] [REIPlugin END] Reloading Section: "post-register/CreateAdditionREI of CreateAdditionREI [createaddition]/"
[13:59:30] [REI-ReloadPlugins/TRACE] [REI] [REIPlugin END] Reloading Section: "post-register/CreateAdditionREI of CreateAdditionREI [createaddition]/" done in 7.200 μs
[13:59:30] [REI-ReloadPlugins/TRACE] [REI] [REIPlugin END] Reloading Section: "post-register/NewAgeReiPlugin of NewAgeReiPlugin [create_new_age]/"
[13:59:30] [REI-ReloadPlugins/TRACE] [REI] [REIPlugin END] Reloading Section: "post-register/NewAgeReiPlugin of NewAgeReiPlugin [create_new_age]/" done in 7.000 μs
[13:59:30] [REI-ReloadPlugins/TRACE] [REI] [REIPlugin END] Reloading Section: "post-register/create:rei_plugin of create:rei_plugin [create]/"
[13:59:30] [REI-ReloadPlugins/TRACE] [REI] [REIPlugin END] Reloading Section: "post-register/create:rei_plugin of create:rei_plugin [create]/" done in 7.400 μs
[13:59:30] [REI-ReloadPlugins/TRACE] [REI] [REIPlugin END] Reloading Section: "post-register/ChiselREI of ChiselREI [chisel]/"
[13:59:30] [REI-ReloadPlugins/TRACE] [REI] [REIPlugin END] Reloading Section: "post-register/ChiselREI of ChiselREI [chisel]/" done in 7.600 μs
[13:59:30] [REI-ReloadPlugins/TRACE] [REI] [REIPlugin END] Reloading Section: "post-register/REITooltipPlugin of REITooltipPlugin [appleskin]/"
[13:59:30] [REI-ReloadPlugins/TRACE] [REI] [REIPlugin END] Reloading Section: "post-register/REITooltipPlugin of REITooltipPlugin [appleskin]/" done in 7.200 μs
[13:59:30] [REI-ReloadPlugins/TRACE] [REI] [REIPlugin END] Reloading Section: "post-register/AdAstraReiPlugin of AdAstraReiPlugin [ad_astra]/"
[13:59:30] [REI-ReloadPlugins/TRACE] [REI] [REIPlugin END] Reloading Section: "post-register/AdAstraReiPlugin of AdAstraReiPlugin [ad_astra]/" done in 7.500 μs
[13:59:30] [REI-ReloadPlugins/TRACE] [REI] [REIPlugin END] Reloading Section: "post-register/DefaultRuntimePlugin of DefaultRuntimePlugin [roughlyenoughitems]/"
[13:59:30] [REI-ReloadPlugins/TRACE] [REI] [REIPlugin END] Reloading Section: "post-register/DefaultRuntimePlugin of DefaultRuntimePlugin [roughlyenoughitems]/" done in 43.80 μs
[13:59:30] [REI-ReloadPlugins/TRACE] [REI] [REIPlugin END] Reloading Section: "post-register/ReiRecipeAction of ReiRecipeAction [wthit]/"
[13:59:30] [REI-ReloadPlugins/TRACE] [REI] [REIPlugin END] Reloading Section: "post-register/ReiRecipeAction of ReiRecipeAction [wthit]/" done in 9.500 μs
[13:59:30] [REI-ReloadPlugins/TRACE] [REI] [REIPlugin END] Reloading Section: "post-register/" done in 1.643 ms
[13:59:30] [REI-ReloadPlugins/TRACE] [REI] [REIPlugin END] Reloading Section: "post-stage/"
[13:59:30] [REI-ReloadPlugins/TRACE] [REI] [REIPlugin END] Reloading Section: "post-stage/EntryTypeRegistryImpl/"
[13:59:30] [REI-ReloadPlugins/TRACE] [REI] [REIPlugin END] Reloading Section: "post-stage/EntryTypeRegistryImpl/" done in 9.600 μs
[13:59:30] [REI-ReloadPlugins/TRACE] [REI] [REIPlugin END] Reloading Section: "post-stage/EntrySettingsAdapterRegistryImpl/"
[13:59:30] [REI-ReloadPlugins/TRACE] [REI] [REIPlugin END] Reloading Section: "post-stage/EntrySettingsAdapterRegistryImpl/" done in 5.200 μs
[13:59:30] [REI-ReloadPlugins/TRACE] [REI] [REIPlugin END] Reloading Section: "post-stage/RecipeManagerContextImpl/"
[13:59:30] [REI-ReloadPlugins/TRACE] [REI] [REIPlugin END] Reloading Section: "post-stage/RecipeManagerContextImpl/" done in 4.800 μs
[13:59:30] [REI-ReloadPlugins/TRACE] [REI] [REIPlugin END] Reloading Section: "post-stage/ItemComparatorRegistryImpl/"
[13:59:30] [REI-ReloadPlugins/TRACE] [REI] [REIPlugin END] Reloading Section: "post-stage/ItemComparatorRegistryImpl/" done in 5.100 μs
[13:59:30] [REI-ReloadPlugins/TRACE] [REI] [REIPlugin END] Reloading Section: "post-stage/FluidComparatorRegistryImpl/"
[13:59:30] [REI-ReloadPlugins/TRACE] [REI] [REIPlugin END] Reloading Section: "post-stage/FluidComparatorRegistryImpl/" done in 5.000 μs
[13:59:30] [REI-ReloadPlugins/TRACE] [REI] [REIPlugin END] Reloading Section: "post-stage/DisplaySerializerRegistryImpl/"
[13:59:30] [REI-ReloadPlugins/TRACE] [REI] [REIPlugin END] Reloading Section: "post-stage/DisplaySerializerRegistryImpl/" done in 5.100 μs
[13:59:30] [REI-ReloadPlugins/TRACE] [REI] [REIPlugin END] Reloading Section: "post-stage/FluidSupportProviderImpl/"
[13:59:30] [REI-ReloadPlugins/TRACE] [REI] [REIPlugin END] Reloading Section: "post-stage/FluidSupportProviderImpl/" done in 4.900 μs
[13:59:30] [REI-ReloadPlugins/TRACE] [REI] [REIPlugin END] Reloading Section: "post-stage/me.shedaniel.rei.plugin.client.runtime.PluginStageExecutionWatcher$1/"
[13:59:30] [REI-ReloadPlugins/TRACE] [REI] [REIPlugin END] Reloading Section: "post-stage/me.shedaniel.rei.plugin.client.runtime.PluginStageExecutionWatcher$1/" done in 11.80 μs
[13:59:30] [REI-ReloadPlugins/TRACE] [REI] [REIPlugin END] Reloading Section: "post-stage/" done in 683.7 μs
[13:59:30] [REI-ReloadPlugins/DEBUG] [REI] ========================================
[13:59:30] [REI-ReloadPlugins/INFO] [REI] REIPlugin finished post-reload for END in 2.472 ms, totaling 104.5 ms.
[13:59:30] [REI-ReloadPlugins/DEBUG] [REI] ========================================
[13:59:30] [REI-ReloadPlugins/DEBUG] [REI] ========================================
[13:59:30] [REI-ReloadPlugins/DEBUG] [REI] REIClientPlugin starting post-reload for END.
[13:59:30] [REI-ReloadPlugins/DEBUG] [REI] Reloadables (18):
[13:59:30] [REI-ReloadPlugins/DEBUG] [REI]  - EntryRendererRegistryImpl
[13:59:30] [REI-ReloadPlugins/DEBUG] [REI]  - ViewsImpl
[13:59:30] [REI-ReloadPlugins/DEBUG] [REI]  - InputMethodRegistryImpl
[13:59:30] [REI-ReloadPlugins/DEBUG] [REI]  - SearchProviderImpl
[13:59:30] [REI-ReloadPlugins/DEBUG] [REI]  - ConfigManagerImpl
[13:59:30] [REI-ReloadPlugins/DEBUG] [REI]  - EntryRegistryImpl
[13:59:30] [REI-ReloadPlugins/DEBUG] [REI]  - CollapsibleEntryRegistryImpl
[13:59:30] [REI-ReloadPlugins/DEBUG] [REI]  - BasicFilteringRuleImpl
[13:59:30] [REI-ReloadPlugins/DEBUG] [REI]  - CategoryRegistryImpl
[13:59:30] [REI-ReloadPlugins/DEBUG] [REI]  - DisplayRegistryImpl
[13:59:30] [REI-ReloadPlugins/DEBUG] [REI]  - ScreenRegistryImpl
[13:59:30] [REI-ReloadPlugins/DEBUG] [REI]  - FavoriteEntryTypeRegistryImpl
[13:59:30] [REI-ReloadPlugins/DEBUG] [REI]  - SubsetsRegistryImpl
[13:59:30] [REI-ReloadPlugins/DEBUG] [REI]  - TransferHandlerRegistryImpl
[13:59:30] [REI-ReloadPlugins/DEBUG] [REI]  - SearchRuntime
[13:59:30] [REI-ReloadPlugins/DEBUG] [REI]  - REIRuntimeImpl
[13:59:30] [REI-ReloadPlugins/DEBUG] [REI]  - ConfigAddonRegistryImpl
[13:59:30] [REI-ReloadPlugins/DEBUG] [REI]  - me.shedaniel.rei.plugin.client.runtime.PluginStageExecutionWatcher$1
[13:59:30] [REI-ReloadPlugins/DEBUG] [REI] Plugins (13):
[13:59:30] [REI-ReloadPlugins/DEBUG] [REI]  - (-100.00) DefaultClientPlugin of DefaultClientPlugin [roughlyenoughitems]
[13:59:30] [REI-ReloadPlugins/DEBUG] [REI]  - (0.00) REICompat of REICompat [sliceanddice]
[13:59:30] [REI-ReloadPlugins/DEBUG] [REI]  - (0.00) HideIngredientsFromTagsPlugin of HideIngredientsFromTagsPlugin [roughlyenoughitems]
[13:59:30] [REI-ReloadPlugins/DEBUG] [REI]  - (0.00) DefaultClientRuntimePlugin of DefaultClientRuntimePlugin [roughlyenoughitems]
[13:59:30] [REI-ReloadPlugins/DEBUG] [REI]  - (0.00) ClientREIPlugin of ClientREIPlugin [farmersdelight]
[13:59:30] [REI-ReloadPlugins/DEBUG] [REI]  - (0.00) ExpandedDelightREI of ExpandedDelightREI [expandeddelight]
[13:59:30] [REI-ReloadPlugins/DEBUG] [REI]  - (0.00) CreateAdditionREI of CreateAdditionREI [createaddition]
[13:59:30] [REI-ReloadPlugins/DEBUG] [REI]  - (0.00) NewAgeReiPlugin of NewAgeReiPlugin [create_new_age]
[13:59:30] [REI-ReloadPlugins/DEBUG] [REI]  - (0.00) create:rei_plugin of create:rei_plugin [create]
[13:59:30] [REI-ReloadPlugins/DEBUG] [REI]  - (0.00) ChiselREI of ChiselREI [chisel]
[13:59:30] [REI-ReloadPlugins/DEBUG] [REI]  - (0.00) REITooltipPlugin of REITooltipPlugin [appleskin]
[13:59:30] [REI-ReloadPlugins/DEBUG] [REI]  - (0.00) AdAstraReiPlugin of AdAstraReiPlugin [ad_astra]
[13:59:30] [REI-ReloadPlugins/DEBUG] [REI]  - (0.00) ReiRecipeAction of ReiRecipeAction [wthit]
[13:59:30] [REI-ReloadPlugins/DEBUG] [REI] ========================================
[13:59:30] [REI-ReloadPlugins/TRACE] [REI] [REIClientPlugin END] Reloading Section: "post-register/"
[13:59:30] [REI-ReloadPlugins/TRACE] [REI] [REIClientPlugin END] Reloading Section: "post-register/DefaultClientPlugin of DefaultClientPlugin [roughlyenoughitems]/"
[13:59:30] [REI-ReloadPlugins/TRACE] [REI] [REIClientPlugin END] Reloading Section: "post-register/DefaultClientPlugin of DefaultClientPlugin [roughlyenoughitems]/" done in 23.90 μs
[13:59:30] [REI-ReloadPlugins/TRACE] [REI] [REIClientPlugin END] Reloading Section: "post-register/REICompat of REICompat [sliceanddice]/"
[13:59:30] [REI-ReloadPlugins/TRACE] [REI] [REIClientPlugin END] Reloading Section: "post-register/REICompat of REICompat [sliceanddice]/" done in 8.300 μs
[13:59:30] [REI-ReloadPlugins/TRACE] [REI] [REIClientPlugin END] Reloading Section: "post-register/HideIngredientsFromTagsPlugin of HideIngredientsFromTagsPlugin [roughlyenoughitems]/"
[13:59:30] [REI-ReloadPlugins/TRACE] [REI] [REIClientPlugin END] Reloading Section: "post-register/HideIngredientsFromTagsPlugin of HideIngredientsFromTagsPlugin [roughlyenoughitems]/" done in 8.700 μs
[13:59:30] [REI-ReloadPlugins/TRACE] [REI] [REIClientPlugin END] Reloading Section: "post-register/DefaultClientRuntimePlugin of DefaultClientRuntimePlugin [roughlyenoughitems]/"
[13:59:30] [REI-ReloadPlugins/TRACE] [REI] [REIClientPlugin END] Reloading Section: "post-register/DefaultClientRuntimePlugin of DefaultClientRuntimePlugin [roughlyenoughitems]/" done in 7.500 μs
[13:59:30] [REI-ReloadPlugins/TRACE] [REI] [REIClientPlugin END] Reloading Section: "post-register/ClientREIPlugin of ClientREIPlugin [farmersdelight]/"
[13:59:30] [REI-ReloadPlugins/TRACE] [REI] [REIClientPlugin END] Reloading Section: "post-register/ClientREIPlugin of ClientREIPlugin [farmersdelight]/" done in 10.20 μs
[13:59:30] [REI-ReloadPlugins/TRACE] [REI] [REIClientPlugin END] Reloading Section: "post-register/ExpandedDelightREI of ExpandedDelightREI [expandeddelight]/"
[13:59:30] [REI-ReloadPlugins/TRACE] [REI] [REIClientPlugin END] Reloading Section: "post-register/ExpandedDelightREI of ExpandedDelightREI [expandeddelight]/" done in 7.100 μs
[13:59:30] [REI-ReloadPlugins/TRACE] [REI] [REIClientPlugin END] Reloading Section: "post-register/CreateAdditionREI of CreateAdditionREI [createaddition]/"
[13:59:30] [REI-ReloadPlugins/TRACE] [REI] [REIClientPlugin END] Reloading Section: "post-register/CreateAdditionREI of CreateAdditionREI [createaddition]/" done in 7.400 μs
[13:59:30] [REI-ReloadPlugins/TRACE] [REI] [REIClientPlugin END] Reloading Section: "post-register/NewAgeReiPlugin of NewAgeReiPlugin [create_new_age]/"
[13:59:30] [REI-ReloadPlugins/TRACE] [REI] [REIClientPlugin END] Reloading Section: "post-register/NewAgeReiPlugin of NewAgeReiPlugin [create_new_age]/" done in 7.200 μs
[13:59:30] [REI-ReloadPlugins/TRACE] [REI] [REIClientPlugin END] Reloading Section: "post-register/create:rei_plugin of create:rei_plugin [create]/"
[13:59:30] [REI-ReloadPlugins/TRACE] [REI] [REIClientPlugin END] Reloading Section: "post-register/create:rei_plugin of create:rei_plugin [create]/" done in 7.800 μs
[13:59:30] [REI-ReloadPlugins/TRACE] [REI] [REIClientPlugin END] Reloading Section: "post-register/ChiselREI of ChiselREI [chisel]/"
[13:59:30] [REI-ReloadPlugins/TRACE] [REI] [REIClientPlugin END] Reloading Section: "post-register/ChiselREI of ChiselREI [chisel]/" done in 7.800 μs
[13:59:30] [REI-ReloadPlugins/TRACE] [REI] [REIClientPlugin END] Reloading Section: "post-register/REITooltipPlugin of REITooltipPlugin [appleskin]/"
[13:59:30] [REI-ReloadPlugins/TRACE] [REI] [REIClientPlugin END] Reloading Section: "post-register/REITooltipPlugin of REITooltipPlugin [appleskin]/" done in 9.100 μs
[13:59:30] [REI-ReloadPlugins/TRACE] [REI] [REIClientPlugin END] Reloading Section: "post-register/AdAstraReiPlugin of AdAstraReiPlugin [ad_astra]/"
[13:59:30] [REI-ReloadPlugins/TRACE] [REI] [REIClientPlugin END] Reloading Section: "post-register/AdAstraReiPlugin of AdAstraReiPlugin [ad_astra]/" done in 7.200 μs
[13:59:30] [REI-ReloadPlugins/TRACE] [REI] [REIClientPlugin END] Reloading Section: "post-register/ReiRecipeAction of ReiRecipeAction [wthit]/"
[13:59:30] [REI-ReloadPlugins/TRACE] [REI] [REIClientPlugin END] Reloading Section: "post-register/ReiRecipeAction of ReiRecipeAction [wthit]/" done in 11.20 μs
[13:59:30] [REI-ReloadPlugins/TRACE] [REI] [REIClientPlugin END] Reloading Section: "post-register/" done in 1.259 ms
[13:59:30] [REI-ReloadPlugins/TRACE] [REI] [REIClientPlugin END] Reloading Section: "post-stage/"
[13:59:30] [REI-ReloadPlugins/TRACE] [REI] [REIClientPlugin END] Reloading Section: "post-stage/EntryRendererRegistryImpl/"
[13:59:30] [REI-ReloadPlugins/TRACE] [REI] [REIClientPlugin END] Reloading Section: "post-stage/EntryRendererRegistryImpl/" done in 11.90 μs
[13:59:30] [REI-ReloadPlugins/TRACE] [REI] [REIClientPlugin END] Reloading Section: "post-stage/ViewsImpl/"
[13:59:30] [REI-ReloadPlugins/TRACE] [REI] [REIClientPlugin END] Reloading Section: "post-stage/ViewsImpl/" done in 5.200 μs
[13:59:30] [REI-ReloadPlugins/TRACE] [REI] [REIClientPlugin END] Reloading Section: "post-stage/InputMethodRegistryImpl/"
[13:59:30] [REI-ReloadPlugins/TRACE] [REI] [REIClientPlugin END] Reloading Section: "post-stage/InputMethodRegistryImpl/" done in 5.000 μs
[13:59:30] [REI-ReloadPlugins/TRACE] [REI] [REIClientPlugin END] Reloading Section: "post-stage/SearchProviderImpl/"
[13:59:30] [REI-ReloadPlugins/TRACE] [REI] [REIClientPlugin END] Reloading Section: "post-stage/SearchProviderImpl/" done in 5.500 μs
[13:59:30] [REI-ReloadPlugins/TRACE] [REI] [REIClientPlugin END] Reloading Section: "post-stage/ConfigManagerImpl/"
[13:59:30] [REI-ReloadPlugins/TRACE] [REI] [REIClientPlugin END] Reloading Section: "post-stage/ConfigManagerImpl/" done in 4.700 μs
[13:59:30] [REI-ReloadPlugins/TRACE] [REI] [REIClientPlugin END] Reloading Section: "post-stage/EntryRegistryImpl/"
[13:59:30] [REI-ReloadPlugins/TRACE] [REI] [REIClientPlugin END] Reloading Section: "post-stage/EntryRegistryImpl/" done in 35.20 μs
[13:59:30] [REI-ReloadPlugins/TRACE] [REI] [REIClientPlugin END] Reloading Section: "post-stage/CollapsibleEntryRegistryImpl/"
[13:59:30] [REI-ReloadPlugins/TRACE] [REI] [REIClientPlugin END] Reloading Section: "post-stage/CollapsibleEntryRegistryImpl/" done in 6.300 μs
[13:59:30] [REI-ReloadPlugins/TRACE] [REI] [REIClientPlugin END] Reloading Section: "post-stage/BasicFilteringRuleImpl/"
[13:59:30] [REI-ReloadPlugins/TRACE] [REI] [REIClientPlugin END] Reloading Section: "post-stage/BasicFilteringRuleImpl/" done in 6.100 μs
[13:59:30] [REI-ReloadPlugins/TRACE] [REI] [REIClientPlugin END] Reloading Section: "post-stage/CategoryRegistryImpl/"
[13:59:30] [REI-ReloadPlugins/TRACE] [REI] [REIClientPlugin END] Reloading Section: "post-stage/CategoryRegistryImpl/" done in 6.100 μs
[13:59:30] [REI-ReloadPlugins/TRACE] [REI] [REIClientPlugin END] Reloading Section: "post-stage/DisplayRegistryImpl/"
[13:59:30] [REI-ReloadPlugins/TRACE] [REI] [REIClientPlugin END] Reloading Section: "post-stage/DisplayRegistryImpl/" done in 5.800 μs
[13:59:30] [REI-ReloadPlugins/TRACE] [REI] [REIClientPlugin END] Reloading Section: "post-stage/ScreenRegistryImpl/"
[13:59:30] [REI-ReloadPlugins/TRACE] [REI] [REIClientPlugin END] Reloading Section: "post-stage/ScreenRegistryImpl/" done in 5.600 μs
[13:59:30] [REI-ReloadPlugins/TRACE] [REI] [REIClientPlugin END] Reloading Section: "post-stage/FavoriteEntryTypeRegistryImpl/"
[13:59:30] [REI-ReloadPlugins/TRACE] [REI] [REIClientPlugin END] Reloading Section: "post-stage/FavoriteEntryTypeRegistryImpl/" done in 6.000 μs
[13:59:30] [REI-ReloadPlugins/TRACE] [REI] [REIClientPlugin END] Reloading Section: "post-stage/SubsetsRegistryImpl/"
[13:59:30] [REI-ReloadPlugins/TRACE] [REI] [REIClientPlugin END] Reloading Section: "post-stage/SubsetsRegistryImpl/" done in 5.900 μs
[13:59:30] [REI-ReloadPlugins/TRACE] [REI] [REIClientPlugin END] Reloading Section: "post-stage/TransferHandlerRegistryImpl/"
[13:59:30] [REI-ReloadPlugins/TRACE] [REI] [REIClientPlugin END] Reloading Section: "post-stage/TransferHandlerRegistryImpl/" done in 6.100 μs
[13:59:30] [REI-ReloadPlugins/TRACE] [REI] [REIClientPlugin END] Reloading Section: "post-stage/SearchRuntime/"
[13:59:30] [REI-ReloadPlugins/TRACE] [REI] [REIClientPlugin END] Reloading Section: "post-stage/SearchRuntime/" done in 7.800 μs
[13:59:30] [REI-ReloadPlugins/TRACE] [REI] [REIClientPlugin END] Reloading Section: "post-stage/REIRuntimeImpl/"
[13:59:30] [REI-ReloadPlugins/TRACE] [REI] [REIClientPlugin END] Reloading Section: "post-stage/REIRuntimeImpl/" done in 6.500 μs
[13:59:30] [REI-ReloadPlugins/TRACE] [REI] [REIClientPlugin END] Reloading Section: "post-stage/ConfigAddonRegistryImpl/"
[13:59:30] [REI-ReloadPlugins/TRACE] [REI] [REIClientPlugin END] Reloading Section: "post-stage/ConfigAddonRegistryImpl/" done in 5.900 μs
[13:59:30] [REI-ReloadPlugins/TRACE] [REI] [REIClientPlugin END] Reloading Section: "post-stage/me.shedaniel.rei.plugin.client.runtime.PluginStageExecutionWatcher$1/"
[13:59:30] [REI-ReloadPlugins/TRACE] [REI] [REIClientPlugin END] Reloading Section: "post-stage/me.shedaniel.rei.plugin.client.runtime.PluginStageExecutionWatcher$1/" done in 16.80 μs
[13:59:30] [REI-ReloadPlugins/TRACE] [REI] [REIClientPlugin END] Reloading Section: "post-stage/" done in 2.173 ms
[13:59:30] [REI-ReloadPlugins/DEBUG] [REI] ========================================
[13:59:30] [REI-ReloadPlugins/INFO] [REI] REIClientPlugin finished post-reload for END in 3.808 ms, totaling 5.135 s.
[13:59:30] [REI-ReloadPlugins/DEBUG] [REI] ========================================
[13:59:30] [REI-ReloadPlugins/DEBUG] [REI] ========================================
[13:59:30] [REI-ReloadPlugins/DEBUG] [REI] REIServerPlugin starting post-reload for END.
[13:59:30] [REI-ReloadPlugins/DEBUG] [REI] Reloadables (3):
[13:59:30] [REI-ReloadPlugins/DEBUG] [REI]  - MenuInfoRegistryImpl
[13:59:30] [REI-ReloadPlugins/DEBUG] [REI]  - SlotAccessorRegistryImpl
[13:59:30] [REI-ReloadPlugins/DEBUG] [REI]  - me.shedaniel.rei.plugin.client.runtime.PluginStageExecutionWatcher$1
[13:59:30] [REI-ReloadPlugins/DEBUG] [REI] Plugins (3):
[13:59:30] [REI-ReloadPlugins/DEBUG] [REI]  - (-100.00) DefaultPlugin of DefaultPlugin [roughlyenoughitems]
[13:59:30] [REI-ReloadPlugins/DEBUG] [REI]  - (0.00) FabricFluidAPISupportPlugin
[13:59:30] [REI-ReloadPlugins/DEBUG] [REI]  - (0.00) DefaultRuntimePlugin of DefaultRuntimePlugin [roughlyenoughitems]
[13:59:30] [REI-ReloadPlugins/DEBUG] [REI] ========================================
[13:59:30] [REI-ReloadPlugins/TRACE] [REI] [REIServerPlugin END] Reloading Section: "post-register/"
[13:59:30] [REI-ReloadPlugins/TRACE] [REI] [REIServerPlugin END] Reloading Section: "post-register/DefaultPlugin of DefaultPlugin [roughlyenoughitems]/"
[13:59:30] [REI-ReloadPlugins/TRACE] [REI] [REIServerPlugin END] Reloading Section: "post-register/DefaultPlugin of DefaultPlugin [roughlyenoughitems]/" done in 24.20 μs
[13:59:30] [REI-ReloadPlugins/TRACE] [REI] [REIServerPlugin END] Reloading Section: "post-register/FabricFluidAPISupportPlugin/"
[13:59:30] [REI-ReloadPlugins/TRACE] [REI] [REIServerPlugin END] Reloading Section: "post-register/FabricFluidAPISupportPlugin/" done in 9.100 μs
[13:59:30] [REI-ReloadPlugins/TRACE] [REI] [REIServerPlugin END] Reloading Section: "post-register/DefaultRuntimePlugin of DefaultRuntimePlugin [roughlyenoughitems]/"
[13:59:30] [REI-ReloadPlugins/TRACE] [REI] [REIServerPlugin END] Reloading Section: "post-register/DefaultRuntimePlugin of DefaultRuntimePlugin [roughlyenoughitems]/" done in 8.300 μs
[13:59:30] [REI-ReloadPlugins/TRACE] [REI] [REIServerPlugin END] Reloading Section: "post-register/" done in 332.4 μs
[13:59:30] [REI-ReloadPlugins/TRACE] [REI] [REIServerPlugin END] Reloading Section: "post-stage/"
[13:59:30] [REI-ReloadPlugins/TRACE] [REI] [REIServerPlugin END] Reloading Section: "post-stage/MenuInfoRegistryImpl/"
[13:59:30] [REI-ReloadPlugins/TRACE] [REI] [REIServerPlugin END] Reloading Section: "post-stage/MenuInfoRegistryImpl/" done in 11.00 μs
[13:59:30] [REI-ReloadPlugins/TRACE] [REI] [REIServerPlugin END] Reloading Section: "post-stage/SlotAccessorRegistryImpl/"
[13:59:30] [REI-ReloadPlugins/TRACE] [REI] [REIServerPlugin END] Reloading Section: "post-stage/SlotAccessorRegistryImpl/" done in 7.000 μs
[13:59:30] [REI-ReloadPlugins/TRACE] [REI] [REIServerPlugin END] Reloading Section: "post-stage/me.shedaniel.rei.plugin.client.runtime.PluginStageExecutionWatcher$1/"
[13:59:30] [REI-ReloadPlugins/TRACE] [REI] [REIServerPlugin END] Reloading Section: "post-stage/me.shedaniel.rei.plugin.client.runtime.PluginStageExecutionWatcher$1/" done in 12.50 μs
[13:59:30] [REI-ReloadPlugins/TRACE] [REI] [REIServerPlugin END] Reloading Section: "post-stage/" done in 306.7 μs
[13:59:30] [REI-ReloadPlugins/DEBUG] [REI] ========================================
[13:59:30] [REI-ReloadPlugins/INFO] [REI] REIServerPlugin finished post-reload for END in 805.7 μs, totaling 23.62 ms.
[13:59:30] [REI-ReloadPlugins/DEBUG] [REI] ========================================
[14:00:29] [Render thread/DEBUG] [REI] Created search filter with "" using Padrão
[14:00:29] [Render thread/DEBUG] [REI] Starting Search: "" with 5373 stacks, shouldAsync: true on Render thread
[14:00:29] [Render thread/DEBUG] [REI] Async Search: 14 partitions for ""
[14:00:29] [REI-AsyncSearchManager-0/TRACE] [REI] Search "" Used [Thread[REI-AsyncSearchManager-0,10,main]]: 18.20 ms
[14:00:29] [REI-AsyncSearchManager-0/TRACE] [REI] Search "" Used and Applied [Thread[REI-AsyncSearchManager-0,10,main]]: 38.90 ms
[14:00:44] [Render thread/TRACE] [REI] Built Recipe View in 587.3 ms for 0 categories, 0 recipes for, 1 usages for and 0 live recipe generators.
[14:00:44] [Render thread/DEBUG] [REI] Starting Search: "" with 5373 stacks, shouldAsync: true on Render thread
[14:00:44] [Render thread/DEBUG] [REI] Async Search: 14 partitions for ""
[14:00:44] [REI-AsyncSearchManager-1/TRACE] [REI] Search "" Used [Thread[REI-AsyncSearchManager-1,10,main]]: 1.697 ms
[14:00:44] [REI-AsyncSearchManager-1/TRACE] [REI] Search "" Used and Applied [Thread[REI-AsyncSearchManager-1,10,main]]: 17.94 ms
[14:00:46] [Render thread/DEBUG] [REI] Starting Search: "" with 5373 stacks, shouldAsync: true on Render thread
[14:00:46] [Render thread/DEBUG] [REI] Async Search: 14 partitions for ""
[14:00:46] [REI-AsyncSearchManager-1/TRACE] [REI] Search "" Used [Thread[REI-AsyncSearchManager-1,10,main]]: 1.129 ms
[14:00:46] [REI-AsyncSearchManager-1/TRACE] [REI] Search "" Used and Applied [Thread[REI-AsyncSearchManager-1,10,main]]: 5.033 ms
[14:02:37] [Render thread/TRACE] [REI] Built Recipe View in 23.89 ms for 0 categories, 1 recipes for, 0 usages for and 0 live recipe generators.
[14:02:37] [Render thread/DEBUG] [REI] Starting Search: "" with 5373 stacks, shouldAsync: true on Render thread
[14:02:37] [Render thread/DEBUG] [REI] Async Search: 14 partitions for ""
[14:02:37] [REI-AsyncSearchManager-2/TRACE] [REI] Search "" Used [Thread[REI-AsyncSearchManager-2,10,main]]: 1.474 ms
[14:02:37] [REI-AsyncSearchManager-2/TRACE] [REI] Search "" Used and Applied [Thread[REI-AsyncSearchManager-2,10,main]]: 5.192 ms
[14:02:45] [Render thread/DEBUG] [REI] Starting Search: "" with 5373 stacks, shouldAsync: true on Render thread
[14:02:45] [Render thread/DEBUG] [REI] Async Search: 14 partitions for ""
[14:02:45] [REI-AsyncSearchManager-0/TRACE] [REI] Search "" Used [Thread[REI-AsyncSearchManager-0,10,main]]: 988.8 μs
[14:02:45] [REI-AsyncSearchManager-0/TRACE] [REI] Search "" Used and Applied [Thread[REI-AsyncSearchManager-0,10,main]]: 2.697 ms
[14:03:27] [Render thread/DEBUG] [REI] Starting Search: "" with 5373 stacks, shouldAsync: true on Render thread
[14:03:27] [Render thread/DEBUG] [REI] Async Search: 14 partitions for ""
[14:03:27] [REI-AsyncSearchManager-3/TRACE] [REI] Search "" Used [Thread[REI-AsyncSearchManager-3,10,main]]: 1.034 ms
[14:03:27] [REI-AsyncSearchManager-3/TRACE] [REI] Search "" Used and Applied [Thread[REI-AsyncSearchManager-3,10,main]]: 2.990 ms
[14:03:31] [Render thread/DEBUG] [REI] Starting Search: "" with 5373 stacks, shouldAsync: true on Render thread
[14:03:31] [Render thread/DEBUG] [REI] Async Search: 14 partitions for ""
[14:03:31] [REI-AsyncSearchManager-2/TRACE] [REI] Search "" Used [Thread[REI-AsyncSearchManager-2,10,main]]: 1.328 ms
[14:03:31] [REI-AsyncSearchManager-2/TRACE] [REI] Search "" Used and Applied [Thread[REI-AsyncSearchManager-2,10,main]]: 3.992 ms
[14:03:49] [Render thread/TRACE] [REI] Built Recipe View in 9.945 ms for 0 categories, 1 recipes for, 0 usages for and 0 live recipe generators.
[14:03:49] [Render thread/DEBUG] [REI] Starting Search: "" with 5373 stacks, shouldAsync: true on Render thread
[14:03:49] [Render thread/DEBUG] [REI] Async Search: 14 partitions for ""
[14:03:49] [REI-AsyncSearchManager-2/TRACE] [REI] Search "" Used [Thread[REI-AsyncSearchManager-2,10,main]]: 1.234 ms
[14:03:49] [REI-AsyncSearchManager-2/TRACE] [REI] Search "" Used and Applied [Thread[REI-AsyncSearchManager-2,10,main]]: 2.733 ms
[14:03:51] [Render thread/DEBUG] [REI] Starting Search: "" with 5373 stacks, shouldAsync: true on Render thread
[14:03:51] [Render thread/DEBUG] [REI] Async Search: 14 partitions for ""
[14:03:51] [REI-AsyncSearchManager-3/TRACE] [REI] Search "" Used [Thread[REI-AsyncSearchManager-3,10,main]]: 825.4 μs
[14:03:51] [REI-AsyncSearchManager-3/TRACE] [REI] Search "" Used and Applied [Thread[REI-AsyncSearchManager-3,10,main]]: 2.372 ms
[14:03:55] [Render thread/TRACE] [REI] Built Recipe View in 9.020 ms for 0 categories, 1 recipes for, 0 usages for and 0 live recipe generators.
[14:03:55] [Render thread/DEBUG] [REI] Starting Search: "" with 5373 stacks, shouldAsync: true on Render thread
[14:03:55] [Render thread/DEBUG] [REI] Async Search: 14 partitions for ""
[14:03:55] [REI-AsyncSearchManager-0/TRACE] [REI] Search "" Used [Thread[REI-AsyncSearchManager-0,10,main]]: 769.5 μs
[14:03:55] [REI-AsyncSearchManager-0/TRACE] [REI] Search "" Used and Applied [Thread[REI-AsyncSearchManager-0,10,main]]: 2.563 ms
[14:03:56] [Render thread/DEBUG] [REI] Starting Search: "" with 5373 stacks, shouldAsync: true on Render thread
[14:03:56] [Render thread/DEBUG] [REI] Async Search: 14 partitions for ""
[14:03:56] [REI-AsyncSearchManager-2/TRACE] [REI] Search "" Used [Thread[REI-AsyncSearchManager-2,10,main]]: 911.4 μs
[14:03:56] [REI-AsyncSearchManager-2/TRACE] [REI] Search "" Used and Applied [Thread[REI-AsyncSearchManager-2,10,main]]: 2.450 ms
[14:05:35] [Render thread/DEBUG] [REI] Created search filter with "@" using Padrão
[14:05:35] [Render thread/DEBUG] [REI] Starting Search: "@" with 5373 stacks, shouldAsync: true on Render thread
[14:05:35] [Render thread/DEBUG] [REI] Async Search: 14 partitions for "@"
[14:05:35] [REI-AsyncSearchManager-0/DEBUG] [REI] Preparing collapsed entry groups cache with 7 entries and 5374 stacks
[14:05:35] [REI-AsyncSearchManager-0/DEBUG] [REI] Prepared collapsed entry groups cache with 7 entries and 5374 stacks
[14:05:35] [REI-AsyncSearchManager-3/TRACE] [REI] Search "@" Used [Thread[REI-AsyncSearchManager-3,10,main]]: 19.12 ms
[14:05:35] [REI-AsyncSearchManager-3/TRACE] [REI] Search "@" Used and Applied [Thread[REI-AsyncSearchManager-3,10,main]]: 21.85 ms
[14:05:35] [Render thread/DEBUG] [REI] Created search filter with "@c" using Padrão
[14:05:35] [Render thread/DEBUG] [REI] Starting Search: "@c" with 5373 stacks, shouldAsync: true on Render thread
[14:05:35] [Render thread/DEBUG] [REI] Async Search: 14 partitions for "@c"
[14:05:35] [REI-AsyncSearchManager-4/TRACE] [REI] Search "@c" Used [Thread[REI-AsyncSearchManager-4,10,main]]: 6.031 ms
[14:05:35] [REI-AsyncSearchManager-4/TRACE] [REI] Search "@c" Used and Applied [Thread[REI-AsyncSearchManager-4,10,main]]: 8.601 ms
[14:05:36] [Render thread/DEBUG] [REI] Created search filter with "@" using Padrão
[14:05:36] [Render thread/DEBUG] [REI] Starting Search: "@" with 5373 stacks, shouldAsync: true on Render thread
[14:05:36] [Render thread/DEBUG] [REI] Async Search: 14 partitions for "@"
[14:05:36] [REI-AsyncSearchManager-4/TRACE] [REI] Search "@" Used [Thread[REI-AsyncSearchManager-4,10,main]]: 1.471 ms
[14:05:36] [REI-AsyncSearchManager-4/TRACE] [REI] Search "@" Used and Applied [Thread[REI-AsyncSearchManager-4,10,main]]: 4.163 ms
[14:05:36] [Render thread/DEBUG] [REI] Created search filter with "@n" using Padrão
[14:05:36] [Render thread/DEBUG] [REI] Starting Search: "@n" with 5373 stacks, shouldAsync: true on Render thread
[14:05:36] [Render thread/DEBUG] [REI] Async Search: 14 partitions for "@n"
[14:05:36] [REI-AsyncSearchManager-3/TRACE] [REI] Search "@n" Used [Thread[REI-AsyncSearchManager-3,10,main]]: 5.935 ms
[14:05:36] [REI-AsyncSearchManager-3/TRACE] [REI] Search "@n" Used and Applied [Thread[REI-AsyncSearchManager-3,10,main]]: 7.758 ms
[14:05:36] [Render thread/DEBUG] [REI] Created search filter with "@nw" using Padrão
[14:05:36] [Render thread/DEBUG] [REI] Starting Search: "@nw" with 5373 stacks, shouldAsync: true on Render thread
[14:05:36] [Render thread/DEBUG] [REI] Async Search: 14 partitions for "@nw"
[14:05:36] [REI-AsyncSearchManager-4/TRACE] [REI] Search "@nw" Used [Thread[REI-AsyncSearchManager-4,10,main]]: 3.367 ms
[14:05:36] [REI-AsyncSearchManager-4/TRACE] [REI] Search "@nw" Used and Applied [Thread[REI-AsyncSearchManager-4,10,main]]: 3.499 ms
[14:05:36] [Render thread/DEBUG] [REI] Created search filter with "@nwe" using Padrão
[14:05:36] [Render thread/DEBUG] [REI] Starting Search: "@nwe" with 5373 stacks, shouldAsync: true on Render thread
[14:05:36] [Render thread/DEBUG] [REI] Async Search: 14 partitions for "@nwe"
[14:05:36] [REI-AsyncSearchManager-0/TRACE] [REI] Search "@nwe" Used [Thread[REI-AsyncSearchManager-0,10,main]]: 3.233 ms
[14:05:36] [REI-AsyncSearchManager-0/TRACE] [REI] Search "@nwe" Used and Applied [Thread[REI-AsyncSearchManager-0,10,main]]: 3.395 ms
[14:05:36] [Render thread/DEBUG] [REI] Created search filter with "@nw" using Padrão
[14:05:36] [Render thread/DEBUG] [REI] Starting Search: "@nw" with 5373 stacks, shouldAsync: true on Render thread
[14:05:36] [Render thread/DEBUG] [REI] Async Search: 14 partitions for "@nw"
[14:05:36] [REI-AsyncSearchManager-3/TRACE] [REI] Search "@nw" Used [Thread[REI-AsyncSearchManager-3,10,main]]: 1.685 ms
[14:05:36] [REI-AsyncSearchManager-3/TRACE] [REI] Search "@nw" Used and Applied [Thread[REI-AsyncSearchManager-3,10,main]]: 1.851 ms
[14:05:36] [Render thread/DEBUG] [REI] Created search filter with "@n" using Padrão
[14:05:36] [Render thread/DEBUG] [REI] Starting Search: "@n" with 5373 stacks, shouldAsync: true on Render thread
[14:05:36] [Render thread/DEBUG] [REI] Async Search: 14 partitions for "@n"
[14:05:36] [REI-AsyncSearchManager-0/TRACE] [REI] Search "@n" Used [Thread[REI-AsyncSearchManager-0,10,main]]: 1.481 ms
[14:05:36] [REI-AsyncSearchManager-0/TRACE] [REI] Search "@n" Used and Applied [Thread[REI-AsyncSearchManager-0,10,main]]: 2.958 ms
[14:05:37] [Render thread/DEBUG] [REI] Created search filter with "@ne" using Padrão
[14:05:37] [Render thread/DEBUG] [REI] Starting Search: "@ne" with 5373 stacks, shouldAsync: true on Render thread
[14:05:37] [Render thread/DEBUG] [REI] Async Search: 14 partitions for "@ne"
[14:05:37] [REI-AsyncSearchManager-3/TRACE] [REI] Search "@ne" Used [Thread[REI-AsyncSearchManager-3,10,main]]: 1.098 ms
[14:05:37] [REI-AsyncSearchManager-3/TRACE] [REI] Search "@ne" Used and Applied [Thread[REI-AsyncSearchManager-3,10,main]]: 1.793 ms
[14:05:37] [Render thread/DEBUG] [REI] Created search filter with "@new" using Padrão
[14:05:37] [Render thread/DEBUG] [REI] Starting Search: "@new" with 5373 stacks, shouldAsync: true on Render thread
[14:05:37] [Render thread/DEBUG] [REI] Async Search: 14 partitions for "@new"
[14:05:37] [REI-AsyncSearchManager-3/TRACE] [REI] Search "@new" Used [Thread[REI-AsyncSearchManager-3,10,main]]: 1.168 ms
[14:05:37] [REI-AsyncSearchManager-3/TRACE] [REI] Search "@new" Used and Applied [Thread[REI-AsyncSearchManager-3,10,main]]: 1.319 ms
